agency_id,vehicle_id,license_plate,make,model,owner,propulsion,emission_class,registration_date,capacity_seated,capacity_standing,passenger_counting,wheelchair_accessible,bikes_allowed,contactless
41,300,AC-45-FH,CaetanoBus,e.City Gold,SCOTTURB,6,0,20141110,29,28,0,1,1,0
41,306,27-PE-51,Mercedes-Benz,OC 500 LE,VIMECA,2,0,20141110,37,52,0,1,1,0
41,308,84-PF-69,Mercedes-Benz,OC 500 LE,VIMECA,2,0,20141110,37,52,0,1,1,0
41,311,84-PF-76,Mercedes-Benz,OC 500 LE,VIMECA,2,0,20111006,37,52,0,1,1,0
41,312,76-PJ-46,Mercedes-Benz,OC 500 LE,VIMECA,2,0,20141110,37,52,0,1,1,0
41,313,76-PJ-47,Mercedes-Benz,OC 500 LE,VIMECA,2,0,20150102,37,52,0,1,1,0
41,314,76-PJ-48,Mercedes-Benz,OC 500 LE,VIMECA,2,0,20150102,37,52,0,1,1,0
41,315,76-PJ-49,Mercedes-Benz,OC 500 LE,VIMECA,2,0,20150102,37,52,0,1,1,0
41,316,76-PJ-50,Mercedes-Benz,OC 500 LE,VIMECA,2,0,20150102,37,52,0,1,1,0
41,317,76-PJ-51,Mercedes-Benz,OC 500 LE,VIMECA,2,0,20150102,37,52,0,1,1,0
41,318,76-PJ-52,Mercedes-Benz,OC 500 LE,VIMECA,2,0,20150102,37,52,0,1,1,0
41,319,76-PJ-53,Mercedes-Benz,OC 500 LE,VIMECA,2,0,20150102,37,52,0,1,1,0
41,320,76-PJ-54,Mercedes-Benz,OC 500 LE,VIMECA,2,0,20150102,37,52,0,1,1,0
41,321,76-PJ-55,Mercedes-Benz,OC 500 LE,VIMECA,2,0,20150102,37,52,0,1,1,0
41,323,76-PJ-57,Mercedes-Benz,OC 500 LE,VIMECA,2,0,20150102,37,52,0,1,1,0
41,324,87-PL-87,Mercedes-Benz,OC 500 LE,VIMECA,2,0,20150102,37,52,0,1,1,0
41,325,87-PL-88,Mercedes-Benz,OC 500 LE,VIMECA,2,0,20150122,37,52,0,1,1,0
41,326,87-PL-89,Mercedes-Benz,OC 500 LE,VIMECA,2,0,20150122,37,52,0,1,1,0
41,327,87-PL-90,Mercedes-Benz,OC 500 LE,VIMECA,2,0,20150122,37,52,0,1,1,0
41,328,87-PL-92,Mercedes-Benz,OC 500 LE,VIMECA,2,0,20171221,37,52,0,1,1,0
41,330,87-PL-91,Mercedes-Benz,OC 500 LE,VIMECA,2,0,20180627,37,52,0,1,1,0
41,331,07-PN-08,Mercedes-Benz,OC 500 LE,VIMECA,2,0,20150122,37,52,0,1,1,0
41,332,07-PN-09,Mercedes-Benz,OC 500 LE,VIMECA,2,0,20150205,37,52,0,1,1,0
41,333,07-PN-10,Mercedes-Benz,OC 500 LE,VIMECA,2,0,20150205,37,52,0,1,1,0
41,334,07-PN-11,Mercedes-Benz,OC 500 LE,VIMECA,2,0,20150205,37,52,0,1,1,0
41,335,07-PN-07,Mercedes-Benz,OC 500 LE,VIMECA,2,0,20150205,37,52,0,1,1,0
41,540,21-QG-38,MAN,14.250 HOCL-NL E6,SCOTTURB,2,0,20150917,29,22,0,0,0,0
41,541,21-QG-39,MAN,14.250 HOCL-NL E6,SCOTTURB,2,0,20150917,29,22,0,0,0,0
41,542,21-QG-40,MAN,14.250 HOCL-NL E6,SCOTTURB,2,0,20150917,29,22,0,0,0,0
41,543,16-ZH-88,MAN,19.250 HOCL-NL E6,SCOTTURB,2,0,20191004,33,36,0,0,0,0
41,544,16-ZH-90,MAN,19.250 HOCL-NL E6,SCOTTURB,2,0,20191004,33,36,0,0,0,0
41,545,16-ZH-92,MAN,19.250 HOCL-NL E6,SCOTTURB,2,0,20191004,33,36,0,0,0,0
41,722,57-UA-42,Mercedes-Benz,OC 500 LE,SCOTTURB,2,0,20171228,37,52,0,1,1,0
41,723,57-UA-43,Mercedes-Benz,OC 500 LE,SCOTTURB,2,0,20171228,37,52,0,1,1,0
41,724,57-UA-44,Mercedes-Benz,OC 500 LE,SCOTTURB,2,0,20171221,37,52,0,1,1,0
41,725,57-UA-45,Mercedes-Benz,OC 500 LE,SCOTTURB,2,0,20171221,37,52,0,1,1,0
41,726,07-UB-41,Mercedes-Benz,OC 500 LE,SCOTTURB,2,0,20150122,37,52,0,1,1,0
41,727,07-UB-42,Mercedes-Benz,OC 500 LE,SCOTTURB,2,0,20171228,37,52,0,1,1,0
41,728,07-UB-43,Mercedes-Benz,OC 500 LE,SCOTTURB,2,0,20171228,37,52,0,1,1,0
41,729,07-UB-44,Mercedes-Benz,OC 500 LE,SCOTTURB,2,0,20171228,37,52,0,1,1,0
41,733,16-UJ-33,Mercedes-Benz,519 CDI,SCOTTURB,2,0,20180322,16,10,0,1,0,0
41,735,14-UX-33,Mercedes-Benz,519 CDI,SCOTTURB,2,0,20171228,16,10,0,1,1,0
41,736,50-VA-84,Mercedes-Benz,519 CDI,SCOTTURB,2,0,20180611,16,10,0,1,1,0
41,737,50-VA-66,Mercedes-Benz,519 CDI,SCOTTURB,2,0,20150122,16,10,0,1,1,0
41,738,51-VA-69,Mercedes-Benz,519 CDI,SCOTTURB,2,0,20150205,16,10,0,1,1,0
41,739,49-VA-65,Mercedes-Benz,519 CDI,SCOTTURB,2,0,20180627,16,10,0,1,1,0
41,745,11-ZT-48,Mercedes-Benz,519 CDI,SCOTTURB,2,0,20180627,16,10,0,1,1,0
41,746,94-ZT-75,Mercedes-Benz,519 CDI,SCOTTURB,2,0,20200121,16,10,0,1,1,0
41,747,79-ZV-36,Mercedes-Benz,519 CDI,SCOTTURB,2,0,20200129,16,10,0,1,1,0
41,749,AA-40-FL,Mercedes-Benz,519 CDI,SCOTTURB,2,0,20200311,16,10,0,1,1,0
41,765,58-VS-28,Mercedes-Benz,CONECTO,SCOTTURB,2,0,20200311,30,56,0,1,1,0
41,766,42-VT-56,Mercedes-Benz,CONECTO,SCOTTURB,2,0,20190325,30,56,0,1,1,0
41,767,42-VT-58,Mercedes-Benz,CONECTO,SCOTTURB,2,0,20181212,30,56,0,1,1,0
41,814,79-XF-62,Mercedes-Benz,CITARO K,SCOTTURB,2,0,20190319,30,55,0,0,0,0
41,815,79-XF-63,Mercedes-Benz,CITARO K,SCOTTURB,2,0,20190319,30,55,0,0,0,0
41,816,79-XF-64,Mercedes-Benz,CITARO K,SCOTTURB,2,0,20190319,30,55,0,0,0,0
41,817,79-XF-65,Mercedes-Benz,CITARO K,SCOTTURB,2,0,20181203,30,55,0,1,1,0
41,818,79-XF-66,Mercedes-Benz,CITARO K,SCOTTURB,2,0,20190319,30,55,0,1,1,0
41,819,59-XG-85,Mercedes-Benz,CITARO K,SCOTTURB,2,0,20190319,30,55,0,1,1,0
41,810,06-XF-97,Mercedes-Benz,CITARO K,SCOTTURB,2,0,20190313,30,55,0,1,1,0
41,813,79-XF-61,Mercedes-Benz,CITARO K,SCOTTURB,2,0,20190319,30,55,0,1,1,0
41,812,79-XF-60,Mercedes-Benz,CITARO K,SCOTTURB,2,0,20190319,30,55,0,1,1,0
41,821,49-ZI-05,Mercedes-Benz,CITARO HYBRID,SCOTTURB,7,0,20220418,30,55,0,1,1,0
41,822,49-ZI-06,Mercedes-Benz,CITARO HYBRID,SCOTTURB,7,0,20220418,30,55,0,1,1,0
41,823,49-ZI-07,Mercedes-Benz,CITARO HYBRID,SCOTTURB,7,0,20220418,30,55,0,1,1,0
41,1100,AL-23-VT,Mercedes-Benz,CONECTO,ALVORADA,2,0,20181212,29,82,0,1,1,1
41,1101,AL-92-VS,Mercedes-Benz,CONECTO,ALVORADA,2,0,20211215,29,82,0,1,1,1
41,1102,AL-60-VT,Mercedes-Benz,CONECTO,ALVORADA,2,0,20211215,29,82,0,1,1,0
41,1103,AL-80-VS,Mercedes-Benz,CONECTO,ALVORADA,2,0,20211215,29,82,0,1,1,0
41,1104,AL-06-VT,Mercedes-Benz,CONECTO,ALVORADA,2,0,20211215,29,82,0,1,1,1
41,1105,AL-27-VT,Mercedes-Benz,CONECTO,ALVORADA,2,0,20211215,29,82,0,1,1,1
41,1106,AL-35-VT,Mercedes-Benz,CONECTO,ALVORADA,2,0,20211215,29,82,0,1,1,1
41,1107,AL-34-VT,Mercedes-Benz,CONECTO,ALVORADA,2,0,20211215,29,82,0,1,1,1
41,1108,AL-46-VT,Mercedes-Benz,CONECTO,ALVORADA,2,0,20211215,29,82,0,1,1,1
41,1109,AL-11-VT,Mercedes-Benz,CONECTO,ALVORADA,2,0,20211215,29,82,0,1,1,1
41,1110,AL-99-VS,Mercedes-Benz,CONECTO,ALVORADA,2,0,20211215,29,82,0,1,1,1
41,1111,AL-88-VS,Mercedes-Benz,CONECTO,ALVORADA,2,0,20211215,29,82,0,1,1,0
41,1112,AL-71-VT,Mercedes-Benz,CONECTO,ALVORADA,2,0,20211215,29,82,0,1,1,1
41,1113,AL-86-VS,Mercedes-Benz,CONECTO,ALVORADA,2,0,20211215,29,82,0,1,1,1
41,1114,AL-54-VT,Mercedes-Benz,CONECTO,ALVORADA,2,0,20211215,29,82,0,1,1,0
41,1115,AL-19-VT,Mercedes-Benz,CONECTO,ALVORADA,2,0,20211215,29,82,0,1,1,1
41,1116,AL-38-VT,Mercedes-Benz,CONECTO,ALVORADA,2,0,20211215,29,82,0,1,1,0
41,1117,AL-39-VT,Mercedes-Benz,CONECTO,ALVORADA,2,0,20211215,29,82,0,1,1,0
41,1118,AL-36-VT,Mercedes-Benz,CONECTO,ALVORADA,2,0,20211215,29,82,0,1,1,0
41,1119,AL-21-VT,Mercedes-Benz,CONECTO,ALVORADA,2,0,20211215,29,82,0,1,1,0
41,1120,AL-56-VT,Mercedes-Benz,CONECTO,ALVORADA,2,0,20211215,29,82,0,1,1,0
41,1121,AL-58-VT,Mercedes-Benz,CONECTO,ALVORADA,2,0,20211215,29,82,0,1,1,0
41,1122,AL-20-VT,Mercedes-Benz,CONECTO,ALVORADA,2,0,20211215,29,82,0,1,1,0
41,1123,AL-91-VS,Mercedes-Benz,CONECTO,ALVORADA,2,0,20211215,29,82,0,1,1,0
41,1124,AL-76-VT,Mercedes-Benz,CONECTO,ALVORADA,2,0,20211215,29,82,0,1,1,0
41,1125,AL-47-VT,Mercedes-Benz,CONECTO,ALVORADA,2,0,20211215,29,82,0,1,1,0
41,1126,AL-82-VS,Mercedes-Benz,CONECTO,ALVORADA,2,0,20211215,29,82,0,1,1,0
41,1127,AL-15-VT,Mercedes-Benz,CONECTO,ALVORADA,2,0,20211215,29,82,0,1,1,0
41,1128,AL-53-VT,Mercedes-Benz,CONECTO,ALVORADA,2,0,20211215,29,82,0,1,1,0
41,1129,AL-04-VT,Mercedes-Benz,CONECTO,ALVORADA,2,0,20211215,29,82,0,1,1,0
41,1130,AL-78-VS,Mercedes-Benz,CONECTO,ALVORADA,2,0,20211215,29,82,0,1,1,0
41,1131,AL-90-VS,Mercedes-Benz,CONECTO,ALVORADA,2,0,20211215,29,82,0,1,1,0
41,1132,AL-42-VT,Mercedes-Benz,CONECTO,ALVORADA,2,0,20211215,29,82,0,1,1,0
41,1133,AL-30-VT,Mercedes-Benz,CONECTO,ALVORADA,2,0,20230101,29,82,0,1,1,0
41,1134,AL-68-VT,Mercedes-Benz,CONECTO,ALVORADA,2,0,20211215,29,82,0,1,1,0
41,1135,AQ-78-DS,Mercedes-Benz,CONECTO,ALVORADA,2,0,20211215,29,82,0,1,1,0
41,1136,AQ-82-DS,Mercedes-Benz,CONECTO,ALVORADA,2,0,20220405,29,82,0,1,1,0
41,1137,AQ-84-DS,Mercedes-Benz,CONECTO,ALVORADA,2,0,20220405,29,82,0,1,1,0
41,1138,AQ-85-DS,Mercedes-Benz,CONECTO,ALVORADA,2,0,20220405,29,82,0,1,1,0
41,1139,AQ-20-FI,Mercedes-Benz,CONECTO,ALVORADA,2,0,20220405,29,82,0,1,1,0
41,1140,AQ-24-ME,Mercedes-Benz,CONECTO,ALVORADA,2,0,20220519,29,82,0,1,1,0
41,1141,AQ-25-ME,Mercedes-Benz,CONECTO,ALVORADA,2,0,20220426,29,82,0,1,1,0
41,1142,AQ-26-ME,Mercedes-Benz,CONECTO,ALVORADA,2,0,20220426,29,82,0,1,1,0
41,1143,AQ-55-QI,Mercedes-Benz,CONECTO,ALVORADA,2,0,20220426,29,82,0,1,1,0
41,1144,AQ-57-QI,Mercedes-Benz,CONECTO,ALVORADA,2,0,20220503,29,82,0,1,1,0
41,1145,AQ-62-QI,Mercedes-Benz,CONECTO,ALVORADA,2,0,20220503,29,82,0,1,1,0
41,1146,AQ-59-QI,Mercedes-Benz,CONECTO,ALVORADA,2,0,20220503,29,82,0,1,1,0
41,1147,AQ-53-QI,Mercedes-Benz,CONECTO,ALVORADA,2,0,20220503,29,82,0,1,1,0
41,1148,AQ-67-QI,Mercedes-Benz,CONECTO,ALVORADA,2,0,20220503,29,82,0,1,1,0
41,1149,AQ-52-QI,Mercedes-Benz,CONECTO,ALVORADA,2,0,20220503,29,82,0,1,1,0
41,1150,AQ-65-QI,Mercedes-Benz,CONECTO,ALVORADA,2,0,20220503,29,82,0,1,1,0
41,1151,AQ-63-QI,Mercedes-Benz,CONECTO,ALVORADA,2,0,20220503,29,82,0,1,1,0
41,1152,AQ-56-QI,Mercedes-Benz,CONECTO,ALVORADA,2,0,20220503,29,82,0,1,1,0
41,1153,AR-77-AG,Mercedes-Benz,CONECTO,ALVORADA,2,0,20230101,29,82,0,1,1,0
41,1154,AR-79-AG,Mercedes-Benz,CONECTO,ALVORADA,2,0,20230101,29,82,0,1,1,0
41,1155,AR-88-AG,Mercedes-Benz,CONECTO,ALVORADA,2,0,20230101,29,82,0,1,1,0
41,1156,AR-96-AG,Mercedes-Benz,CONECTO,ALVORADA,2,0,20230101,29,82,0,1,1,0
41,1157,AR-76-DZ,Mercedes-Benz,CONECTO,ALVORADA,2,0,20230101,29,82,0,1,1,0
41,1158,AR-86-AG,Mercedes-Benz,CONECTO,ALVORADA,2,0,20230101,29,82,0,1,1,0
41,1159,AR-73-DA,Mercedes-Benz,CONECTO,ALVORADA,2,0,20230101,29,82,0,1,1,0
41,1161,AR-99-PG,Mercedes-Benz,CONECTO,ALVORADA,2,0,20230101,29,82,0,1,1,0
41,1162,AR-74-DZ,Mercedes-Benz,CONECTO,ALVORADA,2,0,20230101,29,82,0,1,1,0
41,1163,AR-69-LX,Mercedes-Benz,CONECTO,ALVORADA,2,0,20230101,29,82,0,1,1,0
41,1164,AR-68-EV,Mercedes-Benz,CONECTO,ALVORADA,2,0,20230101,29,82,0,1,1,0
41,1165,AR-71-DA,Mercedes-Benz,CONECTO,ALVORADA,2,0,20230101,29,82,0,1,1,0
41,1166,AR-72-EV,Mercedes-Benz,CONECTO,ALVORADA,2,0,20230101,29,82,0,1,1,0
41,1167,AR-84-DA,Mercedes-Benz,CONECTO,ALVORADA,2,0,20230101,29,82,0,1,1,0
41,1168,AR-92-AG,Mercedes-Benz,CONECTO,ALVORADA,2,0,20230101,29,82,0,1,1,0
41,1169,AR-62-EV,Mercedes-Benz,CONECTO,ALVORADA,2,0,20230101,29,82,0,1,1,0
41,1170,AR-67-EV,Mercedes-Benz,CONECTO,ALVORADA,2,0,20230101,29,82,0,1,1,0
41,1171,AR-71-EV,Mercedes-Benz,CONECTO,ALVORADA,2,0,20230101,29,82,0,1,1,0
41,1172,AR-73-EV,Mercedes-Benz,CONECTO,ALVORADA,2,0,20230101,29,82,0,1,1,0
41,1173,AR-75-EV,Mercedes-Benz,CONECTO,ALVORADA,2,0,20230101,29,82,0,1,1,0
41,1174,AR-81-EV,Mercedes-Benz,CONECTO,ALVORADA,2,0,20230101,29,82,0,1,1,0
41,1175,AR-71-DZ,Mercedes-Benz,CONECTO,ALVORADA,2,0,20230101,29,82,0,1,1,0
41,1176,AR-32-GI,Mercedes-Benz,CONECTO,ALVORADA,2,0,20230101,29,82,0,1,1,0
41,1177,AR-33-GI,Mercedes-Benz,CONECTO,ALVORADA,2,0,20230101,29,82,0,1,1,0
41,1178,AR-63-EV,Mercedes-Benz,CONECTO,ALVORADA,2,0,20230101,29,82,0,1,1,0
41,1179,AR-75-DZ,Mercedes-Benz,CONECTO,ALVORADA,2,0,20230101,29,82,0,1,1,0
41,1180,AR-79-EV,Mercedes-Benz,CONECTO,ALVORADA,2,0,20230101,29,82,0,1,1,0
41,1181,AR-72-DA,Mercedes-Benz,CONECTO,ALVORADA,2,0,20230101,29,82,0,1,1,0
41,1182,AR-79-DA,Mercedes-Benz,CONECTO,ALVORADA,2,0,20230101,29,82,0,1,1,0
41,1183,AR-83-DA,Mercedes-Benz,CONECTO,ALVORADA,2,0,20230101,29,82,0,1,1,0
41,1184,AR-40-GI,Mercedes-Benz,CONECTO,ALVORADA,2,0,20230101,29,82,0,1,1,0
41,1185,AR-49-GI,Mercedes-Benz,CONECTO,ALVORADA,2,0,20230101,29,82,0,1,1,0
41,1186,AR-45-GI,Mercedes-Benz,CONECTO,ALVORADA,2,0,20230101,29,82,0,1,1,0
41,1187,AR-29-GI,Mercedes-Benz,CONECTO,ALVORADA,2,0,20230101,29,82,0,1,1,0
41,1188,AR-31-GI,Mercedes-Benz,CONECTO,ALVORADA,2,0,20230101,29,82,0,1,1,0
41,1189,AR-61-EV,Mercedes-Benz,CONECTO,ALVORADA,2,0,20230101,29,82,0,1,1,0
41,1190,AR-65-EV,Mercedes-Benz,CONECTO,ALVORADA,2,0,20230101,29,82,0,1,1,0
41,1191,AR-72-DZ,Mercedes-Benz,CONECTO,ALVORADA,2,0,20230101,29,82,0,1,1,0
41,1192,AR-78-DA,Mercedes-Benz,CONECTO,ALVORADA,2,0,20230101,29,82,0,1,1,0
41,1193,AR-41-GI,Mercedes-Benz,CONECTO,ALVORADA,2,0,20230101,29,82,0,1,1,0
41,1194,AR-43-GI,Mercedes-Benz,CONECTO,ALVORADA,2,0,20230101,29,82,0,1,1,0
41,1195,AR-46-GI,Mercedes-Benz,CONECTO,ALVORADA,2,0,20230101,29,82,0,1,1,0
41,1196,AR-74-EV,Mercedes-Benz,CONECTO,ALVORADA,2,0,20230101,29,82,0,1,1,0
41,1197,AR-93-AG,Mercedes-Benz,CONECTO,ALVORADA,2,0,20230101,29,82,0,1,1,0
41,1198,AR-44-GI,Mercedes-Benz,CONECTO,ALVORADA,2,0,20230101,29,82,0,1,1,0
41,1199,AR-82-EV,Mercedes-Benz,CONECTO,ALVORADA,2,0,20230101,29,82,0,1,1,0
41,1200,AR-95-GV,Mercedes-Benz,CONECTO,ALVORADA,2,0,20230101,29,82,0,1,1,0
41,1201,AR-78-EV,Mercedes-Benz,CONECTO,ALVORADA,2,0,20230101,29,82,0,1,1,1
41,1202,AR-52-GI,Mercedes-Benz,CONECTO,ALVORADA,2,0,20230101,29,82,0,1,1,0
41,1203,AR-09-GX,Mercedes-Benz,CONECTO,ALVORADA,2,0,20230101,29,82,0,1,1,0
41,1204,AR-59-EV,Mercedes-Benz,CONECTO,ALVORADA,2,0,20230101,29,82,0,1,1,0
41,1205,AR-03-GX,Mercedes-Benz,CONECTO,ALVORADA,2,0,20230101,29,82,0,1,1,0
41,1206,AR-35-GI,Mercedes-Benz,CONECTO,ALVORADA,2,0,20230101,29,82,0,1,1,0
41,1207,AR-37-GI,Mercedes-Benz,CONECTO,ALVORADA,2,0,20230101,29,82,0,1,1,0
41,1208,AR-39-GI,Mercedes-Benz,CONECTO,ALVORADA,2,0,20230101,29,82,0,1,1,0
41,1209,AR-47-GI,Mercedes-Benz,CONECTO,ALVORADA,2,0,20230101,29,82,0,1,1,0
41,1210,AR-70-LX,Mercedes-Benz,CONECTO,ALVORADA,2,0,20230101,29,82,0,1,1,1
41,1211,AR-57-LX,Mercedes-Benz,CONECTO,ALVORADA,2,0,20230101,29,82,0,1,1,1
41,1212,AR-60-LX,Mercedes-Benz,CONECTO,ALVORADA,2,0,20230101,29,82,0,1,1,1
41,1213,AR-62-LX,Mercedes-Benz,CONECTO,ALVORADA,2,0,20230101,29,82,0,1,1,1
41,1214,AR-63-LX,Mercedes-Benz,CONECTO,ALVORADA,2,0,20230101,29,82,0,1,1,1
41,1215,AR-73-LX,Mercedes-Benz,CONECTO,ALVORADA,2,0,20230101,29,82,0,1,1,1
41,1216,AR-79-LX,Mercedes-Benz,CONECTO,ALVORADA,2,0,20230101,29,82,0,1,1,1
41,1217,AR-80-LX,Mercedes-Benz,CONECTO,ALVORADA,2,0,20230101,29,82,0,1,1,0
41,1218,AR-81-LX,Mercedes-Benz,CONECTO,ALVORADA,2,0,20230101,29,82,0,1,1,1
41,1219,AR-88-LX,Mercedes-Benz,CONECTO,ALVORADA,2,0,20230101,29,82,0,1,1,1
41,1220,AR-90-LX,Mercedes-Benz,CONECTO,ALVORADA,2,0,20230101,29,82,0,1,1,1
41,1221,AR-06-PH,Mercedes-Benz,CONECTO,ALVORADA,2,0,20230101,29,82,0,1,1,0
41,1222,AR-08-PH,Mercedes-Benz,CONECTO,ALVORADA,2,0,20230101,29,82,0,1,1,1
41,1223,AR-68-NL,Mercedes-Benz,CONECTO,ALVORADA,2,0,20230101,29,82,0,1,1,1
41,1224,AR-72-NL,Mercedes-Benz,CONECTO,ALVORADA,2,0,20230101,29,82,0,1,1,1
41,1225,AR-98-PG,Mercedes-Benz,CONECTO,ALVORADA,2,0,20230101,29,82,0,1,1,1
41,1226,AR-36-GI,Mercedes-Benz,CONECTO,ALVORADA,2,0,20230101,29,82,0,1,1,1
41,1227,AR-60-RA,Mercedes-Benz,CONECTO,ALVORADA,2,0,20230101,29,82,0,1,1,0
41,1228,AR-97-PG,Mercedes-Benz,CONECTO,ALVORADA,2,0,20230101,29,82,0,1,1,1
41,1229,AR-61-RA,Mercedes-Benz,CONECTO,ALVORADA,2,0,20230101,29,82,0,1,1,1
41,1230,AR-62-RA,Mercedes-Benz,CONECTO,ALVORADA,2,0,20230101,29,82,0,1,1,1
41,1231,AR-63-RA,Mercedes-Benz,CONECTO,ALVORADA,2,0,20230101,29,82,0,1,1,1
41,1232,AR-69-RA,Mercedes-Benz,CONECTO,ALVORADA,2,0,20230101,29,82,0,1,1,1
41,1233,AR-72-RA,Mercedes-Benz,CONECTO,ALVORADA,2,0,20230101,29,82,0,1,1,0
41,1234,AR-50-TF,Mercedes-Benz,CONECTO,ALVORADA,2,0,20230101,29,82,0,1,1,1
41,1235,AR-57-TF,Mercedes-Benz,CONECTO,ALVORADA,2,0,20230101,29,82,0,1,1,1
41,1236,AR-67-NL,Mercedes-Benz,CONECTO,ALVORADA,2,0,20230101,29,82,0,1,1,1
41,1237,AR-05-PH,Mercedes-Benz,CONECTO,ALVORADA,2,0,20230101,29,82,0,1,1,1
41,1238,AR-73-NL,Mercedes-Benz,CONECTO,ALVORADA,2,0,20230101,29,82,0,1,1,1
41,1239,AR-74-RA,Mercedes-Benz,CONECTO,ALVORADA,2,0,20230101,29,82,0,1,1,0
41,1240,AR-01-PH,Mercedes-Benz,CONECTO,ALVORADA,2,0,20230101,29,82,0,1,1,0
41,1241,AR-02-PH,Mercedes-Benz,CONECTO,ALVORADA,2,0,20230101,29,82,0,1,1,0
41,1242,AR-46-TF,Mercedes-Benz,CONECTO,ALVORADA,2,0,20230101,29,82,0,1,1,0
41,1243,AR-07-PH,Mercedes-Benz,CONECTO,ALVORADA,2,0,20230101,29,82,0,1,1,0
41,1244,AR-43-TF,Mercedes-Benz,CONECTO,ALVORADA,2,0,20230101,29,82,0,1,1,0
41,1245,AR-56-TF,Mercedes-Benz,CONECTO,ALVORADA,2,0,20230101,29,82,0,1,1,0
41,1246,AR-68-RA,Mercedes-Benz,CONECTO,ALVORADA,2,0,20230101,29,82,0,1,1,0
41,1247,AR-71-RA,Mercedes-Benz,CONECTO,ALVORADA,2,0,20230101,29,82,0,1,1,0
41,1248,AR-84-LX,Mercedes-Benz,CONECTO,ALVORADA,2,0,20230101,29,82,0,1,1,0
41,1249,AR-11-PH,Mercedes-Benz,CONECTO,ALVORADA,2,0,20230101,29,82,0,1,1,0
41,1250,AR-45-TF,Mercedes-Benz,CONECTO,ALVORADA,2,0,20230101,29,82,0,1,1,0
41,1251,AR-67-RA,Mercedes-Benz,CONECTO,ALVORADA,2,0,20230101,29,82,0,1,1,0
41,1252,AR-75-RA,Mercedes-Benz,CONECTO,ALVORADA,2,0,20230101,29,82,0,1,1,0
41,1253,AR-42-UI,Mercedes-Benz,CONECTO,ALVORADA,2,0,20230101,29,82,0,1,1,0
41,1254,AR-51-TF,Mercedes-Benz,CONECTO,ALVORADA,2,0,20230101,29,82,0,1,1,0
41,1255,AR-70-RA,Mercedes-Benz,CONECTO,ALVORADA,2,0,20230101,29,82,0,1,1,0
41,1256,AR-41-UI,Mercedes-Benz,CONECTO,ALVORADA,2,0,20220503,29,82,0,1,1,0
41,1257,AR-42-TF,Mercedes-Benz,CONECTO,ALVORADA,2,0,20220630,29,82,0,1,1,0
41,1258,AR-52-TF,Mercedes-Benz,CONECTO,ALVORADA,2,0,20220629,29,82,0,1,1,0
41,1259,AR-54-TF,Mercedes-Benz,CONECTO,ALVORADA,2,0,20220629,29,82,0,1,1,0
41,1260,AR-68-XT,Mercedes-Benz,CONECTO,ALVORADA,2,0,20220629,29,82,0,1,1,0
41,1261,AR-73-RA,Mercedes-Benz,CONECTO,ALVORADA,2,0,20220706,29,82,0,1,1,0
41,1262,AR-77-XT,Mercedes-Benz,CONECTO,ALVORADA,2,0,20220627,29,82,0,1,1,0
41,1263,AR-69-XT,Mercedes-Benz,CONECTO,ALVORADA,2,0,20220706,29,82,0,1,1,0
41,1264,AR-78-XT,Mercedes-Benz,CONECTO,ALVORADA,2,0,20220706,29,82,0,1,1,0
41,1265,AR-70-NL,Mercedes-Benz,CONECTO,ALVORADA,2,0,20220706,29,82,0,1,1,0
41,1266,AR-73-DZ,Mercedes-Benz,CONECTO,ALVORADA,2,0,20220621,29,82,0,1,1,0
41,1267,AR-31-ZS,Mercedes-Benz,CONECTO,ALVORADA,2,0,20220530,29,82,0,1,1,0
41,1268,AR-37-ZS,Mercedes-Benz,CONECTO,ALVORADA,2,0,20220708,29,82,0,1,1,0
41,1269,AR-43-ZS,Mercedes-Benz,CONECTO,ALVORADA,2,0,20220708,29,82,0,1,1,0
41,1270,AR-72-XT,Mercedes-Benz,CONECTO,ALVORADA,2,0,20220708,29,82,0,1,1,0
41,1271,AR-36-ZS,Mercedes-Benz,CONECTO,ALVORADA,2,0,20220706,29,82,0,1,1,0
41,1272,AR-39-ZS,Mercedes-Benz,CONECTO,ALVORADA,2,0,20230101,29,82,0,1,1,0
41,1273,AR-40-ZS,Mercedes-Benz,CONECTO,ALVORADA,2,0,20230101,29,82,0,1,1,0
41,1274,AR-44-ZS,Mercedes-Benz,CONECTO,ALVORADA,2,0,20220708,29,82,0,1,1,0
41,1275,AR-75-XT,Mercedes-Benz,CONECTO,ALVORADA,2,0,20230101,29,82,0,1,1,0
41,1276,AR-34-ZS,Mercedes-Benz,CONECTO,ALVORADA,2,0,20230101,29,82,0,1,1,0
41,1277,AR-41-ZS,Mercedes-Benz,CONECTO,ALVORADA,2,0,20220708,29,82,0,1,1,0
41,1278,AR-45-ZS,Mercedes-Benz,CONECTO,ALVORADA,2,0,20220708,29,82,0,1,1,0
41,1279,AR-83-XT,Mercedes-Benz,CONECTO,ALVORADA,2,0,20230101,29,82,0,1,1,0
41,1280,AS-39-CE,Mercedes-Benz,CONECTO,ALVORADA,2,0,20230101,29,82,0,1,1,0
41,1281,AR-49-ZS,Mercedes-Benz,CONECTO,ALVORADA,2,0,20220708,29,82,0,1,1,0
41,1282,AR-76-XT,Mercedes-Benz,CONECTO,ALVORADA,2,0,20230101,29,82,0,1,1,0
41,1283,AS-31-CE,Mercedes-Benz,CONECTO,ALVORADA,2,0,20220708,29,82,0,1,1,0
41,1284,AS-35-CE,Mercedes-Benz,CONECTO,ALVORADA,2,0,20230101,29,82,0,1,1,0
41,1285,AS-37-CE,Mercedes-Benz,CONECTO,ALVORADA,2,0,20230101,29,82,0,1,1,0
41,1286,AS-38-CE,Mercedes-Benz,CONECTO,ALVORADA,2,0,20230101,29,82,0,1,1,0
41,1287,AS-43-CE,Mercedes-Benz,CONECTO,ALVORADA,2,0,20230101,29,82,0,1,1,0
41,1288,AR-47-ZS,Mercedes-Benz,CONECTO,ALVORADA,2,0,20230101,29,82,0,1,1,0
41,1289,AR-50-ZS,Mercedes-Benz,CONECTO,ALVORADA,2,0,20230101,29,82,0,1,1,0
41,1290,AS-28-CE,Mercedes-Benz,CONECTO,ALVORADA,2,0,20230101,29,82,0,1,1,0
41,1291,AS-33-CE,Mercedes-Benz,CONECTO,ALVORADA,2,0,20230101,29,82,0,1,1,0
41,1292,AR-33-ZS,Mercedes-Benz,CONECTO,ALVORADA,2,0,20230101,29,82,0,1,1,0
41,1293,AS-30-CE,Mercedes-Benz,CONECTO,ALVORADA,2,0,20230101,29,82,0,1,1,0
41,1294,AS-41-CE,Mercedes-Benz,CONECTO,ALVORADA,2,0,20230101,29,82,0,1,1,0
41,1295,AS-42-CE,Mercedes-Benz,CONECTO,ALVORADA,2,0,20230101,29,82,0,1,1,0
41,1296,AR-42-ZS,Mercedes-Benz,CONECTO,ALVORADA,2,0,20230101,29,82,0,1,1,0
41,1297,AR-65-RA,Mercedes-Benz,CONECTO,ALVORADA,2,0,20230101,29,82,0,1,1,0
41,1298,AR-69-NL,Mercedes-Benz,CONECTO,ALVORADA,2,0,20230101,29,82,0,1,1,0
41,1299,AR-71-XT,Mercedes-Benz,CONECTO,ALVORADA,2,0,20230101,29,82,0,1,1,0
41,1300,AR-96-PG,Mercedes-Benz,CONECTO,ALVORADA,2,0,20230101,29,82,0,1,1,0
41,1301,AS-34-CE,Mercedes-Benz,CONECTO,ALVORADA,2,0,20230101,29,82,0,1,1,0
41,1302,AS-68-LA,Mercedes-Benz,CONECTO,ALVORADA,2,0,20230101,29,82,0,1,1,0
41,1303,AR-07-GX,Mercedes-Benz,CONECTO,ALVORADA,2,0,20230101,29,82,0,1,1,0
41,1304,AS-57-LA,Mercedes-Benz,CONECTO,ALVORADA,2,0,20230101,29,82,0,1,1,0
41,1305,AS-59-LA,Mercedes-Benz,CONECTO,ALVORADA,2,0,20230101,29,82,0,1,1,0
41,1306,AS-60-LA,Mercedes-Benz,CONECTO,ALVORADA,2,0,20230101,29,82,0,1,1,0
41,1307,AS-63-LA,Mercedes-Benz,CONECTO,ALVORADA,2,0,20230101,29,82,0,1,1,0
41,1308,AS-65-LA,Mercedes-Benz,CONECTO,ALVORADA,2,0,20230101,29,82,0,1,1,0
41,1309,AS-69-LA,Mercedes-Benz,CONECTO,ALVORADA,2,0,20230101,29,82,0,1,1,0
41,1310,AS-29-CE,Mercedes-Benz,CONECTO,ALVORADA,2,0,20230101,29,82,0,1,1,0
41,1311,AS-59-NL,Mercedes-Benz,CONECTO,ALVORADA,2,0,20230101,29,82,0,1,1,0
41,1312,AS-63-NL,Mercedes-Benz,CONECTO,ALVORADA,2,0,20230101,29,82,0,1,1,0
41,1313,AS-52-NL,Mercedes-Benz,CONECTO,ALVORADA,2,0,20230101,29,82,0,1,1,0
41,1314,AS-54-NL,Mercedes-Benz,CONECTO,ALVORADA,2,0,20230101,29,82,0,1,1,0
41,1315,AS-65-NL,Mercedes-Benz,CONECTO,ALVORADA,2,0,20230101,29,82,0,1,1,0
41,1316,AS-51-NL,Mercedes-Benz,CONECTO,ALVORADA,2,0,20230101,29,82,0,1,1,0
41,1317,AS-58-NL,Mercedes-Benz,CONECTO,ALVORADA,2,0,20230101,29,82,0,1,1,0
41,1318,AS-62-NL,Mercedes-Benz,CONECTO,ALVORADA,2,0,20230101,29,82,0,1,1,0
41,1319,AS-01-OP,Mercedes-Benz,CONECTO,ALVORADA,2,0,20230101,29,82,0,1,1,0
41,1320,AS-02-OP,Mercedes-Benz,CONECTO,ALVORADA,2,0,20230101,29,82,0,1,1,0
41,1321,AS-60-NL,Mercedes-Benz,CONECTO,ALVORADA,2,0,20230101,29,82,0,1,1,0
41,1322,AS-89-OO,Mercedes-Benz,CONECTO,ALVORADA,2,0,20230101,29,82,0,1,1,0
41,1323,AS-97-OO,Mercedes-Benz,CONECTO,ALVORADA,2,0,20230101,29,82,0,1,1,0
41,1324,AS-61-LA,Mercedes-Benz,CONECTO,ALVORADA,2,0,20230101,29,82,0,1,1,0
41,1325,AS-93-OO,Mercedes-Benz,CONECTO,ALVORADA,2,0,20230101,29,82,0,1,1,0
41,1326,AS-94-OO,Mercedes-Benz,CONECTO,ALVORADA,2,0,20230101,29,82,0,1,1,0
41,1327,AS-98-OO,Mercedes-Benz,CONECTO,ALVORADA,2,0,20230101,29,82,0,1,1,0
41,1328,AR-71-NL,Mercedes-Benz,CONECTO,ALVORADA,2,0,20230101,29,82,0,1,1,0
41,1329,AS-13-LZ,Mercedes-Benz,CONECTO,ALVORADA,2,0,20230101,29,82,0,1,1,0
41,1330,AS-88-OO,Mercedes-Benz,CONECTO,ALVORADA,2,0,20230101,29,82,0,1,1,0
41,1331,AS-69-PP,Mercedes-Benz,CONECTO,ALVORADA,2,0,20230101,29,82,0,1,1,0
41,1332,AS-66-LA,Mercedes-Benz,CONECTO,ALVORADA,2,0,20230101,29,82,0,1,1,0
41,1333,AS-90-PP,Mercedes-Benz,CONECTO,ALVORADA,2,0,20230101,29,82,0,1,1,0
41,1334,AS-84-PP,Mercedes-Benz,CONECTO,ALVORADA,2,0,20230101,29,82,0,1,1,0
41,1335,AS-50-NL,Mercedes-Benz,CONECTO,ALVORADA,2,0,20230101,29,82,0,1,1,0
41,1336,AS-76-PP,Mercedes-Benz,CONECTO,ALVORADA,2,0,20230101,29,82,0,1,1,0
41,1337,AS-88-PP,Mercedes-Benz,CONECTO,ALVORADA,2,0,20230101,29,82,0,1,1,0
41,1338,AS-92-PP,Mercedes-Benz,CONECTO,ALVORADA,2,0,20230101,29,82,0,1,1,0
41,1339,AS-72-PP,Mercedes-Benz,CONECTO,ALVORADA,2,0,20230101,29,82,0,1,1,1
41,1340,AS-21-RO,Mercedes-Benz,CONECTO,ALVORADA,2,0,20230101,29,82,0,1,1,0
41,1341,AS-00-OP,Mercedes-Benz,CONECTO,ALVORADA,2,0,20230101,29,82,0,1,1,0
41,1342,AS-79-PP,Mercedes-Benz,CONECTO,ALVORADA,2,0,20230101,29,82,0,1,1,0
41,1343,AS-09-RO,Mercedes-Benz,CONECTO,ALVORADA,2,0,20230101,29,82,0,1,1,0
41,1344,AS-17-RO,Mercedes-Benz,CONECTO,ALVORADA,2,0,20230101,29,82,0,1,1,0
41,1345,AS-20-RO,Mercedes-Benz,CONECTO,ALVORADA,2,0,20230101,29,82,0,1,1,0
41,1346,AS-74-PP,Mercedes-Benz,CONECTO,ALVORADA,2,0,20230101,29,82,0,1,1,0
41,1347,AS-06-RO,Mercedes-Benz,CONECTO,ALVORADA,2,0,20230101,29,82,0,1,1,0
41,1348,AS-08-RO,Mercedes-Benz,CONECTO,ALVORADA,2,0,20230101,29,82,0,1,1,0
41,1349,AS-13-RO,Mercedes-Benz,CONECTO,ALVORADA,2,0,20230101,29,82,0,1,1,0
41,1350,AS-16-RO,Mercedes-Benz,CONECTO,ALVORADA,2,0,20230101,29,82,0,1,1,0
41,1351,AS-63-PP,Mercedes-Benz,CONECTO,ALVORADA,2,0,20230101,29,82,0,1,1,0
41,1352,AS-71-PP,Mercedes-Benz,CONECTO,ALVORADA,2,0,20230101,29,82,0,1,1,0
41,1353,AS-75-PP,Mercedes-Benz,CONECTO,ALVORADA,2,0,20230101,29,82,0,1,1,0
41,1354,AS-89-PP,Mercedes-Benz,CONECTO,ALVORADA,2,0,20230101,29,82,0,1,1,0
41,1355,AS-10-RO,Mercedes-Benz,CONECTO,ALVORADA,2,0,20230101,29,82,0,1,1,0
41,1356,AS-15-RO,Mercedes-Benz,CONECTO,ALVORADA,2,0,20230101,29,82,0,1,1,0
41,1357,AS-78-PP,Mercedes-Benz,CONECTO,ALVORADA,2,0,20230101,29,82,0,1,1,0
41,1358,AS-11-RO,Mercedes-Benz,CONECTO,ALVORADA,2,0,20230101,29,82,0,1,1,0
41,1359,AS-11-SB,Mercedes-Benz,CONECTO,ALVORADA,2,0,20230101,29,82,0,1,1,0
41,1360,AS-12-SB,Mercedes-Benz,CONECTO,ALVORADA,2,0,20230101,29,82,0,1,1,0
41,1361,AS-30-SN,Mercedes-Benz,CONECTO,ALVORADA,2,0,20230101,29,82,0,1,1,0
41,1362,AS-19-RO,Mercedes-Benz,CONECTO,ALVORADA,2,0,20230101,29,82,0,1,1,0
41,1363,AS-19-UA,Mercedes-Benz,CONECTO,ALVORADA,2,0,20230101,29,82,0,1,1,0
41,1364,AS-13-SB,Mercedes-Benz,CONECTO,ALVORADA,2,0,20230101,29,82,0,1,1,0
41,1365,AS-81-PP,Mercedes-Benz,CONECTO,ALVORADA,2,0,20230101,29,82,0,1,1,0
41,1366,AS-10-SB,Mercedes-Benz,CONECTO,ALVORADA,2,0,20230101,29,82,0,1,1,0
41,1367,AS-14-RO,Mercedes-Benz,CONECTO,ALVORADA,2,0,20230101,29,82,0,1,1,0
41,1368,AS-14-UA,Mercedes-Benz,CONECTO,ALVORADA,2,0,20230101,29,82,0,1,1,0
41,1369,AS-15-SB,Mercedes-Benz,CONECTO,ALVORADA,2,0,20230101,29,82,0,1,1,0
41,1370,AS-07-SB,Mercedes-Benz,CONECTO,ALVORADA,2,0,20230101,29,82,0,1,1,0
41,1371,AS-27-VT,Mercedes-Benz,CONECTO,ALVORADA,2,0,20230101,29,82,0,1,1,0
41,1372,AS-30-VT,Mercedes-Benz,CONECTO,ALVORADA,2,0,20230101,29,82,0,1,1,0
41,1373,AS-82-PP,Mercedes-Benz,CONECTO,ALVORADA,2,0,20230101,29,82,0,1,1,0
41,1374,AS-87-PP,Mercedes-Benz,CONECTO,ALVORADA,2,0,20230101,29,82,0,1,1,0
41,1375,AS-91-OO,Mercedes-Benz,CONECTO,ALVORADA,2,0,20230101,29,82,0,1,1,0
41,1376,AS-92-OO,Mercedes-Benz,CONECTO,ALVORADA,2,0,20230101,29,82,0,1,1,0
41,1377,AS-09-SB,Mercedes-Benz,CONECTO,ALVORADA,2,0,20230101,29,82,0,1,1,0
41,1378,AS-26-VT,Mercedes-Benz,CONECTO,ALVORADA,2,0,20230101,29,82,0,1,1,0
41,1379,AS-31-SN,Mercedes-Benz,CONECTO,ALVORADA,2,0,20230101,29,82,0,1,1,0
41,1380,AS-67-LA,Mercedes-Benz,CONECTO,ALVORADA,2,0,20230101,29,82,0,1,1,0
41,1381,AS-86-PP,Mercedes-Benz,CONECTO,ALVORADA,2,0,20230101,29,82,0,1,1,1
41,1382,AS-14-SB,Mercedes-Benz,CONECTO,ALVORADA,2,0,20230101,29,82,0,1,1,0
41,1383,AS-31-VT,Mercedes-Benz,CONECTO,ALVORADA,2,0,20230101,29,82,0,1,1,0
41,1384,AS-12-RO,Mercedes-Benz,CONECTO,ALVORADA,2,0,20230101,29,82,0,1,1,0
41,1385,AS-24-VT,Mercedes-Benz,CONECTO,ALVORADA,2,0,20230101,29,82,0,1,1,0
41,1386,AS-25-VT,Mercedes-Benz,CONECTO,ALVORADA,2,0,20230101,29,82,0,1,1,0
41,1387,AS-29-VT,Mercedes-Benz,CONECTO,ALVORADA,2,0,20230101,29,82,0,1,1,0
41,1388,AS-62-LA,Mercedes-Benz,CONECTO,ALVORADA,2,0,20230101,29,82,0,1,1,0
41,1389,AT-62-AJ,Mercedes-Benz,CONECTO,ALVORADA,2,0,20230101,29,82,0,1,1,0
41,1390,AS-75-ZN,Mercedes-Benz,CONECTO,ALVORADA,2,0,20230101,29,82,0,1,1,0
41,1391,AS-76-ZN,Mercedes-Benz,CONECTO,ALVORADA,2,0,20230101,29,82,0,1,1,0
41,1392,AS-78-ZN,Mercedes-Benz,CONECTO,ALVORADA,2,0,20230101,29,82,0,1,1,0
41,1393,AT-64-AJ,Mercedes-Benz,CONECTO,ALVORADA,2,0,20230101,29,82,0,1,1,0
41,1394,AS-57-NL,Mercedes-Benz,CONECTO,ALVORADA,2,0,20230101,29,82,0,1,1,0
41,1395,AS-77-ZN,Mercedes-Benz,CONECTO,ALVORADA,2,0,20230101,29,82,0,1,1,0
41,1396,AS-79-ZN,Mercedes-Benz,CONECTO,ALVORADA,2,0,20230101,29,82,0,1,1,0
41,1397,AS-81-ZN,Mercedes-Benz,CONECTO,ALVORADA,2,0,20230101,29,82,0,1,1,0
41,1398,AT-12-EM,Mercedes-Benz,CONECTO,ALVORADA,2,0,20230101,29,82,0,1,1,0
41,1399,AT-38-DV,Mercedes-Benz,CONECTO,ALVORADA,2,0,20230101,29,82,0,1,1,0
41,1400,AT-42-DV,Mercedes-Benz,CONECTO,ALVORADA,2,0,20230101,29,82,0,1,1,0
41,1401,AT-44-DV,Mercedes-Benz,CONECTO,ALVORADA,2,0,20230101,29,82,0,1,1,0
41,1402,AS-29-SN,Mercedes-Benz,CONECTO,ALVORADA,2,0,20230101,29,82,0,1,1,0
41,1403,AT-35-DV,Mercedes-Benz,CONECTO,ALVORADA,2,0,20230101,29,82,0,1,1,0
41,1404,AS-80-ZN,Mercedes-Benz,CONECTO,ALVORADA,2,0,20230101,29,82,0,1,1,0
41,1405,AT-11-EM,Mercedes-Benz,CONECTO,ALVORADA,2,0,20230101,29,82,0,1,1,0
41,1406,AT-43-DV,Mercedes-Benz,CONECTO,ALVORADA,2,0,20230101,29,82,0,1,1,0
41,1407,AS-27-CE,Mercedes-Benz,CONECTO,ALVORADA,2,0,20230101,29,82,0,1,1,0
41,1408,AS-06-SB,Mercedes-Benz,CONECTO,ALVORADA,2,0,20230101,29,82,0,1,1,1
41,1409,AS-77-PP,Mercedes-Benz,CONECTO,ALVORADA,2,0,20230101,29,82,0,1,1,1
41,1410,AS-66-PP,Mercedes-Benz,CONECTO,ALVORADA,2,0,20230101,29,82,0,1,1,0
41,1411,AU-67-DS,Mercedes-Benz,CONECTO,ALVORADA,2,0,20230101,29,82,0,1,1,0
41,1412,AS-08-SB,Mercedes-Benz,CONECTO,ALVORADA,2,0,20230101,29,82,0,1,1,0
41,1413,AS-28-VT,Mercedes-Benz,CONECTO,ALVORADA,2,0,20230101,29,82,0,1,1,0
41,1414,AS-58-LA,Mercedes-Benz,CONECTO,ALVORADA,2,0,20230101,29,82,0,1,1,0
41,1415,AS-74-ZN,Mercedes-Benz,CONECTO,ALVORADA,2,0,20230101,29,82,0,1,1,0
41,1416,AS-65-PP,Mercedes-Benz,CONECTO,ALVORADA,2,0,20230101,29,82,0,1,1,0
41,1417,AU-70-DS,Mercedes-Benz,CONECTO,ALVORADA,2,0,20230101,29,82,0,1,1,0
41,1418,AU-72-DS,Mercedes-Benz,CONECTO,ALVORADA,2,0,20230101,29,82,0,1,1,1
41,1419,AU-33-CH,Mercedes-Benz,CONECTO,ALVORADA,2,0,20230101,29,82,0,1,1,0
41,1420,AU-25-FV,Mercedes-Benz,CONECTO,ALVORADA,2,0,20230101,29,82,0,1,1,1
41,1421,AU-22-HS,Mercedes-Benz,CONECTO,ALVORADA,2,0,20230101,29,82,0,1,1,0
41,1422,AU-89-GM,Mercedes-Benz,CONECTO,ALVORADA,2,0,20230101,29,82,0,1,1,0
41,1423,AU-92-GM,Mercedes-Benz,CONECTO,ALVORADA,2,0,20230101,29,82,0,1,1,0
41,1700,AR-44-DP,Iveco,IS56CI2DA,VIMECA,2,0,20220915,15,10,0,1,0,0
41,1701,AR-67-GS,Iveco,IS56CI2DA,VIMECA,2,0,20220714,15,10,0,1,1,0
41,1702,AR-53-GS,Iveco,IS56CI2DA,VIMECA,2,0,20220606,15,10,0,1,1,0
41,1703,AR-65-GS,Iveco,IS56CI2DA,VIMECA,2,0,20220606,15,10,0,1,1,0
41,1704,AR-84-JL,Iveco,IS56CI2DA,VIMECA,2,0,20220606,15,10,0,1,1,0
41,1705,AR-46-DP,Iveco,IS56CI2DA,VIMECA,2,0,20220530,15,10,0,1,1,0
41,1706,AR-42-DP,Iveco,IS56CI2DA,VIMECA,2,0,20220530,15,10,1,1,1,0
41,1707,AR-34-DP,Iveco,IS56CI2DA,VIMECA,2,0,20220530,15,10,0,1,1,0
41,1708,AR-35-DP,Iveco,IS56CI2DA,VIMECA,2,0,20220530,15,10,0,1,1,0
41,1709,AR-39-DP,Iveco,IS56CI2DA,VIMECA,2,0,20220530,15,10,0,1,1,0
41,1710,AR-72-JL,Iveco,IS56CI2DA,VIMECA,2,0,20220530,15,10,0,1,1,0
41,1711,AR-73-JL,Iveco,IS56CI2DA,VIMECA,2,0,20220614,15,10,0,1,1,0
41,1712,AR-38-DP,Iveco,IS56CI2DA,VIMECA,2,0,20220614,15,10,0,1,1,0
41,1713,AR-60-GS,Iveco,IS56CI2DA,VIMECA,2,0,20220530,15,10,0,1,1,0
41,1714,AR-74-JL,Iveco,IS56CI2DA,VIMECA,2,0,20230101,15,10,0,1,0,0
41,1715,AR-30-DP,Iveco,IS56CI2DA,SCOTTURB,2,0,20230101,15,10,0,1,0,0
41,1716,AR-97-OC,Iveco,IS56CI2DA,SCOTTURB,2,0,20230101,15,10,0,1,0,0
41,1717,AR-83-JL,Iveco,IS56CI2DA,SCOTTURB,2,0,20230101,15,10,0,1,0,0
41,1718,AR-76-GS,Iveco,IS56CI2DA,SCOTTURB,2,0,20230101,15,10,0,1,0,0
41,1719,AR-40-DP,Iveco,IS56CI2DA,VIMECA,2,0,20220606,15,10,0,1,1,0
41,1720,AR-37-DP,Iveco,IS56CI2DA,SCOTTURB,2,0,20230101,15,10,0,1,0,0
41,1721,AR-88-GS,Iveco,IS56CI2DA,SCOTTURB,2,0,20230101,15,10,1,1,0,0
41,1722,AR-78-GS,Iveco,IS56CI2DA,SCOTTURB,2,0,20230101,15,10,0,1,0,0
41,1723,AR-64-GS,Iveco,IS56CI2DA,SCOTTURB,2,0,20230101,15,10,0,1,0,0
41,1724,AR-70-GS,Iveco,IS56CI2DA,SCOTTURB,2,0,20230101,15,10,0,1,0,0
41,1725,AR-77-JL,Iveco,IS56CI2DA,SCOTTURB,2,0,20230101,15,10,0,1,0,0
41,1726,AR-70-JL,Iveco,IS56CI2DA,SCOTTURB,2,0,20230101,15,10,0,1,0,0
41,1727,AR-38-VA,Iveco,IS56CI2DA,SCOTTURB,2,0,20230101,15,10,1,1,0,0
41,1728,AR-66-GS,Iveco,IS56CI2DA,SCOTTURB,2,0,20230101,15,10,0,1,0,0
41,1729,AR-80-JL,Iveco,IS56CI2DA,SCOTTURB,2,0,20230101,15,10,0,1,0,0
41,1730,AR-81-JL,Iveco,IS56CI2DA,SCOTTURB,2,0,20230101,15,10,0,1,0,0
41,1731,AR-89-OC,Iveco,IS56CI2DA,SCOTTURB,2,0,20230101,15,10,1,1,0,0
41,1732,AS-90-BL,Iveco,IS72CI2DA,VIMECA,2,0,20220530,18,15,1,1,1,0
41,1733,AS-91-BL,Iveco,IS72CI2DA,SCOTTURB,2,0,20230101,18,15,1,1,0,0
41,1734,AS-93-BL,Iveco,IS72CI2DA,VIMECA,2,0,20220713,18,15,1,1,1,0
41,1735,AV-29-CT,Iveco,IS72CI2DA,SCOTTURB,2,0,20230112,18,15,0,1,0,0
41,1736,BC-44-MX,Iveco,IS56CI2DA,VIMECA,2,0,20231114,15,10,0,1,0,0
41,1737,BC-49-MX,Iveco,IS56CI2DA,SCOTTURB,2,0,20231114,15,10,0,1,0,0
41,1800,AS-02-FQ,Mercedes-Benz,CITARO K,ALVORADA,2,0,20230101,28,57,1,1,0,0
41,1801,AS-09-FQ,Mercedes-Benz,CITARO K,ALVORADA,2,0,20230101,28,57,1,1,0,0
41,1802,AS-64-LA,Mercedes-Benz,CITARO K,ALVORADA,2,0,20230101,28,57,1,1,0,0
41,1803,AS-04-FQ,Mercedes-Benz,CITARO K,ALVORADA,2,0,20230101,28,57,1,1,0,0
41,1804,AS-99-FP,Mercedes-Benz,CITARO K,ALVORADA,2,0,20230101,28,57,1,1,0,0
41,1805,AS-82-OA,Mercedes-Benz,CITARO K,ALVORADA,2,0,20230101,28,57,1,1,0,0
41,1806,AS-92-OA,Mercedes-Benz,CITARO K,ALVORADA,2,0,20230101,28,57,1,1,0,0
41,1807,AS-98-OA,Mercedes-Benz,CITARO K,ALVORADA,2,0,20230101,28,57,1,1,0,0
41,1808,AS-77-OA,Mercedes-Benz,CITARO K,ALVORADA,2,0,20230101,28,57,1,1,0,0
41,1809,AS-97-OA,Mercedes-Benz,CITARO K,ALVORADA,2,0,20230101,28,57,1,1,0,0
41,1810,AS-73-OA,Mercedes-Benz,CITARO K,ALVORADA,2,0,20230101,28,57,1,1,0,0
41,1811,AS-91-OA,Mercedes-Benz,CITARO K,ALVORADA,2,0,20230101,28,57,1,1,0,0
41,1850,BB-06-LV,Zhongtong,LCK6126EVG-2,VIMECA,6,0,20230901,31,53,0,1,0,0
41,1851,BB-73-LZ,Zhongtong,LCK6126EVG-2,VIMECA,6,0,20230901,31,53,0,1,0,0
41,1852,BB-16-JB,Zhongtong,LCK6126EVG-2,VIMECA,6,0,20230901,31,53,0,1,0,0
41,1853,BB-40-MA,Zhongtong,LCK6126EVG-2,VIMECA,6,0,20230901,31,53,0,1,0,0
41,1854,BB-32-LG,Zhongtong,LCK6126EVG-2,VIMECA,6,0,20230901,31,53,0,1,0,0
41,1855,BB-33-JA,Zhongtong,LCK6126EVG-2,VIMECA,6,0,20230901,31,53,0,1,0,0
41,1856,BB-70-LG,Zhongtong,LCK6126EVG-2,VIMECA,6,0,20230901,31,53,0,1,0,0
41,1857,BB-19-JC,Zhongtong,LCK6126EVG-2,VIMECA,6,0,20230901,31,53,0,1,0,0
41,1858,BB-06-LF,Zhongtong,LCK6126EVG-2,VIMECA,6,0,20230901,31,53,0,1,0,0
41,1859,BB-38-JA,Zhongtong,LCK6126EVG-2,VIMECA,6,0,20230901,31,53,0,1,0,0
41,1860,BB-28-IZ,Zhongtong,LCK6126EVG-2,VIMECA,6,0,20230901,31,53,0,1,0,0
41,1861,BB-28-LE,Zhongtong,LCK6126EVG-2,VIMECA,6,0,20230901,31,53,0,1,0,0
41,1862,BB-62-LU,Zhongtong,LCK6126EVG-2,VIMECA,6,0,20230901,31,53,0,1,0,0
41,1863,BB-06-LH,Zhongtong,LCK6126EVG-2,VIMECA,6,0,20230901,31,53,0,1,0,0
41,1864,BB-07-JA,Zhongtong,LCK6126EVG-2,VIMECA,6,0,20230901,31,53,0,1,0,0
41,1865,BB-41-LT,Zhongtong,LCK6126EVG-2,VIMECA,6,0,20230901,31,53,0,1,0,0
41,1866,BB-30-LG,Zhongtong,LCK6126EVG-2,VIMECA,6,0,20230901,31,53,0,1,0,0
41,1867,BB-06-LX,Zhongtong,LCK6126EVG-2,VIMECA,6,0,20230901,31,53,0,1,0,0
41,1868,BB-05-LV,Zhongtong,LCK6126EVG-2,VIMECA,6,0,20230901,31,53,0,1,0,0
41,1869,BB-02-LV,Zhongtong,LCK6126EVG-2,VIMECA,6,0,20230901,31,53,0,1,0,0
41,1870,BB-88-EF,CaetanoBus,e.City Gold,SCOTTURB,6,0,20231228,37,44,0,1,0,0
41,1871,BC-73-AO,CaetanoBus,e.City Gold,SCOTTURB,6,0,20231228,37,44,0,1,0,0
41,1872,BC-22-AM,CaetanoBus,e.City Gold,SCOTTURB,6,0,20231228,37,44,0,1,0,0
41,1873,BC-95-JG,CaetanoBus,e.City Gold,SCOTTURB,6,0,20240126,37,44,0,1,0,0
41,1874,BC-30-JI,CaetanoBus,e.City Gold,SCOTTURB,6,0,20240127,37,44,0,1,0,0
41,1875,BC-09-JI,CaetanoBus,e.City Gold,SCOTTURB,6,0,20240201,37,44,0,1,0,0
41,1876,BC-76-NZ,CaetanoBus,e.City Gold,SCOTTURB,6,0,20240202,37,44,0,1,0,0
41,1877,BC-63-AM,CaetanoBus,e.City Gold,SCOTTURB,6,0,20240219,37,44,0,1,0,0
41,1878,BC-84-QA,CaetanoBus,e.City Gold,SCOTTURB,6,0,20240207,37,44,0,1,0,0
41,1879,BC-44-PU,CaetanoBus,e.City Gold,SCOTTURB,6,0,20240207,37,44,0,1,0,0
41,1880,BC-00-TD,CaetanoBus,e.City Gold,SCOTTURB,6,0,20231113,37,44,0,1,0,0
41,1881,BC-15-TD,CaetanoBus,e.City Gold,SCOTTURB,6,0,20240301,37,44,0,1,0,0
41,1882,BC-57-TC,CaetanoBus,e.City Gold,SCOTTURB,6,0,20231113,37,44,0,1,0,0
41,1883,BC-28-TE,CaetanoBus,e.City Gold,SCOTTURB,6,0,20231113,37,44,0,1,0,0
41,1884,BC-15-TG,CaetanoBus,e.City Gold,SCOTTURB,6,0,20240223,37,44,0,1,0,0
41,1885,BC-35-TE,CaetanoBus,e.City Gold,SCOTTURB,6,0,20231113,37,44,0,1,0,0
41,1886,BC-16-QD,CaetanoBus,e.City Gold,SCOTTURB,6,0,20240226,37,44,0,1,0,0
41,1887,BC-04-AM,CaetanoBus,e.City Gold,SCOTTURB,6,0,20240226,37,44,0,1,0,0
41,1888,BB-66-QX,CaetanoBus,e.City Gold,SCOTTURB,6,0,20240223,37,44,0,1,0,0
41,1889,BB-98-QV,CaetanoBus,e.City Gold,SCOTTURB,6,0,20240223,37,44,0,1,0,0
41,1900,60-TU-09,Mercedes-Benz,CITARO K,SCOTTURB,2,0,20171122,30,55,0,1,0,0
41,1901,13-TV-81,Mercedes-Benz,CONECTO,SCOTTURB,2,0,20171130,30,56,0,1,0,0
41,1906,27-PE-49,Mercedes-Benz,OC 500 LE,SCOTTURB,2,0,20141114,37,52,0,1,0,0
41,1907,27-PE-50,Mercedes-Benz,OC 500 LE,SCOTTURB,2,0,20141121,37,52,0,1,0,0
41,1908,84-PF-70,Mercedes-Benz,OC 500 LE,SCOTTURB,2,0,20141129,37,52,0,1,0,0
41,1909,84-PF-71,Mercedes-Benz,OC 500 LE,SCOTTURB,2,0,20141105,37,52,0,1,0,0
41,1910,84-PF-72,Mercedes-Benz,OC 500 LE,SCOTTURB,2,0,20141105,37,52,0,1,0,0
41,1911,84-PF-73,Mercedes-Benz,OC 500 LE,SCOTTURB,2,0,20141215,37,52,0,1,0,0
41,1912,57-UA-40,Mercedes-Benz,OC 500 LE,SCOTTURB,2,0,20180414,37,52,0,1,0,0
41,1913,57-UA-41,Mercedes-Benz,OC 500 LE,SCOTTURB,2,0,20150122,29,28,0,1,1,0
42,71,07-IT-92,BMC,Probus Hawk,RL,2,5,20100211,29,28,0,1,0,0
42,85,17-PI-91,BMC,Probus 215,RL,2,5,20120315,23,28,0,1,0,0
42,86,17-PI-92,BMC,Probus 215,RL,2,5,20120516,23,28,0,1,0,0
42,87,00-PN-65,BMC,Probus Hawk,RL,2,5,20110111,29,32,0,1,0,0
42,123,71-JA-65,Iveco,65SG,RL,2,5,20100408,20,9,0,1,0,0
42,1251,AU18FV,Mercedes-Benz,Intouro M,Barraqueiro Transportes SA,2,6,20221102,57,32,0,1,0,0
42,1252,AU21FV,Mercedes-Benz,Intouro M,Barraqueiro Transportes SA,2,6,20221102,57,32,0,1,0,0
42,1253,AU66DS,Mercedes-Benz,Intouro M,Barraqueiro Transportes SA,2,6,20221028,57,32,0,1,0,0
42,1254,AU73DS,Mercedes-Benz,Intouro M,Barraqueiro Transportes SA,2,6,20221028,57,32,0,1,0,0
42,1255,AU91GM,Mercedes-Benz,Intouro M,Barraqueiro Transportes SA,2,6,20221103,57,32,0,1,0,0
42,1256,AU93GM,Mercedes-Benz,Intouro M,Barraqueiro Transportes SA,2,6,20221103,57,32,0,1,0,0
42,1257,AU71JG,Mercedes-Benz,Itrabus,Barraqueiro Transportes SA,2,6,20221109,57,32,0,1,0,0
42,127,44-RM-74,BMC,Probus Hawk,RL,2,5,20110117,30,32,0,1,0,0
42,200,02-QG-47,Temsa,MD9 LE,RL,2,6,20150805,31,30,0,1,0,0
42,201,02-QG-48,Temsa,MD9 LE,RL,2,6,20150805,31,30,0,1,0,0
42,202,90-XA-39,Temsa,MD9 LE,RL,2,6,20190204,41,27,0,1,0,0
42,203,90-XA-79,Temsa,MD9 LE,RL,2,6,20190204,40,28,0,1,0,0
42,210,87-ZF-61,Temsa,Avenue LF12,RL,2,6,20190925,37,58,0,1,0,0
42,211,87-ZF-10,Temsa,Avenue LF12,RL,2,6,20190925,37,58,0,1,0,0
42,212,86-ZF-05,Temsa,Avenue LF12,RL,2,6,20190925,37,58,0,1,0,0
42,213,85-ZF-90,Temsa,Avenue LF12,RL,2,6,20190925,37,58,0,1,0,0
42,214,87-ZF-66,Temsa,Avenue LF12,RL,2,6,20190925,37,58,0,1,0,0
42,215,85-ZF-57,Temsa,Avenue LF12,RL,2,6,20190925,37,58,0,1,0,0
42,216,86-ZF-75,Temsa,Avenue LF12,RL,2,6,20190925,37,58,0,1,0,0
42,217,84-ZF-75,Temsa,Avenue LF12,RL,2,6,20190925,37,58,0,1,0,0
42,218,87-ZF-53,Temsa,Avenue LF12,RL,2,6,20190925,37,58,0,1,0,0
42,221,05-SQ-62,Mercedes-Benz,CITARO K,RL,2,4,20071108,26,32,0,1,0,0
42,222,98-SQ-87,Mercedes-Benz,CITARO K,RL,2,4,20071108,26,37,0,1,0,0
42,223,05-SQ-65,Mercedes-Benz,CITARO K,RL,2,4,20071108,26,32,0,1,0,0
42,224,05-SQ-63,Mercedes-Benz,CITARO K,RL,2,4,20070508,26,32,0,1,0,0
42,226,85-SR-04,Mercedes-Benz,CITARO K,RL,2,5,20081028,25,32,0,1,0,0
42,232,56-US-92,Mercedes-Benz,CITARO K,RL,2,4,20070810,27,32,0,1,0,0
42,234,60-US-19,Mercedes-Benz,CITARO K,RL,2,4,20071217,29,32,0,1,0,0
42,235,58-US-86,Mercedes-Benz,CITARO K,RL,2,4,20070328,27,32,0,1,0,0
42,236,48-UP-24,Mercedes-Benz,CITARO K,RL,2,4,20071219,27,32,0,1,0,0
42,250,75-ZB-65,Mercedes-Benz,CITARO C2,RL,2,6,20140129,34,61,0,1,0,0
42,251,25-ZF-53,Mercedes-Benz,CITARO C2,RL,2,6,20140611,34,63,0,1,0,0
42,252,22-ZH-45,Mercedes-Benz,CITARO C2,RL,2,6,20131001,35,61,0,1,0,0
42,253,97-ZE-67,Mercedes-Benz,CITARO C2,RL,2,6,20130620,34,64,0,1,0,0
42,254,51-ZF-11,Mercedes-Benz,CITARO C2,RL,2,6,20140129,35,61,0,1,0,0
42,255,28-ZE-38,Mercedes-Benz,CITARO C2,RL,2,6,20130926,34,64,0,1,0,0
42,256,28-ZE-78,Mercedes-Benz,CITARO C2,RL,2,6,20130913,32,40,0,1,0,0
42,257,29-ZE-58,Mercedes-Benz,CITARO C2,RL,2,6,20130930,34,64,0,1,0,0
42,258,29-ZE-35,Mercedes-Benz,CITARO C2,RL,2,6,20130620,34,64,0,1,0,0
42,259,73-ZE-62,Mercedes-Benz,CITARO C2,RL,2,6,20140102,35,61,0,1,0,1
42,260,73-ZE-57,Mercedes-Benz,CITARO C2,RL,2,6,20140129,32,40,0,1,0,0
42,261,72-ZE-64,Mercedes-Benz,CITARO C2,RL,2,6,20130620,32,40,0,1,0,0
42,262,34-ZG-75,Mercedes-Benz,CITARO C2,RL,2,6,20131001,32,40,0,1,0,0
42,263,34-ZG-44,Mercedes-Benz,CITARO C2,RL,2,6,20140102,32,40,0,1,0,0
42,264,34-ZG-42,Mercedes-Benz,CITARO C2,RL,2,6,20130620,32,40,0,1,0,0
42,265,22-ZH-98,Mercedes-Benz,CITARO C2,RL,2,6,20140102,32,40,0,1,0,0
42,266,23-ZH-79,Mercedes-Benz,CITARO C2,RL,2,6,20131001,32,40,0,1,0,0
42,267,43-ZH-77,Mercedes-Benz,CITARO C2,RL,2,6,20130620,32,40,0,1,0,0
42,268,68-ZH-89,Mercedes-Benz,CITARO C2,RL,2,6,20131001,32,40,0,1,0,0
42,269,67-ZH-47,Mercedes-Benz,CITARO C2,RL,2,6,20130110,32,40,0,1,0,0
42,270,54-ZH-32,Mercedes-Benz,CITARO C2,RL,2,6,20131001,32,40,0,1,0,0
42,271,79-ZH-06,Mercedes-Benz,CITARO C2,RL,2,6,20130620,32,40,0,1,0,0
42,280,AB-16-EA,Mercedes-Benz,CONECTO,RL,2,6,20200609,26,80,0,1,0,0
42,281,AB-17-EA,Mercedes-Benz,CONECTO,RL,2,6,20200609,26,80,0,1,0,0
42,282,AB-19-EA,Mercedes-Benz,CONECTO,RL,2,6,20200609,26,80,0,1,0,0
42,283,AB-15-EA,Mercedes-Benz,CONECTO,RL,2,6,20200609,26,80,0,1,0,0
42,284,AB-18-EA,Mercedes-Benz,CONECTO,RL,2,6,20200609,26,80,0,1,0,0
42,285,38-ZE-38,Mercedes-Benz,CONECTO,RL,2,6,20190910,30,65,0,1,0,0
42,286,80-ZR-18,Mercedes-Benz,CONECTO,RL,2,6,20200103,26,82,0,1,0,0
42,287,80-ZR-40,Mercedes-Benz,CONECTO,RL,2,6,20200103,26,82,0,1,0,0
42,292,36-ZF-46,Mercedes-Benz,CITARO G,RL,2,4,20071214,50,70,0,1,0,0
42,293,53-ZN-02,Mercedes-Benz,CITARO G,RL,2,5,20110301,51,93,0,1,0,0
42,294,02-ZP-57,Mercedes-Benz,CITARO G,RL,2,5,20110329,51,93,1,1,0,0
42,295,44-ZO-26,Mercedes-Benz,CITARO G,RL,2,5,20110329,51,93,0,1,0,0
42,296,52-ZN-58,Mercedes-Benz,CITARO G,RL,2,5,20110329,54,93,0,1,0,0
42,297,98-ZO-08,Mercedes-Benz,CITARO G,RL,2,5,20110728,54,93,0,1,0,0
42,374,54-XV-85,Mercedes-Benz,CITARO LE,RL,2,5,20090618,37,58,0,1,0,0
42,522,40-SA-18,Solaris,Urbino,RL,2,5,20120606,42,26,0,1,0,0
42,543,55-UZ-86,MAN,A66,RL,2,4,20081020,26,27,0,1,0,0
42,544,49-XI-83,MAN,18.31,RL,8,6,20190303,36,40,0,1,0,1
42,545,28-XS-39,Iveco,IS72C12DA,RL,8,6,20190614,19,12,0,1,0,0
42,546,28-XS-53,Iveco,IS72C12DA,RL,8,6,20190614,19,12,0,1,0,0
42,695,AC-34-SL,MAN,LION'S CITY,RL,8,6,20141015,51,18,0,1,0,0
42,722,19-XP-79,Setra,S415NF,RL,2,5,20091124,39,41,0,1,0,0
42,723,98-QS-10,Setra,S415NF,RL,2,5,20090706,42,24,0,1,0,0
42,1001,AJ02RF,Mercedes-Benz,INTOURO,Barraqueiro Transportes SA,2,6,20211001,51,29,0,1,0,0
42,1002,AJ03RF,Mercedes-Benz,INTOURO,Barraqueiro Transportes SA,2,6,20211001,51,29,0,1,0,0
42,1003,AL22VT,Mercedes-Benz,INTOURO,Barraqueiro Transportes SA,2,6,20211215,51,29,0,1,0,0
42,1004,AL40VT,Mercedes-Benz,INTOURO,Barraqueiro Transportes SA,2,6,20211215,51,29,0,1,0,0
42,1005,AL51VT,Mercedes-Benz,INTOURO,Barraqueiro Transportes SA,2,6,20211215,51,29,0,1,0,0
42,1006,AL66VT,Mercedes-Benz,INTOURO,Barraqueiro Transportes SA,2,6,20211215,51,29,0,1,0,0
42,1007,AL74VT,Mercedes-Benz,INTOURO,Barraqueiro Transportes SA,2,6,20211215,51,29,0,1,0,0
42,1008,AL76VS,Mercedes-Benz,INTOURO,Barraqueiro Transportes SA,2,6,20211215,51,29,0,1,0,0
42,1009,AL79VS,Mercedes-Benz,INTOURO,Barraqueiro Transportes SA,2,6,20211215,51,29,0,1,0,0
42,1010,AL87VS,Mercedes-Benz,INTOURO,Barraqueiro Transportes SA,2,6,20211215,51,29,0,1,0,0
42,1011,AR00GX,Mercedes-Benz,INTOURO,Barraqueiro Transportes SA,2,6,20220606,51,32,0,1,0,0
42,1012,AR05GX,Mercedes-Benz,INTOURO,Barraqueiro Transportes SA,2,6,20220606,51,32,0,1,0,0
42,1013,AR06GX,Mercedes-Benz,INTOURO,Barraqueiro Transportes SA,2,6,20220606,51,32,0,1,0,0
42,1014,AR96GV,Mercedes-Benz,INTOURO,Barraqueiro Transportes SA,2,6,20220606,51,32,0,1,0,0
42,1015,AR99GV,Mercedes-Benz,INTOURO,Barraqueiro Transportes SA,2,6,20220606,51,32,0,1,0,0
42,1050,AJ00RF,Mercedes-Benz,INTOURO L,Barraqueiro Transportes SA,2,6,20211001,59,26,0,1,0,0
42,1051,AJ01RF,Mercedes-Benz,INTOURO L,Barraqueiro Transportes SA,2,6,20211001,59,26,0,1,0,0
42,1052,AJ98RE,Mercedes-Benz,INTOURO L,Barraqueiro Transportes SA,2,6,20211001,59,26,0,1,0,0
42,1053,AJ99RE,Mercedes-Benz,INTOURO L,Barraqueiro Transportes SA,2,6,20211001,59,26,0,1,0,0
42,1054,AL00VT,Mercedes-Benz,INTOURO L,Barraqueiro Transportes SA,2,6,20211215,59,26,0,1,0,0
42,1055,AL05VT,Mercedes-Benz,INTOURO L,Barraqueiro Transportes SA,2,6,20211215,59,26,0,1,0,0
42,1056,AL07VT,Mercedes-Benz,INTOURO L,Barraqueiro Transportes SA,2,6,20211215,59,26,0,1,0,0
42,1057,AL08VT,Mercedes-Benz,INTOURO L,Barraqueiro Transportes SA,2,6,20211215,59,26,0,1,0,0
42,1058,AL13VT,Mercedes-Benz,INTOURO L,Barraqueiro Transportes SA,2,6,20211215,59,26,0,1,0,0
42,1059,AL17VT,Mercedes-Benz,INTOURO L,Barraqueiro Transportes SA,2,6,20211215,59,26,0,1,0,0
42,1060,AL28VT,Mercedes-Benz,INTOURO L,Barraqueiro Transportes SA,2,6,20211215,59,26,0,1,0,0
42,1061,AL37VT,Mercedes-Benz,INTOURO L,Barraqueiro Transportes SA,2,6,20211215,59,26,0,1,0,0
42,1062,AL41VT,Mercedes-Benz,INTOURO L,Barraqueiro Transportes SA,2,6,20211215,59,26,0,1,0,0
42,1063,AL43VT,Mercedes-Benz,INTOURO L,Barraqueiro Transportes SA,2,6,20211215,59,26,0,1,0,0
42,1064,AL45VT,Mercedes-Benz,INTOURO L,Barraqueiro Transportes SA,2,6,20211215,59,26,0,1,0,0
42,1065,AL52VT,Mercedes-Benz,INTOURO L,Barraqueiro Transportes SA,2,6,20211215,59,26,0,1,0,0
42,1066,AL55VT,Mercedes-Benz,INTOURO L,Barraqueiro Transportes SA,2,6,20211215,59,26,0,1,0,0
42,1067,AL59VT,Mercedes-Benz,INTOURO L,Barraqueiro Transportes SA,2,6,20211215,59,26,0,1,0,0
42,1068,AL70VT,Mercedes-Benz,INTOURO L,Barraqueiro Transportes SA,2,6,20211215,59,26,0,1,0,0
42,1069,AL72VT,Mercedes-Benz,INTOURO L,Barraqueiro Transportes SA,2,6,20211215,59,26,0,1,0,0
42,1070,AL73VT,Mercedes-Benz,INTOURO L,Barraqueiro Transportes SA,2,6,20211215,59,26,0,1,0,0
42,1071,AL75VS,Mercedes-Benz,INTOURO L,Barraqueiro Transportes SA,2,6,20211215,59,26,0,1,0,0
42,1072,AL75VT,Mercedes-Benz,INTOURO L,Barraqueiro Transportes SA,2,6,20211215,59,26,0,1,0,0
42,1073,AL77VT,Mercedes-Benz,INTOURO L,Barraqueiro Transportes SA,2,6,20211215,59,26,0,1,0,0
42,1074,AL84VS,Mercedes-Benz,INTOURO L,Barraqueiro Transportes SA,2,6,20211215,59,26,0,1,0,0
42,1075,AL88XL,Mercedes-Benz,INTOURO L,Barraqueiro Transportes SA,2,6,20211216,59,26,0,1,0,0
42,1076,AL93VS,Mercedes-Benz,INTOURO L,Barraqueiro Transportes SA,2,6,20211215,59,26,0,1,0,0
42,1077,AL95VS,Mercedes-Benz,INTOURO L,Barraqueiro Transportes SA,2,6,20211215,59,26,0,1,0,0
42,1078,AL96VS,Mercedes-Benz,INTOURO L,Barraqueiro Transportes SA,2,6,20211215,59,26,0,1,0,0
42,1079,AL98VS,Mercedes-Benz,INTOURO L,Barraqueiro Transportes SA,2,6,20211215,59,26,0,1,0,0
42,1080,AR08GX,Mercedes-Benz,INTOURO M,Barraqueiro Transportes SA,2,6,20220606,57,32,0,1,0,0
42,1081,AR13GX,Mercedes-Benz,INTOURO M,Barraqueiro Transportes SA,2,6,20220606,57,32,0,1,0,0
42,1082,AR39UI,Mercedes-Benz,INTOURO M,Barraqueiro Transportes SA,2,6,20220630,57,32,0,1,0,0
42,1083,AR40UI,Mercedes-Benz,INTOURO M,Barraqueiro Transportes SA,2,6,20220630,57,32,0,1,0,0
42,1084,AR43UI,Mercedes-Benz,INTOURO M,Barraqueiro Transportes SA,2,6,20220630,57,32,0,1,0,0
42,1085,AR44TF,Mercedes-Benz,INTOURO M,Barraqueiro Transportes SA,2,6,20220629,57,32,0,1,0,0
42,1086,AR44UI,Mercedes-Benz,INTOURO M,Barraqueiro Transportes SA,2,6,20220630,57,32,0,1,0,0
42,1087,AR45UI,Mercedes-Benz,INTOURO M,Barraqueiro Transportes SA,2,6,20220630,57,32,0,1,0,0
42,1088,AR47TF,Mercedes-Benz,INTOURO M,Barraqueiro Transportes SA,2,6,20220629,57,32,0,1,0,0
42,1089,AR49TF,Mercedes-Benz,INTOURO M,Barraqueiro Transportes SA,2,6,20220629,57,32,0,1,0,0
42,1090,AR53TF,Mercedes-Benz,INTOURO M,Barraqueiro Transportes SA,2,6,20220629,57,32,0,1,0,0
42,1091,AR61LX,Mercedes-Benz,INTOURO M,Barraqueiro Transportes SA,2,6,20220617,57,32,0,1,0,0
42,1092,AR64LX,Mercedes-Benz,INTOURO M,Barraqueiro Transportes SA,2,6,20220617,57,32,0,1,0,0
42,1093,AR65LX,Mercedes-Benz,INTOURO M,Barraqueiro Transportes SA,2,6,20220617,57,32,0,1,0,0
42,1094,AR66LX,Mercedes-Benz,INTOURO M,Barraqueiro Transportes SA,2,6,20220617,57,32,0,1,0,0
42,1095,AR70XT,Mercedes-Benz,INTOURO M,Barraqueiro Transportes SA,2,6,20220706,57,32,0,1,0,0
42,1096,AR71LX,Mercedes-Benz,INTOURO M,Barraqueiro Transportes SA,2,6,20220617,57,32,0,1,0,0
42,1097,AR73XT,Mercedes-Benz,INTOURO M,Barraqueiro Transportes SA,2,6,20220706,57,32,0,1,0,0
42,1098,AR74XT,Mercedes-Benz,INTOURO M,Barraqueiro Transportes SA,2,6,20220706,57,32,0,1,0,0
42,1099,AR75LX,Mercedes-Benz,INTOURO M,Barraqueiro Transportes SA,2,6,20220617,57,32,0,1,0,0
42,1100,AR77LX,Mercedes-Benz,INTOURO M,Barraqueiro Transportes SA,2,6,20220617,57,32,0,1,0,0
42,1101,AR81XT,Mercedes-Benz,INTOURO M,Barraqueiro Transportes SA,2,6,20220706,57,32,0,1,0,0
42,1102,AR82LX,Mercedes-Benz,INTOURO M,Barraqueiro Transportes SA,2,6,20220617,57,32,0,1,0,0
42,1103,AR82XT,Mercedes-Benz,INTOURO M,Barraqueiro Transportes SA,2,6,20220706,57,32,0,1,0,0
42,1104,AR83LX,Mercedes-Benz,INTOURO M,Barraqueiro Transportes SA,2,6,20220617,57,32,0,1,0,0
42,1105,AR89LX,Mercedes-Benz,INTOURO M,Barraqueiro Transportes SA,2,6,20220617,57,32,0,1,0,0
42,1106,AS28SN,Mercedes-Benz,INTOURO M,Barraqueiro Transportes SA,2,6,20220823,57,32,0,1,0,0
42,1107,AS17UA,Mercedes-Benz,INTOURO M,Barraqueiro Transportes SA,2,6,20220823,57,32,0,1,0,0
42,1108,AT10EM,Mercedes-Benz,INTOURO M,Barraqueiro Transportes SA,2,6,20220913,57,32,0,1,0,0
42,1109,AT66CF,Mercedes-Benz,INTOURO M,Barraqueiro Transportes SA,2,6,20220906,57,32,0,1,0,0
42,1110,AT60AJ,Mercedes-Benz,INTOURO M,Barraqueiro Transportes SA,2,6,20220831,57,32,0,1,0,0
42,1111,AR79XT,Mercedes-Benz,INTOURO M,Barraqueiro Transportes SA,2,6,20220706,57,32,0,1,0,0
42,1150,AS11MU,CaetanoBus,Itrabus,Barraqueiro Transportes SA,2,6,20220802,24,9,0,1,1,0
42,1151,AS03MU,CaetanoBus,Itrabus,Barraqueiro Transportes SA,2,6,20220802,24,9,0,1,1,0
42,1152,AS07MU,CaetanoBus,Itrabus,Barraqueiro Transportes SA,2,6,20220802,24,9,0,1,1,0
42,1153,AS46TI,CaetanoBus,Itrabus,Barraqueiro Transportes SA,2,6,20220802,24,9,0,1,1,0
42,1154,AS15XJ,CaetanoBus,Itrabus,Barraqueiro Transportes SA,2,6,20220829,24,9,0,1,1,0
42,1155,AS28RL,CaetanoBus,Itrabus,Barraqueiro Transportes SA,2,6,20220913,24,9,0,1,1,0
42,1157,AS20XJ,CaetanoBus,Itrabus,Barraqueiro Transportes SA,2,6,20220913,24,9,0,1,1,0
42,1158,AS25XJ,CaetanoBus,Itrabus,Barraqueiro Transportes SA,2,6,20220913,24,9,0,1,1,0
42,1159,AS42TI,CaetanoBus,Itrabus,Barraqueiro Transportes SA,2,6,20220913,24,9,0,1,1,0
42,1160,AS47TI,CaetanoBus,Itrabus,Barraqueiro Transportes SA,2,6,20220822,24,9,0,1,1,0
42,1180,AR92OC,Iveco,50C21,Barraqueiro Transportes SA,2,6,20220622,15,10,0,1,0,0
42,1181,AR29VA,Iveco,50C21,Barraqueiro Transportes SA,2,6,20220701,15,10,0,1,0,0
42,1182,AR39VA,Iveco,50C21,Barraqueiro Transportes SA,2,6,20220701,15,10,0,1,0,0
42,1183,AR87OC,Iveco,50C21,Barraqueiro Transportes SA,2,6,20220622,15,10,0,1,0,0
42,1201,AU75DS,Mercedes-Benz,INTOURO,Barraqueiro Transportes SA,2,6,20221028,51,32,0,1,0,0
42,1202,AU23FV,Mercedes-Benz,INTOURO,Barraqueiro Transportes SA,2,6,20221102,51,32,0,1,0,0
42,1203,AU26FV,Mercedes-Benz,INTOURO,Barraqueiro Transportes SA,2,6,20221102,51,32,0,1,0,0
42,1204,AU29CH,Mercedes-Benz,INTOURO,Barraqueiro Transportes SA,2,6,20221027,51,32,0,1,0,0
42,1205,AU30CH,Mercedes-Benz,INTOURO,Barraqueiro Transportes SA,2,6,20221027,51,32,0,1,0,0
42,1206,AU31CH,Mercedes-Benz,INTOURO,Barraqueiro Transportes SA,2,6,20221027,51,32,0,1,0,0
42,1207,AT52BT,Mercedes-Benz,INTOURO,Barraqueiro Transportes SA,2,6,20220905,51,32,0,1,0,0
42,1208,AT45DV,Mercedes-Benz,INTOURO,Barraqueiro Transportes SA,2,6,20220912,51,32,0,1,0,0
42,1209,AT46DV,Mercedes-Benz,INTOURO,Barraqueiro Transportes SA,2,6,20220912,51,32,0,1,0,0
42,1210,AT15EM,Mercedes-Benz,INTOURO,Barraqueiro Transportes SA,2,6,20220913,51,32,0,1,0,0
42,1211,AU19FV,Mercedes-Benz,INTOURO,Barraqueiro Transportes SA,2,6,20221102,51,32,0,1,0,0
42,1212,AU35CH,Mercedes-Benz,INTOURO,Barraqueiro Transportes SA,2,6,20221027,51,32,0,1,0,0
42,1213,AU36CH,Mercedes-Benz,INTOURO,Barraqueiro Transportes SA,2,6,20221027,51,32,0,1,0,0
42,1214,AU20FV,Mercedes-Benz,INTOURO,Barraqueiro Transportes SA,2,6,20221102,51,32,0,1,0,0
42,1215,AU28FV,Mercedes-Benz,INTOURO,Barraqueiro Transportes SA,2,6,20221102,51,32,0,1,0,0
42,1216,AU70JG,Mercedes-Benz,INTOURO,Barraqueiro Transportes SA,2,6,20221109,51,32,0,1,0,0
42,1217,AU69JG,Mercedes-Benz,INTOURO,Barraqueiro Transportes SA,2,6,20221109,51,32,0,1,0,0
42,1218,AU68JG,Mercedes-Benz,INTOURO,Barraqueiro Transportes SA,2,6,20221109,51,32,0,1,0,0
42,1251,AU18FV,Mercedes-Benz,INTOURO M,Barraqueiro Transportes SA,2,6,20221102,57,32,0,1,0,0
42,1252,AU21FV,Mercedes-Benz,INTOURO M,Barraqueiro Transportes SA,2,6,20221102,57,32,0,1,0,0
42,1253,AU66DS,Mercedes-Benz,INTOURO M,Barraqueiro Transportes SA,2,6,20221028,57,32,0,1,0,0
42,1254,AU73DS,Mercedes-Benz,INTOURO M,Barraqueiro Transportes SA,2,6,20221028,57,32,0,1,0,0
42,1255,AU91GM,Mercedes-Benz,INTOURO M,Barraqueiro Transportes SA,2,6,20221103,57,32,0,1,0,0
42,1256,AU93GM,Mercedes-Benz,INTOURO M,Barraqueiro Transportes SA,2,6,20221103,57,32,0,1,0,0
42,1257,AU71JG,Mercedes-Benz,Itrabus,Barraqueiro Transportes SA,2,6,20221109,57,32,0,1,0,0
42,1270,AS45TI,CaetanoBus,Itrabus,Barraqueiro Transportes SA,2,6,20220822,24,9,0,1,1,0
42,1271,AS44TI,CaetanoBus,Itrabus,Barraqueiro Transportes SA,2,6,20220822,24,9,0,1,1,0
42,1272,AS14XJ,CaetanoBus,Itrabus,Barraqueiro Transportes SA,2,6,20220829,24,9,0,1,1,0
42,2000,AS-34-GC,Iveco,70C21HA8,RL,2,6,20220722,18,19,0,1,0,0
42,2001,AS-33-GC,Iveco,70C21HA8,RL,2,6,20220722,18,19,1,1,0,0
42,2002,AS-30-GC,Iveco,70C21HA8,RL,2,6,20230101,18,19,1,1,0,0
42,2003,AS-42-GC,Iveco,70C21HA8,RL,2,6,20230101,18,19,0,1,0,0
42,2004,AS-37-GC,Iveco,70C21HA8,RL,2,6,20230101,18,19,0,1,0,0
42,2005,AS-51-GC,Iveco,70C21HA8,RL,2,6,20230101,18,19,0,1,0,0
42,2006,AS-47-GC,Iveco,70C21HA8,RL,2,6,20230101,18,19,0,1,0,0
42,2007,AS-43-GC,Iveco,70C21HA8,RL,2,6,20230101,18,19,0,1,0,0
42,2008,AS-44-GC,Iveco,70C21HA8,RL,2,6,20230101,18,19,0,1,0,0
42,2009,AS-48-GC,Iveco,70C21HA8,RL,2,6,20230101,18,19,0,1,0,0
42,2010,AS-06-MU,Iveco,70C21HA8,RL,2,6,20230101,18,19,0,1,0,0
42,2011,AS-46-GC,Iveco,70C21HA8,RL,2,6,20230101,18,19,0,1,0,0
42,2012,AS-45-GC,Iveco,70C21HA8,RL,2,6,20230101,18,19,0,1,0,0
42,2013,AS-08-MU,Iveco,70C21HA8,RL,2,6,20230101,18,19,0,1,0,0
42,2014,AS-02-PA,Iveco,70C21HA8,RL,2,6,20230101,18,19,0,1,0,0
42,2015,AS-00-PA,Iveco,70C21HA8,RL,2,6,20230101,18,19,0,1,0,0
42,2016,AS-99-OZ,Iveco,70C21HA8,RL,2,6,20230101,18,19,0,1,0,0
42,2017,AS-32-RL,Iveco,70C21HA8,RL,2,6,20230101,18,19,0,1,0,0
42,2018,AS-96-OZ,Iveco,70C21HA8,RL,2,6,20230101,18,19,0,1,0,0
42,2019,AS-97-OZ,Iveco,70C21HA8,RL,2,6,20230101,18,19,0,1,0,0
42,2020,AS-30-RL,Iveco,70C21HA8,RL,2,6,20230101,18,19,0,1,0,0
42,2021,AS-29-RL,Iveco,70C21HA8,RL,2,6,20230101,18,19,0,1,0,0
42,2030,AR-94-OC,Iveco,IS56CI2DA,RL,2,6,20230101,15,10,0,1,0,0
42,2031,AR-85-OC,Iveco,IS56CI2DA,RL,2,6,20230101,15,10,0,1,0,0
42,2032,AR-03-OD,Iveco,IS56CI2DA,RL,2,6,20230101,15,10,0,1,0,0
42,2033,AR-01-OD,Iveco,IS56CI2DA,RL,2,6,20230101,15,10,1,1,0,0
42,2034,AR-16-VA,Iveco,IS56CI2DA,RL,2,6,20230101,15,10,0,1,0,0
42,2035,AR-37-VA,Iveco,IS56CI2DA,RL,2,6,20230101,15,10,1,1,0,0
42,2036,AR-19-VA,Iveco,IS56CI2DA,RL,2,6,20230101,15,10,0,1,0,0
42,2037,AR-21-VA,Iveco,IS56CI2DA,RL,2,6,20230101,15,10,1,1,0,0
42,2038,AR-40-VA,Iveco,IS56CI2DA,RL,2,6,20230101,15,10,0,1,0,0
42,2050,AS-92-BL,Iveco,70C21HA8,RL,2,6,20230101,18,19,0,1,0,0
42,2051,AR-96-OC,Iveco,IS56CI2DA,RL,2,6,20220622,15,10,0,1,0,0
42,2052,AR-99-OC,Iveco,IS56CI2DA,RL,2,6,20230101,15,10,0,1,0,0
42,2053,AO-60-BQ,Iveco,IS72CI2DA,BARRAQUEIRO TRANSPORTES,3,6,20220218,15,10,0,0,0,0
42,2100,AS-07-FQ,Mercedes-Benz,CITARO K,RL,2,6,20230101,28,57,1,1,0,0
42,2101,AS-00-FQ,Mercedes-Benz,CITARO K,RL,2,6,20230101,28,57,0,1,0,0
42,2102,AS-11-QD,Mercedes-Benz,CITARO K,RL,2,6,20230101,28,57,0,1,0,0
42,2103,AS-12-QD,Mercedes-Benz,CITARO K,RL,2,6,20230101,28,57,0,1,0,0
42,2104,AS-75-OA,Mercedes-Benz,CITARO K,RL,2,6,20230101,28,57,0,1,0,0
42,2105,AS-83-OA,Mercedes-Benz,CITARO K,RL,2,6,20230101,28,57,0,1,0,0
42,2106,AS-78-OA,Mercedes-Benz,CITARO K,RL,2,6,20230101,28,57,1,1,0,0
42,2107,AS-81-OA,Mercedes-Benz,CITARO K,RL,2,6,20230101,28,57,0,1,0,0
42,2108,AS-93-OA,Mercedes-Benz,CITARO K,RL,2,6,20230101,28,57,0,1,0,0
42,2109,AS-76-OA,Mercedes-Benz,CITARO K,RL,2,6,20230101,28,57,0,1,0,0
42,2110,AS-86-OA,Mercedes-Benz,CITARO K,RL,2,6,20230101,28,57,0,1,0,0
42,2111,AS-85-OA,Mercedes-Benz,CITARO K,RL,2,6,20230101,28,57,0,1,0,0
42,2112,AS-70-OA,Mercedes-Benz,CITARO K,RL,2,6,20230101,28,57,1,1,0,0
42,2113,AS-71-OA,Mercedes-Benz,CITARO K,RL,2,6,20230101,28,57,1,1,0,0
42,2114,AS-84-OA,Mercedes-Benz,CITARO K,RL,2,6,20230101,28,57,0,1,0,0
42,2115,AS-88-OA,Mercedes-Benz,CITARO K,RL,2,6,20230101,28,57,0,1,0,0
42,2200,AR-66-NL,Mercedes-Benz,CITARO K,RL,2,6,20220621,28,57,0,1,0,0
42,2201,AS-12-FQ,Mercedes-Benz,CITARO K,RL,2,6,20220721,28,57,0,1,0,0
42,2202,AS-05-FQ,Mercedes-Benz,CITARO K,RL,2,6,20220721,28,57,0,1,0,0
42,2203,AS-03-FQ,Mercedes-Benz,CITARO K,RL,2,6,20230101,28,57,0,1,0,0
42,2204,AS-11-FQ,Mercedes-Benz,CITARO K,RL,2,6,20230101,28,57,0,1,0,0
42,2205,AS-10-FQ,Mercedes-Benz,CITARO K,RL,2,6,20230101,28,57,0,1,0,0
42,2206,AS-08-FQ,Mercedes-Benz,CITARO K,RL,2,6,20230101,28,57,0,1,0,0
42,2207,AS-98-FP,Mercedes-Benz,CITARO K,RL,2,6,20230101,28,57,0,1,0,0
42,2208,AS-97-FP,Mercedes-Benz,CITARO K,RL,2,6,20230101,28,57,0,1,0,0
42,2209,AS-01-FQ,Mercedes-Benz,CITARO K,RL,2,6,20230101,28,57,0,1,0,0
42,2210,AS-06-FQ,Mercedes-Benz,CITARO K,RL,2,6,20230101,28,57,0,1,0,0
42,2211,AS-99-OA,Mercedes-Benz,CITARO K,RL,2,6,20230101,28,57,0,1,0,0
42,2212,AS-74-OA,Mercedes-Benz,CITARO K,RL,2,6,20230101,28,57,0,1,0,0
42,2213,AS-72-OA,Mercedes-Benz,CITARO K,RL,2,6,20230101,28,57,0,1,0,0
42,2214,AS-80-OA,Mercedes-Benz,CITARO K,RL,2,6,20230101,28,57,0,1,0,0
42,2215,AS-89-OA,Mercedes-Benz,CITARO K,RL,2,6,20230101,28,57,0,1,0,0
42,2216,AS-94-OA,Mercedes-Benz,CITARO K,RL,2,6,20230101,28,57,0,1,0,0
42,2217,AS-90-OA,Mercedes-Benz,CITARO K,RL,2,6,20230101,28,57,0,1,0,0
42,2218,AS-95-OA,Mercedes-Benz,CITARO K,RL,2,6,20230101,28,57,0,1,0,0
42,2219,AS-96-OA,Mercedes-Benz,CITARO K,RL,2,6,20230101,28,57,1,1,0,0
42,2220,AS-79-OA,Mercedes-Benz,CITARO K,RL,2,6,20230101,28,57,0,1,0,0
42,2221,AS-87-OA,Mercedes-Benz,CITARO K,RL,2,6,20230101,28,57,1,1,0,0
42,2300,AL-65-VT,Mercedes-Benz,CONECTO,RL,2,6,20211215,27,82,0,1,0,0
42,2301,AL-61-VT,Mercedes-Benz,CONECTO,RL,2,6,20211215,27,82,0,1,0,0
42,2302,AL-67-VT,Mercedes-Benz,CONECTO,RL,2,6,20211215,27,82,0,1,0,0
42,2303,AL-48-VT,Mercedes-Benz,CONECTO,RL,2,6,20211215,27,82,0,1,0,0
42,2304,AL-01-VT,Mercedes-Benz,CONECTO,RL,2,6,20211215,27,82,0,1,0,0
42,2305,AL-16-VT,Mercedes-Benz,CONECTO,RL,2,6,20211215,27,82,0,1,0,0
42,2306,AL-89-VS,Mercedes-Benz,CONECTO,RL,2,6,20211215,27,82,0,1,0,0
42,2307,AL-31-VT,Mercedes-Benz,CONECTO,RL,2,6,20211215,27,82,0,1,0,0
42,2308,AL-10-VT,Mercedes-Benz,CONECTO,RL,2,6,20211215,27,82,0,1,0,0
42,2309,AL-57-VT,Mercedes-Benz,CONECTO,RL,2,6,20211215,27,82,0,1,0,0
42,2310,AL-25-VT,Mercedes-Benz,CONECTO,RL,2,6,20211215,27,82,1,1,0,0
42,2311,AQ-81-DS,Mercedes-Benz,CONECTO,RL,2,6,20220405,27,82,1,1,0,0
42,2312,AQ-79-DS,Mercedes-Benz,CONECTO,RL,2,6,20220405,27,82,1,1,0,0
42,2313,AQ-64-QI,Mercedes-Benz,CONECTO,RL,2,6,20220503,27,82,0,1,0,0
42,2314,AQ-61-QI,Mercedes-Benz,CONECTO,RL,2,6,20220503,27,82,0,1,0,0
42,2315,AQ-58-QI,Mercedes-Benz,CONECTO,RL,2,6,20220503,27,82,0,1,0,0
42,2316,AQ-54-QI,Mercedes-Benz,CONECTO,RL,2,6,20220503,27,82,0,1,0,0
42,2317,AR-80-AG,Mercedes-Benz,CONECTO,RL,2,6,20230101,27,82,1,1,0,0
42,2318,AR-87-AG,Mercedes-Benz,CONECTO,RL,2,6,20230101,27,82,0,1,0,0
42,2319,AR-91-AG,Mercedes-Benz,CONECTO,RL,2,6,20230101,27,82,0,1,0,0
42,2320,AR-81-AG,Mercedes-Benz,CONECTO,RL,2,6,20230101,27,82,0,1,0,0
42,2321,AR-83-AG,Mercedes-Benz,CONECTO,RL,2,6,20230101,27,82,0,1,0,0
42,2322,AR-84-AG,Mercedes-Benz,CONECTO,RL,2,6,20230101,27,82,0,1,0,0
42,2323,AR-94-AG,Mercedes-Benz,CONECTO,RL,2,6,20230101,27,82,0,1,0,0
42,2324,AR-70-DA,Mercedes-Benz,CONECTO,RL,2,6,20230101,27,82,0,1,0,0
42,2325,AR-80-DA,Mercedes-Benz,CONECTO,RL,2,6,20230101,27,82,0,1,0,1
42,2326,AR-60-EV,Mercedes-Benz,CONECTO,RL,2,6,20230101,27,82,0,1,0,1
42,2327,AR-76-EV,Mercedes-Benz,CONECTO,RL,2,6,20230101,27,82,0,1,0,1
42,2328,AR-77-EV,Mercedes-Benz,CONECTO,RL,2,6,20230101,27,82,0,1,0,1
42,2329,AR-80-EV,Mercedes-Benz,CONECTO,RL,2,6,20230101,27,82,0,1,0,0
42,2330,AR-77-DA,Mercedes-Benz,CONECTO,RL,2,6,20230101,27,82,0,1,0,1
42,2331,AR-82-DA,Mercedes-Benz,CONECTO,RL,2,6,20230101,27,82,0,1,0,1
42,2332,AR-10-GX,Mercedes-Benz,CONECTO,RL,2,6,20230101,27,82,0,1,0,0
42,2333,AR-66-EV,Mercedes-Benz,CONECTO,RL,2,6,20230101,27,82,0,1,0,0
42,2334,AR-76-DA,Mercedes-Benz,CONECTO,RL,2,6,20230101,27,82,0,1,0,0
42,2335,AR-64-EV,Mercedes-Benz,CONECTO,RL,2,6,20230101,27,82,0,1,0,0
42,2336,AR-81-DA,Mercedes-Benz,CONECTO,RL,2,6,20220531,27,82,0,1,0,0
42,2337,AR-94-GV,Mercedes-Benz,CONECTO,RL,2,6,20220606,27,82,0,1,0,0
42,2338,AR-92-LX,Mercedes-Benz,CONECTO,RL,2,6,20220716,27,82,0,1,0,0
42,2339,AR-53-GI,Mercedes-Benz,CONECTO,RL,2,6,20230101,27,82,0,1,0,0
42,2340,AR-67-LX,Mercedes-Benz,CONECTO,RL,2,6,20220617,27,82,0,1,0,0
42,2341,AR-72-LX,Mercedes-Benz,CONECTO,RL,2,6,20230101,27,82,0,1,0,0
42,2342,AR-78-LX,Mercedes-Benz,CONECTO,RL,2,6,20220617,27,82,0,1,0,0
42,2343,AR-97-GV,Mercedes-Benz,CONECTO,RL,2,6,20230101,27,82,0,1,0,0
42,2344,AR-10-PH,Mercedes-Benz,CONECTO,RL,2,6,20230101,27,82,0,1,0,0
42,2345,AR-09-PH,Mercedes-Benz,CONECTO,RL,2,6,20230101,27,82,1,1,0,0
42,2346,AR-00-PH,Mercedes-Benz,CONECTO,RL,2,6,20230101,27,82,0,1,0,0
42,2347,AR-58-LX,Mercedes-Benz,CONECTO,RL,2,6,20230101,27,82,0,1,0,0
42,2348,AR-48-TF,Mercedes-Benz,CONECTO,RL,2,6,20230101,27,82,0,1,0,0
42,2349,AR-55-TF,Mercedes-Benz,CONECTO,RL,2,6,20230101,27,82,0,1,0,0
42,2350,AR-66-RA,Mercedes-Benz,CONECTO,RL,2,6,20230101,27,82,0,1,0,0
42,2351,AR-64-RA,Mercedes-Benz,CONECTO,RL,2,6,20230101,27,82,0,1,0,0
42,2352,AR-50-GI,Mercedes-Benz,CONECTO,RL,2,6,20230101,27,82,0,1,0,0
42,2353,AR-95-PG,Mercedes-Benz,CONECTO,RL,2,6,20230101,27,82,0,1,0,0
42,2354,AR-04-PH,Mercedes-Benz,CONECTO,RL,2,6,20230101,27,82,0,1,0,0
42,2355,AR-80-XT,Mercedes-Benz,CONECTO,RL,2,6,20230101,27,82,0,1,0,0
42,2356,AR-29-ZS,Mercedes-Benz,CONECTO,RL,2,6,20230101,27,82,0,1,0,0
42,2357,AR-04-GX,Mercedes-Benz,CONECTO,RL,2,6,20230101,27,82,0,1,0,0
42,2358,AR-27-ZS,Mercedes-Benz,CONECTO,RL,2,6,20230101,27,82,0,1,0,0
42,2359,AR-30-ZS,Mercedes-Benz,CONECTO,RL,2,6,20230101,27,82,0,1,0,0
42,2360,AR-35-ZS,Mercedes-Benz,CONECTO,RL,2,6,20230101,27,82,0,1,0,0
42,2361,AR-32-ZS,Mercedes-Benz,CONECTO,RL,2,6,20230101,27,82,0,1,0,0
42,2362,AR-85-XT,Mercedes-Benz,CONECTO,RL,2,6,20230101,27,82,0,1,0,0
42,2363,AR-28-ZS,Mercedes-Benz,CONECTO,RL,2,6,20230101,27,82,0,1,0,0
42,2364,AS-64-NL,Mercedes-Benz,CONECTO,RL,2,6,20230101,27,82,0,1,0,0
42,2365,AS-53-NL,Mercedes-Benz,CONECTO,RL,2,6,20230101,27,82,0,1,0,0
42,2366,AS-56-NL,Mercedes-Benz,CONECTO,RL,2,6,20230101,27,82,0,1,0,0
42,2367,AS-99-OO,Mercedes-Benz,CONECTO,RL,2,6,20230101,27,82,0,1,0,0
42,2368,AS-80-PP,Mercedes-Benz,CONECTO,RL,2,6,20230101,27,82,0,1,0,0
42,2369,AS-91-PP,Mercedes-Benz,CONECTO,RL,2,6,20230101,27,82,0,1,0,0
42,2370,AS-81-QZ,Mercedes-Benz,CONECTO,RL,2,6,20230101,27,82,0,1,0,0
42,2371,AS-82-QZ,Mercedes-Benz,CONECTO,RL,2,6,20230101,27,82,0,1,0,0
42,2372,AS-05-UA,Mercedes-Benz,CONECTO,RL,2,6,20230101,27,82,0,1,0,0
42,2373,AS-08-UA,Mercedes-Benz,CONECTO,RL,2,6,20230101,27,82,0,1,0,0
42,2374,AS-22-UA,Mercedes-Benz,CONECTO,RL,2,6,20230101,27,82,0,1,0,0
42,2375,AS-15-UA,Mercedes-Benz,CONECTO,RL,2,6,20230101,27,82,0,1,0,0
42,2376,AS-12-UA,Mercedes-Benz,CONECTO,RL,2,6,20230101,27,82,0,1,0,0
42,2377,AS-64-PP,Mercedes-Benz,CONECTO,RL,2,6,20230101,27,82,0,1,0,0
42,2378,AS-68-PP,Mercedes-Benz,CONECTO,RL,2,6,20230101,27,82,1,1,0,0
42,2379,AS-21-UA,Mercedes-Benz,CONECTO,RL,2,6,20230101,27,82,1,1,0,0
42,2400,BB-52-CG,Zhongtong,LCK6126EVG-2,RL,6,6,20230523,32,53,0,0,0,0
42,2401,BB-64-CJ,Zhongtong,LCK6126EVG-2,RL,6,6,20230523,32,53,0,0,0,0
42,2402,BB-29-CG,Zhongtong,LCK6126EVG-2,RL,6,6,20230523,32,53,0,0,0,1
42,2403,BB-51-CH,Zhongtong,LCK6126EVG-2,RL,6,6,20230523,32,53,0,0,0,0
42,2404,BB-07-CH,Zhongtong,LCK6126EVG-2,RL,6,6,20230523,32,53,0,0,0,1
42,2405,BB-49-CJ,Zhongtong,LCK6126EVG-2,RL,6,6,20230523,32,53,0,0,0,1
42,2406,BB-65-CF,Zhongtong,LCK6126EVG-2,RL,6,6,20230523,32,53,0,0,0,1
42,2407,BB-80-CF,Zhongtong,LCK6126EVG-2,RL,6,6,20230523,32,53,0,0,0,1
42,2408,BB-47-CI,Zhongtong,LCK6126EVG-2,RL,6,6,20230523,32,53,0,0,0,1
42,2409,BB-38-CI,Zhongtong,LCK6126EVG-2,RL,6,6,20230523,32,53,0,0,0,0
42,2410,BB-95-CI,Zhongtong,LCK6126EVG-2,RL,6,6,20230523,32,53,0,0,0,1
42,2411,BB-01-CF,Zhongtong,LCK6126EVG-2,RL,6,6,20230523,32,53,0,0,0,1
42,2412,BB-18-CJ,Zhongtong,LCK6126EVG-2,RL,6,6,20230523,32,53,0,0,0,0
42,2413,BB-60-CF,Zhongtong,LCK6126EVG-2,RL,6,6,20230523,32,53,0,0,0,1
42,2414,BB-43-CH,Zhongtong,LCK6126EVG-2,RL,6,6,20230523,32,53,0,0,0,0
42,2415,BB-52-CH,Zhongtong,LCK6126EVG-2,RL,6,6,20230523,32,53,0,0,0,1
42,2416,BB-21-CF,Zhongtong,LCK6126EVG-2,RL,6,6,20230523,32,53,0,0,0,1
42,2417,BB-51-CG,Zhongtong,LCK6126EVG-2,RL,6,6,20230523,32,53,0,0,0,1
42,2418,BB-57-CG,Zhongtong,LCK6126EVG-2,RL,6,6,20230523,32,53,0,0,0,1
42,2419,BB-35-CI,Zhongtong,LCK6126EVG-2,RL,6,6,20230523,32,53,0,0,0,0
42,2420,BB-62-CJ,Zhongtong,LCK6126EVG-2,RL,6,6,20230523,32,53,0,0,0,0
42,2421,BB-59-CH,Zhongtong,LCK6126EVG-2,RL,6,6,20230523,32,53,0,0,0,0
42,2422,BB-06-CF,Zhongtong,LCK6126EVG-2,RL,6,6,20230523,32,53,0,0,0,0
42,2423,BB-39-CI,Zhongtong,LCK6126EVG-2,RL,6,6,20230523,32,53,0,0,0,0
42,2424,BB-69-CG,Zhongtong,LCK6126EVG-2,RL,6,6,20230523,32,53,0,0,0,0
42,2500,AL-32-VT,Mercedes-Benz,CONECTO,RL,2,6,20211215,27,82,0,1,0,0
42,2501,AL-44-VT,Mercedes-Benz,CONECTO,RL,2,6,20211215,27,82,0,1,0,0
42,2502,AL-94-VS,Mercedes-Benz,CONECTO,RL,2,6,20211215,27,82,0,1,0,0
42,2503,AL-85-VS,Mercedes-Benz,CONECTO,RL,2,6,20211215,27,82,0,1,0,0
42,2504,AL-33-VT,Mercedes-Benz,CONECTO,RL,2,6,20211215,27,82,0,1,0,0
42,2505,AL-29-VT,Mercedes-Benz,CONECTO,RL,2,6,20211215,27,82,0,1,0,0
42,2506,AL-77-VS,Mercedes-Benz,CONECTO,RL,2,6,20211215,27,82,0,1,0,0
42,2507,AL-24-VT,Mercedes-Benz,CONECTO,RL,2,6,20211215,27,82,0,1,0,0
42,2508,AL-09-VT,Mercedes-Benz,CONECTO,RL,2,6,20211215,27,82,0,1,0,0
42,2509,AL-49-VT,Mercedes-Benz,CONECTO,RL,2,6,20211215,27,82,0,1,0,0
42,2510,AL-50-VT,Mercedes-Benz,CONECTO,RL,2,6,20221215,27,82,0,1,0,0
42,2511,AL-83-VS,Mercedes-Benz,CONECTO,RL,2,6,20230621,27,82,0,1,0,0
42,2512,AL-63-VT,Mercedes-Benz,CONECTO,RL,2,6,20211215,27,82,0,1,0,1
42,2513,AL-64-VT,Mercedes-Benz,CONECTO,RL,2,6,20211215,27,82,1,1,0,0
42,2514,AL-26-VT,Mercedes-Benz,CONECTO,RL,2,6,20211215,27,82,0,1,0,1
42,2515,AL-62-VT,Mercedes-Benz,CONECTO,RL,2,6,20211221,27,82,0,1,0,1
42,2516,AL-69-VT,Mercedes-Benz,CONECTO,RL,2,6,20211212,27,82,1,1,0,1
42,2517,AL-81-VS,Mercedes-Benz,CONECTO,RL,2,6,20211215,27,82,0,1,0,1
42,2518,AL-18-VT,Mercedes-Benz,CONECTO,RL,2,6,20211215,27,82,0,1,0,0
42,2519,AL-02-VT,Mercedes-Benz,CONECTO,RL,2,6,20211215,27,82,0,1,0,0
42,2520,AL-03-VT,Mercedes-Benz,CONECTO,RL,2,6,20211215,27,82,0,1,0,1
42,2521,AL-74-VS,Mercedes-Benz,CONECTO,RL,2,6,20211215,27,82,1,1,0,0
42,2522,AL-97-VS,Mercedes-Benz,CONECTO,RL,2,6,20211215,27,82,0,1,0,0
42,2523,AL-14-VT,Mercedes-Benz,CONECTO,RL,2,6,20211215,27,82,1,1,0,1
42,2524,AL-12-VT,Mercedes-Benz,CONECTO,RL,2,6,20211215,27,82,0,1,0,1
42,2525,AQ-80-DS,Mercedes-Benz,CONECTO,RL,2,6,20220405,27,82,1,1,0,0
42,2526,AQ-83-DS,Mercedes-Benz,CONECTO,RL,2,6,20220405,27,82,1,1,0,0
42,2527,AQ-19-FI,Mercedes-Benz,CONECTO,RL,2,6,20220408,27,82,0,1,0,0
42,2528,AQ-23-ME,Mercedes-Benz,CONECTO,RL,2,6,20220426,27,82,0,1,0,0
42,2529,AQ-60-QI,Mercedes-Benz,CONECTO,RL,2,6,20220503,27,82,0,1,0,0
42,2530,AQ-66-QI,Mercedes-Benz,CONECTO,RL,2,6,20220503,27,82,0,1,0,0
42,2531,AR-82-AG,Mercedes-Benz,CONECTO,RL,2,6,20220523,27,82,0,1,0,0
42,2532,AR-85-AG,Mercedes-Benz,CONECTO,RL,2,6,20220523,27,82,0,1,0,0
42,2533,AR-97-AG,Mercedes-Benz,CONECTO,RL,2,6,20220523,27,82,0,1,0,0
42,2534,AR-95-AG,Mercedes-Benz,CONECTO,RL,2,6,20220523,27,82,0,1,0,0
42,2535,AR-78-AG,Mercedes-Benz,CONECTO,RL,2,6,20220523,27,82,0,1,0,0
42,2536,AR-89-AG,Mercedes-Benz,CONECTO,RL,2,6,20220523,27,82,0,1,0,0
42,2537,AR-74-DA,Mercedes-Benz,CONECTO,RL,2,6,20220527,27,82,0,1,0,0
42,2538,AR-51-GI,Mercedes-Benz,CONECTO,RL,2,6,20220603,27,82,0,1,0,1
42,2539,AR-30-GI,Mercedes-Benz,CONECTO,RL,2,6,20220603,27,82,0,1,0,1
42,2540,AR-01-HO,Mercedes-Benz,CONECTO,RL,2,6,20220607,27,82,0,1,0,1
42,2541,AR-98-HN,Mercedes-Benz,CONECTO,RL,2,6,20220607,27,82,0,1,0,1
42,2542,AR-97-HN,Mercedes-Benz,CONECTO,RL,2,6,20220607,27,82,0,1,0,0
42,2543,AR-11-GX,Mercedes-Benz,CONECTO,RL,2,6,20220606,27,82,0,1,0,0
42,2544,AR-03-HO,Mercedes-Benz,CONECTO,RL,2,6,20220607,27,82,0,1,0,1
42,2545,AR-02-HO,Mercedes-Benz,CONECTO,RL,2,6,20220607,27,82,0,1,0,1
42,2546,AR-99-HN,Mercedes-Benz,CONECTO,RL,2,6,20220607,27,82,0,1,0,0
42,2547,AR-69-EV,Mercedes-Benz,CONECTO,RL,2,6,20220531,27,82,0,1,0,1
42,2548,AR-75-DA,Mercedes-Benz,CONECTO,RL,2,6,20220527,27,82,0,1,0,0
42,2549,AR-02-GX,Mercedes-Benz,CONECTO,RL,2,6,20220606,27,82,0,1,0,0
42,2550,AR-00-HO,Mercedes-Benz,CONECTO,RL,2,6,20220607,27,82,0,1,0,1
42,2551,AR-38-GI,Mercedes-Benz,CONECTO,RL,2,6,20220603,27,82,0,1,0,1
42,2552,AR-93-GV,Mercedes-Benz,CONECTO,RL,2,6,20220606,27,82,0,1,0,0
42,2553,AR-95-HN,Mercedes-Benz,CONECTO,RL,2,6,20220607,27,82,0,1,0,1
42,2554,AR-12-GX,Mercedes-Benz,CONECTO,RL,2,6,20220606,27,82,0,1,0,1
42,2555,AR-98-GV,Mercedes-Benz,CONECTO,RL,2,6,20220606,27,82,0,1,0,1
42,2556,AR-01-GX,Mercedes-Benz,CONECTO,RL,2,6,20220606,27,82,0,1,0,1
42,2557,AR-34-GI,Mercedes-Benz,CONECTO,RL,2,6,20220603,27,82,0,1,0,1
42,2558,AR-42-GI,Mercedes-Benz,CONECTO,RL,2,6,20220603,27,82,0,1,0,1
42,2559,AR-48-GI,Mercedes-Benz,CONECTO,RL,2,6,20220603,27,82,0,1,0,0
42,2560,AR-54-GI,Mercedes-Benz,CONECTO,RL,2,6,20220603,27,82,0,1,0,1
42,2561,AR-70-EV,Mercedes-Benz,CONECTO,RL,2,6,20220531,27,82,0,1,0,0
42,2562,AR-91-LX,Mercedes-Benz,CONECTO,RL,2,6,20220617,27,82,0,1,0,1
42,2563,AR-92-GV,Mercedes-Benz,CONECTO,RL,2,6,20220606,27,82,0,1,0,1
42,2564,AS-61-NL,Mercedes-Benz,CONECTO,RL,2,6,20220803,27,82,0,1,0,1
42,2565,AS-55-NL,Mercedes-Benz,CONECTO,RL,2,6,20220803,27,82,0,1,0,0
42,2566,AS-95-OO,Mercedes-Benz,CONECTO,RL,2,6,20220805,27,82,0,1,0,1
42,2567,AS-96-OO,Mercedes-Benz,CONECTO,RL,2,6,20220805,27,82,0,1,0,1
42,2568,AS-03-OP,Mercedes-Benz,CONECTO,RL,2,6,20220805,27,82,0,1,0,0
42,2570,AS-70-PP,Mercedes-Benz,CONECTO,RL,2,6,20220809,27,82,0,1,0,0
42,2571,AS-84-QZ,Mercedes-Benz,CONECTO,RL,2,6,20220812,27,82,0,1,0,0
42,2572,AS-67-PP,Mercedes-Benz,CONECTO,RL,2,6,20220809,27,82,0,1,0,0
42,2573,AS-87-QZ,Mercedes-Benz,CONECTO,RL,2,6,20220812,27,82,0,1,0,0
42,2574,AS-83-PP,Mercedes-Benz,CONECTO,RL,2,6,20220809,27,82,0,1,0,0
42,2575,AS-18-RO,Mercedes-Benz,CONECTO,RL,2,6,20220816,27,82,0,1,0,0
42,2576,AS-85-QZ,Mercedes-Benz,CONECTO,RL,2,6,20220812,27,82,0,1,0,0
42,2577,AS-07-RO,Mercedes-Benz,CONECTO,RL,2,6,20220816,27,82,0,1,0,0
42,2578,AS-86-QZ,Mercedes-Benz,CONECTO,RL,2,6,20220812,27,82,0,1,0,0
42,2579,AS-73-PP,Mercedes-Benz,CONECTO,RL,2,6,20220809,27,82,0,1,0,0
42,2580,AS-83-QZ,Mercedes-Benz,CONECTO,RL,2,6,20220812,27,82,0,1,0,1
42,2581,AS-26-SN,Mercedes-Benz,CONECTO,RL,2,6,20230101,27,82,0,1,0,0
42,2582,AS-33-SN,Mercedes-Benz,CONECTO,RL,2,6,20230101,27,82,0,1,0,0
42,2583,AS-85-PP,Mercedes-Benz,CONECTO,RL,2,6,20230101,27,82,0,1,0,0
42,2584,AS-89-QZ,Mercedes-Benz,CONECTO,RL,2,6,20230101,27,82,0,1,0,0
42,2585,AS-06-UA,Mercedes-Benz,CONECTO,RL,2,6,20230101,27,82,0,1,0,0
42,2586,AS-16-UA,Mercedes-Benz,CONECTO,RL,2,6,20230101,27,82,0,1,0,0
42,2587,AS-18-UA,Mercedes-Benz,CONECTO,RL,2,6,20230101,27,82,0,1,0,0
42,2588,AS-23-UA,Mercedes-Benz,CONECTO,RL,2,6,20230101,27,82,0,1,0,0
42,2589,AS-09-UA,Mercedes-Benz,CONECTO,RL,2,6,20230101,27,82,0,1,0,0
42,2590,AS-32-SN,Mercedes-Benz,CONECTO,RL,2,6,20220818,27,82,1,1,0,0
42,2591,AS-20-UA,Mercedes-Benz,CONECTO,RL,2,6,20230101,27,82,0,1,0,0
42,2592,AU-74-DS,Mercedes-Benz,CONECTO,RL,2,6,20230101,27,82,0,1,0,0
42,2593,AU-25-HS,Mercedes-Benz,CONECTO,RL,2,6,20230101,27,82,0,1,0,0
42,2594,AU-86-GM,Mercedes-Benz,CONECTO,RL,2,6,20230101,27,82,0,1,0,0
42,2595,AU-24-HS,Mercedes-Benz,CONECTO,RL,2,6,20221107,27,82,1,1,0,0
42,2596,AU-21-HS,Mercedes-Benz,CONECTO,RL,2,6,20221107,27,82,0,1,0,0
42,2597,AU-88-GM,Mercedes-Benz,CONECTO,RL,2,6,20221103,27,82,0,1,0,0
42,2598,AS-88-QZ,Mercedes-Benz,CONECTO,RL,2,6,20220812,27,82,0,1,0,0
42,2600,BB-29-JA,CaetanoBus,e.City Gold,JJ Santo António,6,3,20230604,37,42,0,1,0,0
42,2601,BB-40-QU,CaetanoBus,e.City Gold,JJ Santo António,6,3,20230615,37,42,0,1,1,0
42,2602,BC-03-AO,CaetanoBus,e.City Gold,JJ Santo António,6,3,20230627,37,42,0,1,0,0
42,2603,BC-55-AN,CaetanoBus,e.City Gold,JJ Santo António,6,3,20230627,37,42,0,1,0,0
42,2604,BC-36-Al,CaetanoBus,e.City Gold,JJ Santo António,6,3,20230627,38,42,0,1,0,0
42,2605,BC-75-JH,CaetanoBus,e.City Gold,JJ Santo António,6,3,20230712,38,42,0,1,0,1
42,2606,BC-38-JF,CaetanoBus,e.City Gold,JJ Santo António,6,3,20230712,37,42,0,1,0,0
42,2607,BC-85-QB,CaetanoBus,e.City Gold,JJ Santo António,6,3,20230724,37,42,0,1,0,0
42,2608,BC-71-TB,CaetanoBus,e.City Gold,JJ Santo António,6,3,20230727,37,42,0,0,0,0
42,2609,BC-66-TB,CaetanoBus,e.City Gold,JJ Santo António,6,3,20230727,37,42,0,1,0,0
42,2610,BC-91-NX,CaetanoBus,e.City Gold,JJ Santo António,6,3,20230719,37,42,0,0,0,1
42,2611,BC-39-QB,CaetanoBus,e.City Gold,JJ Santo António,6,3,20230724,37,42,0,1,0,0
42,2612,BC-44-QD,CaetanoBus,e.City Gold,JJ Santo António,6,3,20230724,37,42,0,0,0,0
42,2613,BC-73-NZ,CaetanoBus,e.City Gold,JJ Santo António,6,3,20230719,37,42,0,0,0,0
42,2614,BC-71-UM,CaetanoBus,e.City Gold,JJ Santo António,6,3,20230720,37,42,0,0,0,0
42,2700,AR-59-LX,Mercedes-Benz,INTOURO M,RL,2,6,20220617,57,32,0,1,0,0
42,2701,AR-03-PH,Mercedes-Benz,INTOURO M,RL,2,6,20220623,57,32,0,1,0,0
42,2702,AS-32-CE,Mercedes-Benz,INTOURO M,RL,2,6,20220714,57,32,0,1,0,0
42,2703,AR-48-ZS,Mercedes-Benz,INTOURO M,RL,2,6,20220708,57,32,0,1,0,0
42,2704,AS-34-SN,Mercedes-Benz,INTOURO M,RL,2,6,20220818,57,32,0,1,0,0
42,2705,AS-11-UA,Mercedes-Benz,INTOURO M,RL,2,6,20220823,57,32,0,1,0,0
42,2706,AS-35-SN,Mercedes-Benz,INTOURO M,RL,2,6,20220818,57,32,0,1,0,0
42,2707,AU-71-DS,Mercedes-Benz,INTOURO M,RL,2,6,20230101,57,32,0,1,0,0
42,2708,AU-32-CH,Mercedes-Benz,INTOURO M,RL,2,6,20230101,57,32,0,1,0,0
42,2709,AU-22-FV,Mercedes-Benz,INTOURO M,RL,2,6,20230101,57,32,1,1,0,0
42,2710,AU-17-FV,Mercedes-Benz,INTOURO M,RL,2,6,20230101,57,32,0,1,0,0
42,2711,AU-27-FV,Mercedes-Benz,INTOURO M,RL,2,6,20230101,57,32,0,1,0,0
42,2712,AU-29-FV,Mercedes-Benz,INTOURO M,RL,2,6,20230101,57,32,0,1,0,0
42,2713,AU-85-GM,Mercedes-Benz,INTOURO M,RL,2,6,20230101,57,32,0,1,0,0
42,2720,AU-24-FV,Mercedes-Benz,INTOURO S,RL,2,6,20230101,52,32,0,1,0,0
42,2721,AT-59-AJ,Mercedes-Benz,INTOURO S,RL,2,6,20230101,52,32,0,0,0,0
42,2722,AU-12-TX,Mercedes-Benz,INTOURO S,RL,2,6,20230101,52,32,0,0,0,0
42,2723,AU-13-TX,Mercedes-Benz,INTOURO S,RL,2,6,20230101,52,32,0,0,0,0
42,2750,AR-85-LX,Mercedes-Benz,INTOURO S,RL,2,6,20220617,52,32,0,1,0,0
42,2751,AR-26-ZS,Mercedes-Benz,INTOURO S,RL,2,6,20220708,52,32,0,1,0,0
42,2752,AR-46-ZS,Mercedes-Benz,INTOURO S,RL,2,6,20220708,52,32,0,1,0,0
42,2753,AS-36-CE,Mercedes-Benz,INTOURO S,RL,2,6,20220714,52,32,0,1,0,0
42,2754,AS-74-CT,Mercedes-Benz,INTOURO S,RL,2,6,20220715,52,32,0,1,0,0
42,2755,AS-40-CE,Mercedes-Benz,INTOURO S,RL,2,6,20220417,52,32,0,1,0,0
42,2756,AR-74-NL,Mercedes-Benz,INTOURO S,RL,2,6,20220621,52,32,0,1,0,0
42,2757,AR-87-LX,Mercedes-Benz,INTOURO S,RL,2,6,20220701,52,32,0,1,0,0
42,2758,AR-74-LX,Mercedes-Benz,INTOURO S,RL,2,6,20220701,52,32,0,1,0,0
42,2759,AR-86-LX,Mercedes-Benz,INTOURO S,RL,2,6,20220701,52,32,0,1,0,0
42,2760,AR-68-LX,Mercedes-Benz,INTOURO S,RL,2,6,20220701,52,32,0,1,0,0
42,2761,AR-76-LX,Mercedes-Benz,INTOURO S,RL,2,6,20220701,52,32,0,1,0,0
42,2762,AR-96-HN,Mercedes-Benz,INTOURO S,RL,2,6,20220701,52,32,0,1,0,0
42,2763,AS-10-UA,Mercedes-Benz,INTOURO S,RL,2,6,20230101,52,32,0,1,0,0
42,2764,AT-74-FZ,Mercedes-Benz,INTOURO S,RL,2,6,20230101,52,32,0,1,0,0
42,2765,AT-75-FZ,Mercedes-Benz,INTOURO S,RL,2,6,20230101,52,32,0,1,0,0
42,2766,AT-78-FZ,Mercedes-Benz,INTOURO S,RL,2,6,20230101,52,32,0,1,0,0
42,2767,AR-38-ZS,Mercedes-Benz,INTOURO S,RL,2,6,20230101,52,32,0,1,0,0
42,2768,AT-77-FZ,Mercedes-Benz,INTOURO S,RL,2,6,20230101,52,32,0,1,0,0
42,2769,AU-68-DS,Mercedes-Benz,INTOURO S,RL,2,6,20230101,52,32,0,1,0,0
42,2770,AS-07-UA,Mercedes-Benz,INTOURO M,RL,2,6,20230101,57,32,0,1,0,0
42,2771,AS-27-SN,Mercedes-Benz,INTOURO M,RL,2,6,20230101,57,32,0,1,0,0
42,2772,AS-13-UA,Mercedes-Benz,INTOURO M,RL,2,6,20230101,57,32,0,1,0,0
42,2773,AT-58-AJ,Mercedes-Benz,INTOURO M,RL,2,6,20230101,57,32,0,1,0,0
42,2774,AT-63-AJ,Mercedes-Benz,INTOURO M,RL,2,6,20230101,57,32,0,1,0,0
42,2775,AT-14-EM,Mercedes-Benz,INTOURO M,RL,2,6,20230101,57,32,0,1,0,0
42,2776,AT-61-AJ,Mercedes-Benz,INTOURO M,RL,2,6,20230101,57,32,0,1,0,0
42,2777,AT-76-FZ,Mercedes-Benz,INTOURO M,RL,2,6,20230101,57,32,0,1,0,0
42,2778,AT-13-EM,Mercedes-Benz,INTOURO M,RL,2,6,20230101,57,32,0,1,0,0
42,2779,AT-79-FZ,Mercedes-Benz,INTOURO M,RL,2,6,20230101,57,32,0,1,0,0
42,2780,AT-41-DV,Mercedes-Benz,INTOURO M,RL,2,6,20230101,57,32,0,1,0,0
42,2781,AU-69-DS,Mercedes-Benz,INTOURO M,RL,2,6,20230101,57,32,0,1,0,0
42,2782,AU-37-CH,Mercedes-Benz,INTOURO M,RL,2,6,20230101,57,32,0,1,0,0
42,2783,AU-34-CH,Mercedes-Benz,INTOURO M,RL,2,6,20230101,57,32,0,1,0,0
42,2784,AU-23-HS,Mercedes-Benz,INTOURO M,RL,2,6,20230101,57,32,0,1,0,0
42,2785,AU-87-GM,Mercedes-Benz,INTOURO M,RL,2,6,20230101,57,32,0,1,0,0
42,2786,AU-30-FV,Mercedes-Benz,INTOURO M,RL,2,6,20230101,57,32,0,1,0,0
43,11,03VD29,Mercedes-Benz,519 CDI,TST,2,6,20180901,15,10,0,1,0,0
43,12,06VD64,Mercedes-Benz,519 CDI,TST,2,6,20180901,15,10,0,1,0,0
43,13,04VD76,Mercedes-Benz,519 CDI,TST,2,6,20180901,15,10,0,1,0,0
43,14,02VD72,Mercedes-Benz,519 CDI,TST,2,6,20180901,15,10,0,1,0,0
43,15,36VG37,Mercedes-Benz,519 CDI,TST,2,6,20181001,15,10,0,1,0,0
43,16,37VG71,Mercedes-Benz,519 CDI,TST,2,6,20181001,15,10,0,1,0,0
43,221,48SI29,Mercedes-Benz,INTEGRO,TST,2,5,20090401,53,32,0,0,0,0
43,348,86XN94,Mercedes-Benz,INTEGRO,TST,2,5,20101101,55,24,0,0,0,0
43,349,07UR75,Mercedes-Benz,INTEGRO,TST,2,5,20100101,53,21,0,0,0,0
43,356,07UR31,Mercedes-Benz,INTEGRO,TST,2,5,20100101,53,21,0,0,0,0
43,360,07UR86,Mercedes-Benz,INTEGRO,TST,2,5,20100101,53,21,0,0,0,0
43,361,08UR16,Mercedes-Benz,INTEGRO,TST,2,5,20100101,53,21,0,0,0,0
43,517,31PC08,MAN,18.250 HOCL-NL E5,TST,2,0,20140901,35,30,0,1,0,0
43,518,31PC09,MAN,18.250 HOCL-NL E5,TST,2,0,20140901,35,30,0,1,0,0
43,565,03SM35,Setra,S415NF,TST,2,5,20090401,42,26,0,1,0,0
43,638,03SM42,Mercedes-Benz,CITARO,TST,2,5,20090201,41,25,0,1,0,0
43,639,03SM33,Mercedes-Benz,CITARO,TST,2,5,20100701,40,25,0,1,0,0
43,641,84SM84,Mercedes-Benz,CITARO,TST,2,5,20100701,40,25,0,1,0,0
43,642,84SM82,Mercedes-Benz,CITARO,TST,2,5,20100701,40,25,0,1,0,0
43,643,28SU53,Mercedes-Benz,CITARO,TST,2,5,20090201,41,25,0,1,0,0
43,644,21TA25,Mercedes-Benz,CITARO,TST,2,5,20090201,40,25,0,1,0,0
43,660,31LE49,Mercedes-Benz,CITARO,TST,2,5,20110201,34,71,0,1,0,0
43,661,31LE50,Mercedes-Benz,CITARO,TST,2,5,20110201,34,71,0,1,0,0
43,662,48MP97,Mercedes-Benz,CITARO,TST,2,5,20120301,34,71,0,1,0,0
43,663,48MP98,Mercedes-Benz,CITARO,TST,2,5,20120301,34,71,0,1,0,0
43,664,48MP99,Mercedes-Benz,CITARO,TST,2,5,20120301,34,71,0,1,0,0
43,665,49MP00,Mercedes-Benz,CITARO,TST,2,5,20120301,34,71,0,1,0,0
43,666,49MP01,Mercedes-Benz,CITARO,TST,2,5,20120301,34,71,0,1,0,0
43,667,49MP02,Mercedes-Benz,CITARO,TST,2,5,20120301,34,71,0,1,0,0
43,668,49MP03,Mercedes-Benz,CITARO,TST,2,5,20120301,34,71,0,1,0,0
43,669,49MP04,Mercedes-Benz,CITARO,TST,2,5,20120301,34,71,0,1,0,0
43,670,49MP05,Mercedes-Benz,CITARO,TST,2,5,20120301,34,71,0,1,0,0
43,671,66VP56,Mercedes-Benz,CITARO,TST,2,5,20090601,33,54,0,1,0,0
43,672,68VP52,Mercedes-Benz,CITARO,TST,2,5,20090601,33,54,0,1,0,0
43,673,69VP81,Mercedes-Benz,CITARO,TST,2,5,20090601,33,54,0,1,0,0
43,674,67VP85,Mercedes-Benz,CITARO,TST,2,5,20090601,33,54,0,1,0,0
43,741,87SI81,MAN,LION'S CITY,TST,2,6,20090201,40,43,0,1,0,0
43,749,46SJ53,MAN,LION'S CITY,TST,2,6,20090201,40,43,0,1,0,0
43,758,21SN28,MAN,LION'S CITY,TST,2,6,20090201,40,43,0,1,0,0
43,2000,AS96CP,Iveco,Daily 70C21 Itrabus I,TST,2,6,20220901,24,9,0,1,1,1
43,2001,AS11CQ,Iveco,Daily 70C21 Itrabus I,TST,2,6,20220901,24,9,0,1,1,0
43,2002,AS13CQ,Iveco,Daily 70C21 Itrabus I,TST,2,6,20220901,24,9,0,1,1,0
43,2003,AS10CQ,Iveco,Daily 70C21 Itrabus I,TST,2,6,20220901,24,9,0,1,1,0
43,2004,AR22VA,Iveco,Daily 70C21 Itrabus I,TST,2,6,20220901,24,9,0,1,1,0
43,2005,AR02ZE,Iveco,Daily 70C21 Itrabus I,TST,2,6,20220901,24,9,0,1,1,0
43,2006,AR20VA,Iveco,Daily 70C21 Itrabus I,TST,2,6,20220901,24,9,0,1,1,0
43,2007,AR13VA,Iveco,Daily 70C21 Itrabus I,TST,2,6,20220901,24,9,0,1,1,0
43,2008,AS07CQ,Iveco,Daily 70C21 Itrabus I,TST,2,6,20220901,24,9,0,1,1,0
43,2009,AS99CP,Iveco,Daily 70C21 Itrabus I,TST,2,6,20220901,24,9,0,1,1,0
43,2010,AS09CQ,Iveco,Daily 70C21 Itrabus I,TST,2,6,20220901,24,9,0,1,1,0
43,2011,AS97CP,Iveco,Daily 70C21 Itrabus I,TST,2,6,20220901,24,9,0,1,1,0
43,2012,AS03CQ,Iveco,Daily 70C21 Itrabus I,TST,2,6,20220901,24,9,0,1,1,1
43,2013,AS00CQ,Iveco,Daily 70C21 Itrabus I,TST,2,6,20220901,24,9,0,1,1,0
43,2014,AR78LE,Iveco,Daily 70C21 Itrabus I,TST,2,6,20220801,24,9,0,1,1,0
43,2015,AR96LE,Iveco,Daily 70C21 Itrabus I,TST,2,6,20220801,24,9,0,1,1,0
43,2016,AR03LF,Iveco,Daily 70C21 Itrabus I,TST,2,6,20220801,24,9,0,1,1,0
43,2017,AR31VA,Iveco,Daily 70C21 Itrabus I,TST,2,6,20220901,24,9,0,1,1,0
43,2018,AR24VA,Iveco,Daily 70C21 Itrabus I,TST,2,6,20220901,24,9,0,1,1,0
43,2019,AR18VA,Iveco,Daily 70C21 Itrabus I,TST,2,6,20220901,24,9,0,1,1,0
43,2020,AR81LE,Iveco,Daily 70C21 Itrabus I,TST,2,6,20220801,24,9,0,1,1,1
43,2021,AR25VA,Iveco,Daily 70C21 Itrabus I,TST,2,6,20220901,24,9,0,1,1,0
43,2022,AR35VA,Iveco,Daily 70C21 Itrabus I,TST,2,6,20220901,24,9,0,1,1,0
43,2023,AR23VA,Iveco,Daily 70C21 Itrabus I,TST,2,6,20220901,24,9,0,1,1,0
43,2024,AR30VA,Iveco,Daily 70C21 Itrabus I,TST,2,6,20220901,24,9,0,1,1,0
43,2025,AR33VA,Iveco,Daily 70C21 Itrabus I,TST,2,6,20220901,24,9,0,1,1,1
43,2026,AR17VA,Iveco,Daily 70C21 Itrabus I,TST,2,6,20220901,24,9,0,1,1,0
43,2027,AR15VA,Iveco,Daily 70C21 Itrabus I,TST,2,6,20220901,24,9,0,1,1,0
43,2028,AR36VA,Iveco,Daily 70C21 Itrabus I,TST,2,6,20220901,24,9,0,1,1,0
43,2029,AR10LF,Iveco,Daily 70C21 Itrabus I,TST,2,6,20220801,24,9,0,1,1,0
43,2030,AR79LE,Iveco,Daily 70C21 Itrabus I,TST,2,6,20220801,24,9,0,1,1,1
43,2031,AR82LE,Iveco,Daily 70C21 Itrabus I,TST,2,6,20220801,24,9,0,1,1,0
43,2032,AR00LF,Iveco,Daily 70C21 Itrabus I,TST,2,6,20220801,24,9,0,1,1,0
43,2033,AR01LF,Iveco,Daily 70C21 Itrabus I,TST,2,6,20220801,24,9,0,1,1,0
43,2034,AR93LE,Iveco,Daily 70C21 Itrabus I,TST,2,6,20220801,24,9,0,1,1,0
43,2035,AR32VA,Iveco,Daily 70C21 Itrabus I,TST,2,6,20220901,24,9,0,1,1,0
43,2036,AR34VA,Iveco,Daily 70C21 Itrabus I,TST,2,6,20220901,24,9,0,1,1,1
43,2037,AS06CQ,Iveco,Daily 70C21 Itrabus I,TST,2,6,20220901,24,9,0,1,1,0
43,2038,AR05LF,Iveco,Daily 70C21 Itrabus I,TST,2,6,20220801,24,9,0,1,1,0
43,2039,AR80LE,Iveco,Daily 70C21 Itrabus I,TST,2,6,20220801,24,9,0,1,1,0
43,2040,AR92LE,Iveco,Daily 70C21 Itrabus I,TST,2,6,20220801,24,9,0,1,1,0
43,2041,AS08CQ,Iveco,Daily 70C21 Itrabus I,TST,2,6,20220901,24,9,0,1,1,0
43,2042,AS14CQ,Iveco,Daily 70C21 Itrabus I,TST,2,6,20220901,24,9,0,1,1,0
43,2043,AS12CQ,Iveco,Daily 70C21 Itrabus I,TST,2,6,20220901,24,9,0,1,1,0
43,2044,AS01CQ,Iveco,Daily 70C21 Itrabus I,TST,2,6,20220901,24,9,0,1,1,0
43,2045,AS98CP,Iveco,Daily 70C21 Itrabus I,TST,2,6,20220901,24,9,0,1,1,1
43,2080,AS40GC,Iveco,Daily 70C21 Itrabus II,TST,2,6,20220901,24,9,0,1,1,0
43,2081,AS50GC,Iveco,Daily 70C21 Itrabus II,TST,2,6,20220901,24,9,0,1,1,0
43,2082,AS36GC,Iveco,Daily 70C21 Itrabus II,TST,2,6,20220901,24,9,0,1,1,0
43,2083,AS31GC,Iveco,Daily 70C21 Itrabus II,TST,2,6,20220901,24,9,0,1,1,0
43,2084,AS49GC,Iveco,Daily 70C21 Itrabus II,TST,2,6,20220901,24,9,0,1,1,0
43,2085,AS35GC,Iveco,Daily 70C21 Itrabus II,TST,2,6,20220901,24,9,0,1,1,0
43,2086,AS39GC,Iveco,Daily 70C21 Itrabus II,TST,2,6,20220901,24,9,0,1,1,0
43,2087,AS32GC,Iveco,Daily 70C21 Itrabus II,TST,2,6,20220901,24,9,0,1,1,0
43,2100,AQ34VG,Iveco,Crossway Low Entry Line,TST,2,6,20220701,45,30,0,1,0,0
43,2101,AR09LF,Iveco,Crossway Low Entry Line,TST,2,6,20220801,45,30,0,1,0,0
43,2102,AR98LE,Iveco,Crossway Low Entry Line,TST,2,6,20220801,45,30,0,1,0,0
43,2103,AR97LE,Iveco,Crossway Low Entry Line,TST,2,6,20220801,45,30,0,1,0,0
43,2104,AR11LF,Iveco,Crossway Low Entry Line,TST,2,6,20220801,45,30,0,1,0,0
43,2105,AR91LE,Iveco,Crossway Low Entry Line,TST,2,6,20220801,45,30,0,1,0,0
43,2106,AR76LE,Iveco,Crossway Low Entry Line,TST,2,6,20220801,45,30,0,1,0,0
43,2107,AR06LF,Iveco,Crossway Low Entry Line,TST,2,6,20220801,45,30,0,1,0,0
43,2108,AR90LE,Iveco,Crossway Low Entry Line,TST,2,6,20220801,45,30,0,1,0,0
43,2109,AR29LT,Iveco,Crossway Low Entry Line,TST,2,6,20220801,45,30,0,1,0,0
43,2110,AR08LF,Iveco,Crossway Low Entry Line,TST,2,6,20220801,45,30,0,1,0,0
43,2111,AR85LE,Iveco,Crossway Low Entry Line,TST,2,6,20220801,45,30,0,1,0,0
43,2112,AR94LE,Iveco,Crossway Low Entry Line,TST,2,6,20220801,45,30,0,1,0,0
43,2113,AR04LF,Iveco,Crossway Low Entry Line,TST,2,6,20220801,45,30,0,1,0,0
43,2114,AR87LE,Iveco,Crossway Low Entry Line,TST,2,6,20220801,45,30,0,1,0,0
43,2115,AR84LE,Iveco,Crossway Low Entry Line,TST,2,6,20220801,45,30,0,1,0,0
43,2116,AR02LF,Iveco,Crossway Low Entry Line,TST,2,6,20220801,45,30,0,1,0,0
43,2117,AR07LF,Iveco,Crossway Low Entry Line,TST,2,6,20220801,45,30,0,1,0,0
43,2118,AR16LT,Iveco,Crossway Low Entry Line,TST,2,6,20220801,45,30,0,1,0,0
43,2119,AR21LT,Iveco,Crossway Low Entry Line,TST,2,6,20220801,45,30,0,1,0,0
43,2120,AR25LT,Iveco,Crossway Low Entry Line,TST,2,6,20220801,45,30,0,1,0,0
43,2121,AR08OD,Iveco,Crossway Low Entry Line,TST,2,6,20220801,45,30,0,1,0,0
43,2122,AR09OD,Iveco,Crossway Low Entry Line,TST,2,6,20220801,45,30,0,1,0,0
43,2123,AR90OC,Iveco,Crossway Low Entry Line,TST,2,6,20220801,45,30,0,1,0,0
43,2124,AR95OC,Iveco,Crossway Low Entry Line,TST,2,6,20220801,45,30,0,1,0,0
43,2200,AQ00GH,Iveco,Crossway Low Entry City,TST,2,6,20220701,39,55,0,1,0,0
43,2201,AQ13VG,Iveco,Crossway Low Entry City,TST,2,6,20220701,39,55,1,1,0,1
43,2202,AQ06VG,Iveco,Crossway Low Entry City,TST,2,6,20220701,39,55,1,1,0,1
43,2203,AQ43VG,Iveco,Crossway Low Entry City,TST,2,6,20220701,39,55,1,1,0,1
43,2204,AQ58VG,Iveco,Crossway Low Entry City,TST,2,6,20220701,39,55,1,1,0,1
43,2205,AQ20VG,Iveco,Crossway Low Entry City,TST,2,6,20220701,39,55,1,1,0,0
43,2206,AQ18VG,Iveco,Crossway Low Entry City,TST,2,6,20220701,39,55,0,1,0,0
43,2207,AQ78VG,Iveco,Crossway Low Entry City,TST,2,6,20220701,39,55,1,1,0,0
43,2208,AQ47VG,Iveco,Crossway Low Entry City,TST,2,6,20220701,39,55,1,1,0,1
43,2209,AQ46VG,Iveco,Crossway Low Entry City,TST,2,6,20220701,39,55,1,1,0,1
43,2210,AQ68VG,Iveco,Crossway Low Entry City,TST,2,6,20220701,39,55,1,1,0,1
43,2211,AQ39VG,Iveco,Crossway Low Entry City,TST,2,6,20220701,39,55,1,1,0,0
43,2212,AQ15VG,Iveco,Crossway Low Entry City,TST,2,6,20220701,39,55,1,1,0,0
43,2213,AQ23VG,Iveco,Crossway Low Entry City,TST,2,6,20220701,39,55,1,1,0,0
43,2214,AQ75VG,Iveco,Crossway Low Entry City,TST,2,6,20220701,39,55,0,1,0,0
43,2215,AQ63VG,Iveco,Crossway Low Entry City,TST,2,6,20220701,39,55,1,1,0,0
43,2216,AQ69VG,Iveco,Crossway Low Entry City,TST,2,6,20220701,39,55,1,1,0,0
43,2217,AQ57VV,Iveco,Crossway Low Entry City,TST,2,6,20220701,39,55,1,1,0,0
43,2218,AQ70VV,Iveco,Crossway Low Entry City,TST,2,6,20220701,39,55,1,1,0,0
43,2219,AQ57VG,Iveco,Crossway Low Entry City,TST,2,6,20220701,39,55,1,1,0,0
43,2220,AQ74VV,Iveco,Crossway Low Entry City,TST,2,6,20220701,39,55,1,1,0,0
43,2221,AQ67VG,Iveco,Crossway Low Entry City,TST,2,6,20220701,39,55,1,1,0,0
43,2222,AQ69VV,Iveco,Crossway Low Entry City,TST,2,6,20220701,39,55,1,1,0,0
43,2223,AQ48VV,Iveco,Crossway Low Entry City,TST,2,6,20220701,39,55,1,1,0,0
43,2224,AQ58VV,Iveco,Crossway Low Entry City,TST,2,6,20220701,39,55,1,1,0,1
43,2225,AQ44VG,Iveco,Crossway Low Entry City,TST,2,6,20220701,39,55,1,1,0,1
43,2226,AQ43VV,Iveco,Crossway Low Entry City,TST,2,6,20220701,39,55,1,1,0,1
43,2227,AQ54VG,Iveco,Crossway Low Entry City,TST,2,6,20220701,39,55,1,1,0,1
43,2228,AQ61VV,Iveco,Crossway Low Entry City,TST,2,6,20220701,39,55,1,1,0,1
43,2229,AQ38VG,Iveco,Crossway Low Entry City,TST,2,6,20220701,39,55,1,1,0,1
43,2230,AQ08VG,Iveco,Crossway Low Entry City,TST,2,6,20220701,39,55,1,1,0,1
43,2231,AQ32VG,Iveco,Crossway Low Entry City,TST,2,6,20220701,39,55,1,1,0,0
43,2232,AQ65VV,Iveco,Crossway Low Entry City,TST,2,6,20220701,39,55,1,1,0,1
43,2233,AQ42VV,Iveco,Crossway Low Entry City,TST,2,6,20220701,39,55,1,1,0,0
43,2234,AQ35VV,Iveco,Crossway Low Entry City,TST,2,6,20220701,39,55,1,1,0,1
43,2235,AQ59VV,Iveco,Crossway Low Entry City,TST,2,6,20220701,39,55,0,1,0,0
43,2236,AQ47VV,Iveco,Crossway Low Entry City,TST,2,6,20220701,39,55,1,1,0,1
43,2237,AQ50VV,Iveco,Crossway Low Entry City,TST,2,6,20220701,39,55,0,1,0,0
43,2238,AQ41VG,Iveco,Crossway Low Entry City,TST,2,6,20220701,39,55,0,1,0,0
43,2239,AQ76VG,Iveco,Crossway Low Entry City,TST,2,6,20220701,39,55,1,1,0,1
43,2240,AQ36VV,Iveco,Crossway Low Entry City,TST,2,6,20220701,39,55,0,1,0,0
43,2241,AQ77VG,Iveco,Crossway Low Entry City,TST,2,6,20220701,39,55,0,1,0,0
43,2242,AQ27VG,Iveco,Crossway Low Entry City,TST,2,6,20220701,39,55,0,1,0,0
43,2243,AQ50VG,Iveco,Crossway Low Entry City,TST,2,6,20220701,39,55,0,1,0,0
43,2244,AQ26VG,Iveco,Crossway Low Entry City,TST,2,6,20220701,39,55,0,1,0,0
43,2245,AQ12VG,Iveco,Crossway Low Entry City,TST,2,6,20220701,39,55,0,1,0,0
43,2246,AQ07VG,Iveco,Crossway Low Entry City,TST,2,6,20220701,39,55,0,1,0,0
43,2247,AQ56VV,Iveco,Crossway Low Entry City,TST,2,6,20220701,39,55,0,1,0,0
43,2248,AQ05VG,Iveco,Crossway Low Entry City,TST,2,6,20220701,39,55,0,1,0,0
43,2249,AQ62VG,Iveco,Crossway Low Entry City,TST,2,6,20220701,39,55,0,1,0,1
43,2250,AQ73VG,Iveco,Crossway Low Entry City,TST,2,6,20220701,39,55,0,1,0,0
43,2251,AQ22VG,Iveco,Crossway Low Entry City,TST,2,6,20220701,39,55,0,1,0,0
43,2252,AQ66VG,Iveco,Crossway Low Entry City,TST,2,6,20220701,39,55,0,1,0,0
43,2253,AQ51VG,Iveco,Crossway Low Entry City,TST,2,6,20220701,39,55,0,1,0,0
43,2254,AQ61VG,Iveco,Crossway Low Entry City,TST,2,6,20220701,39,55,0,1,0,0
43,2255,AQ33VG,Iveco,Crossway Low Entry City,TST,2,6,20220701,39,55,0,1,0,0
43,2256,AQ42VG,Iveco,Crossway Low Entry City,TST,2,6,20220701,39,55,0,1,0,0
43,2257,AQ31VG,Iveco,Crossway Low Entry City,TST,2,6,20220701,39,55,0,1,0,0
43,2258,AQ11VG,Iveco,Crossway Low Entry City,TST,2,6,20220701,39,55,0,1,0,0
43,2259,AQ49VG,Iveco,Crossway Low Entry City,TST,2,6,20220701,39,55,0,1,0,1
43,2260,AQ29VG,Iveco,Crossway Low Entry City,TST,2,6,20220701,39,55,0,1,0,0
43,2261,AQ16VG,Iveco,Crossway Low Entry City,TST,2,6,20220701,39,55,0,1,0,0
43,2262,AQ72VG,Iveco,Crossway Low Entry City,TST,2,6,20220701,39,55,0,1,0,0
43,2263,AQ45VG,Iveco,Crossway Low Entry City,TST,2,6,20220701,39,55,0,1,0,0
43,2264,AQ37VG,Iveco,Crossway Low Entry City,TST,2,6,20220701,39,55,0,1,0,0
43,2265,AQ30VG,Iveco,Crossway Low Entry City,TST,2,6,20220701,39,55,0,1,0,0
43,2266,AQ40VG,Iveco,Crossway Low Entry City,TST,2,6,20220701,39,55,0,1,0,0
43,2267,AQ64VG,Iveco,Crossway Low Entry City,TST,2,6,20220701,39,55,0,1,0,1
43,2268,AQ66VV,Iveco,Crossway Low Entry City,TST,2,6,20220701,39,55,0,1,0,0
43,2269,AQ10VG,Iveco,Crossway Low Entry City,TST,2,6,20220701,39,55,0,1,0,1
43,2270,AQ35VG,Iveco,Crossway Low Entry City,TST,2,6,20220701,39,55,0,1,0,0
43,2271,AQ17VG,Iveco,Crossway Low Entry City,TST,2,6,20220701,39,55,0,1,0,0
43,2272,AQ19VG,Iveco,Crossway Low Entry City,TST,2,6,20220701,39,55,0,1,0,0
43,2273,AQ14VG,Iveco,Crossway Low Entry City,TST,2,6,20220701,39,55,0,1,0,1
43,2274,AQ09VG,Iveco,Crossway Low Entry City,TST,2,6,20220701,39,55,0,1,0,0
43,2275,AQ24VG,Iveco,Crossway Low Entry City,TST,2,6,20220701,39,55,0,1,0,0
43,2276,AQ46VV,Iveco,Crossway Low Entry City,TST,2,6,20220701,39,55,0,1,0,0
43,2277,AR59FI,Iveco,Crossway Low Entry City,TST,2,6,20220801,39,55,0,1,0,0
43,2278,AQ21VG,Iveco,Crossway Low Entry City,TST,2,6,20220701,39,55,0,1,0,1
43,2279,AQ71VG,Iveco,Crossway Low Entry City,TST,2,6,20220701,39,55,0,1,0,0
43,2280,AQ25VG,Iveco,Crossway Low Entry City,TST,2,6,20220701,39,55,0,1,0,0
43,2281,AQ48VG,Iveco,Crossway Low Entry City,TST,2,6,20220701,39,55,0,1,0,0
43,2282,AR64FI,Iveco,Crossway Low Entry City,TST,2,6,20220801,39,55,0,1,0,0
43,2283,AQ49VV,Iveco,Crossway Low Entry City,TST,2,6,20220701,39,55,0,1,0,0
43,2284,AQ38VV,Iveco,Crossway Low Entry City,TST,2,6,20220701,39,55,0,1,0,0
43,2285,AQ45VV,Iveco,Crossway Low Entry City,TST,2,6,20220701,39,55,0,1,0,1
43,2286,AQ65VG,Iveco,Crossway Low Entry City,TST,2,6,20220701,39,55,0,1,0,0
43,2287,AQ64VV,Iveco,Crossway Low Entry City,TST,2,6,20220701,39,55,0,1,0,0
43,2288,AQ63VV,Iveco,Crossway Low Entry City,TST,2,6,20220701,39,55,0,1,0,0
43,2289,AQ68VV,Iveco,Crossway Low Entry City,TST,2,6,20220701,39,55,1,1,0,0
43,2290,AQ55VG,Iveco,Crossway Low Entry City,TST,2,6,20220701,39,55,0,1,0,0
43,2291,AR55FI,Iveco,Crossway Low Entry City,TST,2,6,20220801,39,55,0,1,0,0
43,2292,AR58BL,Iveco,Crossway Low Entry City,TST,2,6,20220701,39,55,0,1,0,1
43,2293,AR69FI,Iveco,Crossway Low Entry City,TST,2,6,20220801,39,55,0,1,0,0
43,2294,AR59BL,Iveco,Crossway Low Entry City,TST,2,6,20220701,39,55,0,1,0,0
43,2295,AR61BL,Iveco,Crossway Low Entry City,TST,2,6,20220701,39,55,0,1,0,0
43,2296,AQ53VG,Iveco,Crossway Low Entry City,TST,2,6,20220701,39,55,0,1,0,0
43,2297,AQ40VV,Iveco,Crossway Low Entry City,TST,2,6,20220701,39,55,0,1,0,0
43,2298,AQ67VV,Iveco,Crossway Low Entry City,TST,2,6,20220701,39,55,0,1,0,0
43,2299,AQ74VG,Iveco,Crossway Low Entry City,TST,2,6,20220701,39,55,0,1,0,0
43,2300,AR65FI,Iveco,Crossway Low Entry City,TST,2,6,20220801,39,55,0,1,0,0
43,2301,AQ39VV,Iveco,Crossway Low Entry City,TST,2,6,20220701,39,55,0,1,0,0
43,2302,AQ37VV,Iveco,Crossway Low Entry City,TST,2,6,20220701,39,55,0,1,0,0
43,2303,AQ52VG,Iveco,Crossway Low Entry City,TST,2,6,20220701,39,55,0,1,0,0
43,2304,AQ28VG,Iveco,Crossway Low Entry City,TST,2,6,20220701,39,55,0,1,0,0
43,2305,AQ34VV,Iveco,Crossway Low Entry City,TST,2,6,20220701,39,55,0,1,0,0
43,2306,AR53BL,Iveco,Crossway Low Entry City,TST,2,6,20220701,39,55,0,1,0,0
43,2307,AQ62VV,Iveco,Crossway Low Entry City,TST,2,6,20220701,39,55,0,1,0,0
43,2308,AQ72VV,Iveco,Crossway Low Entry City,TST,2,6,20220701,39,55,0,1,0,1
43,2309,AR48BL,Iveco,Crossway Low Entry City,TST,2,6,20220701,39,55,0,1,0,0
43,2310,AQ71VV,Iveco,Crossway Low Entry City,TST,2,6,20220701,39,55,0,1,0,0
43,2311,AQ60VG,Iveco,Crossway Low Entry City,TST,2,6,20220701,39,55,0,1,0,0
43,2312,AQ59VG,Iveco,Crossway Low Entry City,TST,2,6,20220701,39,55,0,1,0,0
43,2313,AR55GS,Iveco,Crossway Low Entry City,TST,2,6,20220801,39,55,0,1,0,0
43,2314,AR07OD,Iveco,Crossway Low Entry City,TST,2,6,20220801,39,55,0,1,0,0
43,2315,AR98OC,Iveco,Crossway Low Entry City,TST,2,6,20220801,39,55,0,1,0,0
43,2316,AR75GS,Iveco,Crossway Low Entry City,TST,2,6,20220801,39,55,0,1,0,0
43,2317,AR87GS,Iveco,Crossway Low Entry City,TST,2,6,20220801,39,55,0,1,0,0
43,2318,AR51GS,Iveco,Crossway Low Entry City,TST,2,6,20220801,39,55,0,1,0,0
43,2319,AR56GS,Iveco,Crossway Low Entry City,TST,2,6,20220801,39,55,0,1,0,0
43,2320,AQ36VG,Iveco,Crossway Low Entry City,TST,2,6,20220701,39,55,0,1,0,1
43,2321,AQ51VV,Iveco,Crossway Low Entry City,TST,2,6,20220701,39,55,0,1,0,1
43,2322,AQ54VV,Iveco,Crossway Low Entry City,TST,2,6,20220701,39,55,0,1,0,0
43,2323,AR54GS,Iveco,Crossway Low Entry City,TST,2,6,20220801,39,55,0,1,0,0
43,2324,AQ33VV,Iveco,Crossway Low Entry City,TST,2,6,20220701,39,55,0,1,0,1
43,2325,AR79GS,Iveco,Crossway Low Entry City,TST,2,6,20220801,39,55,0,1,0,0
43,2326,AR62GS,Iveco,Crossway Low Entry City,TST,2,6,20220801,39,55,0,1,0,0
43,2327,AR93OC,Iveco,Crossway Low Entry City,TST,2,6,20220801,39,55,0,1,0,0
43,2328,AR58GS,Iveco,Crossway Low Entry City,TST,2,6,20220801,39,55,0,1,0,0
43,2329,AR72GS,Iveco,Crossway Low Entry City,TST,2,6,20220801,39,55,0,1,0,0
43,2330,AR83GS,Iveco,Crossway Low Entry City,TST,2,6,20220801,39,55,0,1,0,0
43,2331,AR69GS,Iveco,Crossway Low Entry City,TST,2,6,20220801,39,55,0,1,0,0
43,2332,AR77GS,Iveco,Crossway Low Entry City,TST,2,6,20220801,39,55,0,1,0,0
43,2333,AR68GS,Iveco,Crossway Low Entry City,TST,2,6,20220801,39,55,0,1,0,0
43,2334,AR84GS,Iveco,Crossway Low Entry City,TST,2,6,20220801,39,55,0,1,0,0
43,2335,AR31LT,Iveco,Crossway Low Entry City,TST,2,6,20220801,39,55,0,1,0,0
43,2336,AR17LT,Iveco,Crossway Low Entry City,TST,2,6,20220801,39,55,0,1,0,0
43,2337,AR57GS,Iveco,Crossway Low Entry City,TST,2,6,20220801,39,55,0,1,0,0
43,2338,AR86GS,Iveco,Crossway Low Entry City,TST,2,6,20220801,39,55,0,1,0,0
43,2339,AR74GS,Iveco,Crossway Low Entry City,TST,2,6,20220801,39,55,0,1,0,0
43,2340,AR80GS,Iveco,Crossway Low Entry City,TST,2,6,20220801,39,55,1,1,0,0
43,2341,AR20LT,Iveco,Crossway Low Entry City,TST,2,6,20220801,39,55,0,1,0,0
43,2342,AR19LT,Iveco,Crossway Low Entry City,TST,2,6,20220801,39,55,0,1,0,0
43,2343,AR24LT,Iveco,Crossway Low Entry City,TST,2,6,20220801,39,55,0,1,0,0
43,2344,AR42NG,Iveco,Crossway Low Entry City,TST,2,6,20220801,39,55,0,1,0,0
43,2345,AR00OD,Iveco,Crossway Low Entry City,TST,2,6,20220801,39,55,0,1,0,0
43,2346,AR56BL,Iveco,Crossway Low Entry City,TST,2,6,20220701,39,55,0,1,0,0
43,2347,AR05OD,Iveco,Crossway Low Entry City,TST,2,6,20220801,39,55,0,1,0,0
43,2348,AR26LT,Iveco,Crossway Low Entry City,TST,2,6,20220801,39,55,0,1,0,0
43,2349,AR85GS,Iveco,Crossway Low Entry City,TST,2,6,20220801,39,55,0,1,0,0
43,2350,AR22LT,Iveco,Crossway Low Entry City,TST,2,6,20220801,39,55,0,1,0,0
43,2351,AR30LT,Iveco,Crossway Low Entry City,TST,2,6,20220801,39,55,0,1,0,0
43,2352,AR33LT,Iveco,Crossway Low Entry City,TST,2,6,20220801,39,55,1,1,0,0
43,2353,AR86OC,Iveco,Crossway Low Entry City,TST,2,6,20220801,39,55,0,1,0,0
43,2354,AR32LT,Iveco,Crossway Low Entry City,TST,2,6,20220801,39,55,0,1,0,0
43,2355,AR62BL,Iveco,Crossway Low Entry City,TST,2,6,20220701,39,55,0,1,0,0
43,2356,AR91OC,Iveco,Crossway Low Entry City,TST,2,6,20220801,39,55,0,1,0,0
43,2357,AR43BL,Iveco,Crossway Low Entry City,TST,2,6,20220701,39,55,0,1,0,0
43,2358,AR55BL,Iveco,Crossway Low Entry City,TST,2,6,20220701,39,55,0,1,0,0
43,2359,AR51BL,Iveco,Crossway Low Entry City,TST,2,6,20220701,39,55,0,1,0,0
43,2360,AR04OD,Iveco,Crossway Low Entry City,TST,2,6,20220801,39,55,0,1,0,0
43,2361,AR65BL,Iveco,Crossway Low Entry City,TST,2,6,20220701,39,55,0,1,0,0
43,2362,AR67FI,Iveco,Crossway Low Entry City,TST,2,6,20220801,39,55,0,1,0,0
43,2363,AR52BL,Iveco,Crossway Low Entry City,TST,2,6,20220701,39,55,0,1,0,0
43,2364,AR57BL,Iveco,Crossway Low Entry City,TST,2,6,20220701,39,55,0,1,0,0
43,2365,AR47BL,Iveco,Crossway Low Entry City,TST,2,6,20220701,39,55,0,1,0,0
43,2366,AR57FI,Iveco,Crossway Low Entry City,TST,2,6,20220801,39,55,0,1,0,0
43,2367,AR44BL,Iveco,Crossway Low Entry City,TST,2,6,20220701,39,55,0,1,0,0
43,2368,AR73GS,Iveco,Crossway Low Entry City,TST,2,6,20220801,39,55,0,1,0,0
43,2369,AR44NG,Iveco,Crossway Low Entry City,TST,2,6,20220801,39,55,0,1,0,0
43,2370,AR59GS,Iveco,Crossway Low Entry City,TST,2,6,20220801,39,55,0,1,0,0
43,2372,AR79FI,Iveco,Crossway Low Entry City,TST,2,6,20220801,39,55,0,1,0,0
43,2373,AR68FI,Iveco,Crossway Low Entry City,TST,2,6,20220801,39,55,0,1,0,0
43,2374,AR60FI,Iveco,Crossway Low Entry City,TST,2,6,20220801,39,55,0,1,0,0
43,2375,AR63FI,Iveco,Crossway Low Entry City,TST,2,6,20220801,39,55,0,1,0,0
43,2376,AR58FI,Iveco,Crossway Low Entry City,TST,2,6,20220801,39,55,0,1,0,0
43,2377,AR69BL,Iveco,Crossway Low Entry City,TST,2,6,20220701,39,55,1,1,0,0
43,2378,AR50BL,Iveco,Crossway Low Entry City,TST,2,6,20220701,39,55,0,1,0,0
43,2379,AR67BL,Iveco,Crossway Low Entry City,TST,2,6,20220701,39,55,0,1,0,0
43,2380,AR60BL,Iveco,Crossway Low Entry City,TST,2,6,20220701,39,55,0,1,0,0
43,2381,AR56FI,Iveco,Crossway Low Entry City,TST,2,6,20220801,39,55,0,1,0,0
43,2382,AR71BL,Iveco,Crossway Low Entry City,TST,2,6,20220701,39,55,0,1,0,0
43,2383,AR54FI,Iveco,Crossway Low Entry City,TST,2,6,20220801,39,55,0,1,0,0
43,2384,AR73FI,Iveco,Crossway Low Entry City,TST,2,6,20220801,39,55,0,1,0,0
43,2385,AR77FI,Iveco,Crossway Low Entry City,TST,2,6,20220801,39,55,0,1,0,0
43,2386,AR52GS,Iveco,Crossway Low Entry City,TST,2,6,20220801,39,55,0,1,0,0
43,2387,AR61GS,Iveco,Crossway Low Entry City,TST,2,6,20220801,39,55,0,1,0,0
43,2388,AR61FI,Iveco,Crossway Low Entry City,TST,2,6,20220801,39,55,0,1,0,0
43,2389,AR76FI,Iveco,Crossway Low Entry City,TST,2,6,20220801,39,55,0,1,0,0
43,2390,AR74FI,Iveco,Crossway Low Entry City,TST,2,6,20220801,39,55,0,1,0,0
43,2391,AR62FI,Iveco,Crossway Low Entry City,TST,2,6,20220801,39,55,0,1,0,0
43,2392,AR71FI,Iveco,Crossway Low Entry City,TST,2,6,20220801,39,55,0,1,0,0
43,2393,AR72FI,Iveco,Crossway Low Entry City,TST,2,6,20220801,39,55,0,1,0,0
43,2400,BR11DN,Higer,KLQ126GEV,TST,6,0,20250612,34,50,0,1,0,0
43,2401,BR11DN,Higer,KLQ126GEV,TST,6,0,20251020,34,50,0,1,0,0
43,2402,BR11DN,Higer,KLQ126GEV,TST,6,0,20251020,34,50,0,1,0,0
43,2403,BR11DN,Higer,KLQ126GEV,TST,6,0,20251020,34,50,0,1,0,0
43,2404,BR11DN,Higer,KLQ126GEV,TST,6,0,20251020,34,50,0,1,0,0
43,2405,BR11DN,Higer,KLQ126GEV,TST,6,0,20251020,34,50,0,1,0,0
43,2406,BR11DN,Higer,KLQ126GEV,TST,6,0,20251020,34,50,0,1,0,0
43,2407,BR11DN,Higer,KLQ126GEV,TST,6,0,20251020,34,50,0,1,0,0
43,2408,BR11DN,Higer,KLQ126GEV,TST,6,0,20251020,34,50,0,1,0,0
43,2409,BR11DN,Higer,KLQ126GEV,TST,6,0,20251020,34,50,0,1,0,0
43,2410,BR11DN,Higer,KLQ126GEV,TST,6,0,20251020,34,50,0,1,0,0
43,2411,BR11DN,Higer,KLQ126GEV,TST,6,0,20251020,34,50,0,1,0,0
43,2412,BR11DN,Higer,KLQ126GEV,TST,6,0,20251020,34,50,0,1,0,0
43,2413,BR11DN,Higer,KLQ126GEV,TST,6,0,20251020,34,50,0,1,0,0
43,2414,BR11DN,Higer,KLQ126GEV,TST,6,0,20251020,34,50,0,1,0,0
43,2415,BR11DN,Higer,KLQ126GEV,TST,6,0,20251020,34,50,0,1,0,0
43,2416,BR11DN,Higer,KLQ126GEV,TST,6,0,20251020,34,50,0,1,0,0
43,2417,BR11DN,Higer,KLQ126GEV,TST,6,0,20251020,34,50,0,1,0,0
43,2418,BR11DN,Higer,KLQ126GEV,TST,6,0,20251020,34,50,0,1,0,0
43,2419,BR11DN,Higer,KLQ126GEV,TST,6,0,20251020,34,50,0,1,0,0
43,2420,BR11DN,Higer,KLQ126GEV,TST,6,0,20251020,34,50,0,1,0,0
43,2421,BR11DN,Higer,KLQ126GEV,TST,6,0,20251020,34,50,0,1,0,0
43,2422,BR11DN,Higer,KLQ126GEV,TST,6,0,20251020,34,50,0,1,0,0
43,2423,BR11DN,Higer,KLQ126GEV,TST,6,0,20251020,34,50,0,1,0,0
43,2424,BR11DN,Higer,KLQ126GEV,TST,6,0,20251020,34,50,0,1,0,0
43,2425,BR11DN,Higer,KLQ126GEV,TST,6,0,20251020,34,50,0,1,0,0
43,2426,BR11DN,Higer,KLQ126GEV,TST,6,0,20251020,34,50,0,1,0,0
43,2600,AQ75VV,Iveco,Crossway Low Entry City GNC,TST,8,6,20220701,38,50,0,1,0,0
43,2601,AR63BL,Iveco,Crossway Low Entry City GNC,TST,8,6,20220701,38,50,0,1,0,0
43,2602,AR71GS,Iveco,Crossway Low Entry City GNC,TST,8,6,20220801,38,50,0,1,0,0
43,2603,AQ55VV,Iveco,Crossway Low Entry City GNC,TST,8,6,20220701,38,50,0,1,0,0
43,2604,AQ53VV,Iveco,Crossway Low Entry City GNC,TST,8,6,20220701,38,50,0,1,0,0
43,2605,AQ44VV,Iveco,Crossway Low Entry City GNC,TST,8,6,20220701,38,50,0,1,0,0
43,2606,AQ60VV,Iveco,Crossway Low Entry City GNC,TST,8,6,20220701,38,50,0,1,0,0
43,2607,AQ52VV,Iveco,Crossway Low Entry City GNC,TST,8,6,20220701,38,50,0,1,0,0
43,2608,AR54BL,Iveco,Crossway Low Entry City GNC,TST,8,6,20220701,38,50,0,1,0,0
43,2609,AQ41VV,Iveco,Crossway Low Entry City GNC,TST,8,6,20220701,38,50,0,1,0,0
43,2610,AR66FI,Iveco,Crossway Low Entry City GNC,TST,8,6,20220801,38,50,0,1,0,0
43,2611,AQ73VV,Iveco,Crossway Low Entry City GNC,TST,8,6,20220701,38,50,0,1,0,0
43,2612,AR64BL,Iveco,Crossway Low Entry City GNC,TST,8,6,20220701,38,50,0,1,0,0
43,2613,AR02OD,Iveco,Crossway Low Entry City GNC,TST,8,6,20220801,38,50,0,1,0,0
43,2614,AR10OD,Iveco,Crossway Low Entry City GNC,TST,8,6,20220801,38,50,0,1,0,0
43,2615,AR06OD,Iveco,Crossway Low Entry City GNC,TST,8,6,20220801,38,50,0,1,0,0
43,2616,AR88OC,Iveco,Crossway Low Entry City GNC,TST,8,6,20220801,38,50,0,1,0,0
44,12055,BE-40-DS,Zhongtong,LCK6126EVG-2,Alsa Todi,6,,20231002,32,55,1,1,1,0
44,12056,BD-11-UM,Zhongtong,LCK6126EVG-2,Alsa Todi,6,,20230921,32,55,1,1,1,0
44,12057,BE-64-BL,Zhongtong,LCK6126EVG-2,Alsa Todi,6,,20230928,32,55,1,1,1,0
44,12058,BD-59-QT,Zhongtong,LCK6126EVG-2,Alsa Todi,6,,20230913,32,55,1,1,1,0
44,12059,BD-05-UL,Zhongtong,LCK6126EVG-2,Alsa Todi,6,,20230921,32,55,1,1,1,0
44,12060,BD-13-PU,Zhongtong,LCK6126EVG-2,Alsa Todi,6,,20230911,32,55,1,1,1,0
44,12061,BD-73-UL,Zhongtong,LCK6126EVG-2,Alsa Todi,6,,20230921,32,55,1,1,1,0
44,12062,BD-47-QU,Zhongtong,LCK6126EVG-2,Alsa Todi,6,,20230913,32,55,1,1,1,0
44,12063,BD-21-QS,Zhongtong,LCK6126EVG-2,Alsa Todi,6,,20230913,32,55,1,1,1,0
44,12064,BD-17-QU,Zhongtong,LCK6126EVG-2,Alsa Todi,6,,20230913,32,55,1,1,1,0
44,12065,BD-07-QS,Zhongtong,LCK6126EVG-2,Alsa Todi,6,,20230913,32,55,1,1,1,0
44,12066,BE-61-BJ,Zhongtong,LCK6126EVG-2,Alsa Todi,6,,20230928,32,55,1,1,1,0
44,12067,BD-14-QS,Zhongtong,LCK6126EVG-2,Alsa Todi,6,,20230913,32,55,1,1,1,0
44,12068,BD-37-UL,Zhongtong,LCK6126EVG-2,Alsa Todi,6,,20230921,32,55,1,1,1,0
44,12069,BD-24-UJ,Zhongtong,LCK6126EVG-2,Alsa Todi,6,,20230921,32,55,1,1,1,0
44,12070,BD-87-UJ,Zhongtong,LCK6126EVG-2,Alsa Todi,6,,20230921,32,55,1,1,1,0
44,12071,BD-79-PR,Zhongtong,LCK6126EVG-2,Alsa Todi,6,,20230911,32,55,1,1,1,0
44,12072,BD-85-QR,Zhongtong,LCK6126EVG-2,Alsa Todi,6,,20230913,32,55,1,1,1,0
44,12073,BD-58-UM,Zhongtong,LCK6126EVG-2,Alsa Todi,6,,20230921,32,55,1,1,1,0
44,12074,BD-89-QS,Zhongtong,LCK6126EVG-2,Alsa Todi,6,,20230913,32,55,1,1,1,0
44,12075,BD-59-UJ,Zhongtong,LCK6126EVG-2,Alsa Todi,6,,20230921,32,55,1,1,1,0
44,12076,BD-48-QU,Zhongtong,LCK6126EVG-2,Alsa Todi,6,,20230913,32,55,1,1,1,0
44,12077,BD-11-UN,Zhongtong,LCK6126EVG-2,Alsa Todi,6,,20230921,32,55,1,1,1,0
44,12078,BD-42-UI,Zhongtong,LCK6126EVG-2,Alsa Todi,6,,20230921,32,55,1,1,1,0
44,12079,BD-11-QU,Zhongtong,LCK6126EVG-2,Alsa Todi,6,,20230913,32,55,1,1,1,0
44,12080,BD-09-QU,Zhongtong,LCK6126EVG-2,Alsa Todi,6,,20230913,32,55,1,1,1,0
44,12081,BD-11-QT,Zhongtong,LCK6126EVG-2,Alsa Todi,6,,20230913,32,55,1,1,1,0
44,12082,BD-66-QG,Zhongtong,LCK6126EVG-2,Alsa Todi,6,,20230912,32,55,1,1,1,0
44,12083,BD-84-QU,Zhongtong,LCK6126EVG-2,Alsa Todi,6,,20230913,32,55,1,1,1,0
44,12084,BD-67-QS,Zhongtong,LCK6126EVG-2,Alsa Todi,6,,20230913,32,55,1,1,1,0
44,12085,BD-25-UJ,Zhongtong,LCK6126EVG-2,Alsa Todi,6,,20230921,32,55,1,1,1,0
44,12086,BD-34-QU,Zhongtong,LCK6126EVG-2,Alsa Todi,6,,20230913,32,55,1,1,1,0
44,12087,BD-30-UL,Zhongtong,LCK6126EVG-2,Alsa Todi,6,,20230921,32,55,1,1,1,0
44,12088,BD-26-UL,Zhongtong,LCK6126EVG-2,Alsa Todi,6,,20230921,32,55,1,1,1,0
44,12089,BD-69-QR,Zhongtong,LCK6126EVG-2,Alsa Todi,6,,20230913,32,55,1,1,1,0
44,12090,BD-32-UI,Zhongtong,LCK6126EVG-2,Alsa Todi,6,,20230921,32,55,1,1,1,0
44,12091,BD-93-UI,Zhongtong,LCK6126EVG-2,Alsa Todi,6,,20230921,32,55,1,1,1,0
44,12092,BD-57-UM,Zhongtong,LCK6126EVG-2,Alsa Todi,6,,20230921,32,55,1,1,1,0
44,12093,BD-77-UN,Zhongtong,LCK6126EVG-2,Alsa Todi,6,,20230921,32,55,1,1,1,0
44,12094,BE-79-BM,Zhongtong,LCK6126EVG-2,Alsa Todi,6,,20230928,32,55,1,1,1,0
44,12095,BD-45-UN,Zhongtong,LCK6126EVG-2,Alsa Todi,6,,20230921,32,55,1,1,1,0
44,12096,BD-79-UN,Zhongtong,LCK6126EVG-2,Alsa Todi,6,,20230928,32,55,1,1,1,0
44,12097,BD-16-UL,Zhongtong,LCK6126EVG-2,Alsa Todi,6,,20230921,32,55,1,1,1,0
44,12098,BD-69-QT,Zhongtong,LCK6126EVG-2,Alsa Todi,6,,20230913,32,55,1,1,1,0
44,12501,AO-01-IV,Mercedes-Benz,CONECTO,Alsa Todi,2,,20220302,29,75,1,1,1,0
44,12502,AO-94-IT,Mercedes-Benz,CONECTO,Alsa Todi,2,,20220302,29,75,1,1,1,0
44,12503,AO-10-IV,Mercedes-Benz,CONECTO,Alsa Todi,2,,20220302,29,75,1,1,1,0
44,12504,AO-17-IV,Mercedes-Benz,CONECTO,Alsa Todi,2,,20220302,29,75,1,1,1,0
44,12505,AO-95-IT,Mercedes-Benz,CONECTO,Alsa Todi,2,,20220302,29,75,1,1,1,0
44,12506,AO-23-IV,Mercedes-Benz,CONECTO,Alsa Todi,2,,20220302,29,75,1,1,1,0
44,12507,AO-92-IT,Mercedes-Benz,CONECTO,Alsa Todi,2,,20220302,29,75,1,1,1,0
44,12508,AO-99-IT,Mercedes-Benz,CONECTO,Alsa Todi,2,,20220302,29,75,1,1,1,0
44,12509,AO-13-IV,Mercedes-Benz,CONECTO,Alsa Todi,2,,20220302,29,75,1,1,1,0
44,12510,AO-15-IV,Mercedes-Benz,CONECTO,Alsa Todi,2,,20220302,29,75,1,1,1,0
44,12511,AO-08-IV,Mercedes-Benz,CONECTO,Alsa Todi,2,,20220302,29,75,1,1,1,0
44,12512,AO-26-IV,Mercedes-Benz,CONECTO,Alsa Todi,2,,20220302,29,75,1,1,1,0
44,12513,AO-20-IV,Mercedes-Benz,CONECTO,Alsa Todi,2,,20220302,29,75,1,1,1,0
44,12514,AO-87-IT,Mercedes-Benz,CONECTO,Alsa Todi,2,,20220302,29,75,1,1,1,0
44,12515,AO-88-IT,Mercedes-Benz,CONECTO,Alsa Todi,2,,20220302,29,75,1,1,1,0
44,12516,AO-16-IV,Mercedes-Benz,CONECTO,Alsa Todi,2,,20220302,29,75,1,1,1,0
44,12517,AO-22-IV,Mercedes-Benz,CONECTO,Alsa Todi,2,,20220302,29,75,1,1,1,0
44,12518,AO-07-IV,Mercedes-Benz,CONECTO,Alsa Todi,2,,20220302,29,75,1,1,1,0
44,12519,AO-21-IV,Mercedes-Benz,CONECTO,Alsa Todi,2,,20220302,29,75,1,1,1,0
44,12520,AO-86-IT,Mercedes-Benz,CONECTO,Alsa Todi,2,,20220302,29,75,1,1,1,0
44,12521,AO-06-IV,Mercedes-Benz,CONECTO,Alsa Todi,2,,20220302,29,75,1,1,1,0
44,12522,AO-27-IV,Mercedes-Benz,CONECTO,Alsa Todi,2,,20220302,29,75,1,1,1,0
44,12523,AO-04-IV,Mercedes-Benz,CONECTO,Alsa Todi,2,,20220302,29,75,1,1,1,0
44,12524,AO-09-IV,Mercedes-Benz,CONECTO,Alsa Todi,2,,20220302,29,75,1,1,1,0
44,12525,AO-85-IT,Mercedes-Benz,CONECTO,Alsa Todi,2,,20220302,29,75,1,1,1,0
44,12526,AO-83-IT,Mercedes-Benz,CONECTO,Alsa Todi,2,,20220302,29,75,1,1,1,0
44,12527,AO-12-IV,Mercedes-Benz,CONECTO,Alsa Todi,2,,20220302,29,75,1,1,1,0
44,12528,AO-24-IV,Mercedes-Benz,CONECTO,Alsa Todi,2,,20220302,29,75,1,1,1,0
44,12529,AO-03-IV,Mercedes-Benz,CONECTO,Alsa Todi,2,,20220302,29,75,1,1,1,0
44,12530,AO-05-IV,Mercedes-Benz,CONECTO,Alsa Todi,2,,20220302,29,75,1,1,1,0
44,12531,AO-00-IV,Mercedes-Benz,CONECTO,Alsa Todi,2,,20220302,29,75,1,1,1,0
44,12532,AO-91-IT,Mercedes-Benz,CONECTO,Alsa Todi,2,,20220302,29,75,1,1,1,0
44,12533,AO-02-IV,Mercedes-Benz,CONECTO,Alsa Todi,2,,20220302,29,75,1,1,1,0
44,12534,AO-93-IT,Mercedes-Benz,CONECTO,Alsa Todi,2,,20220302,29,75,1,1,1,0
44,12535,AO-25-IV,Mercedes-Benz,CONECTO,Alsa Todi,2,,20220302,29,75,1,1,1,0
44,12536,AO-80-IT,Mercedes-Benz,CONECTO,Alsa Todi,2,,20220302,29,75,1,1,1,0
44,12537,AO-79-IT,Mercedes-Benz,CONECTO,Alsa Todi,2,,20220302,29,75,1,1,1,0
44,12538,AO-96-IT,Mercedes-Benz,CONECTO,Alsa Todi,2,,20220302,29,75,1,1,1,0
44,12540,AO-84-IT,Mercedes-Benz,CONECTO,Alsa Todi,2,,20220302,29,75,1,1,1,0
44,12544,AO-19-IV,Mercedes-Benz,CONECTO,Alsa Todi,2,,20220302,29,75,1,1,1,0
44,12546,AO-41-NB,Mercedes-Benz,CONECTO,Alsa Todi,2,,20220309,29,75,1,1,1,0
44,12547,AO-25-NB,Mercedes-Benz,CONECTO,Alsa Todi,2,,20220309,29,75,1,1,1,0
44,12548,AO-21-NB,Mercedes-Benz,CONECTO,Alsa Todi,2,,20220309,29,75,1,1,1,0
44,12550,AO-49-NB,Mercedes-Benz,CONECTO,Alsa Todi,2,,20220309,29,75,1,1,1,0
44,12551,AO-34-NB,Mercedes-Benz,CONECTO,Alsa Todi,2,,20220309,29,75,1,1,1,0
44,12552,AO-59-NB,Mercedes-Benz,CONECTO,Alsa Todi,2,,20220309,29,75,1,1,1,0
44,12553,AO-42-NB,Mercedes-Benz,CONECTO,Alsa Todi,2,,20220309,29,75,1,1,1,0
44,12554,AO-23-NB,Mercedes-Benz,CONECTO,Alsa Todi,2,,20220309,29,75,1,1,1,0
44,12555,AO-55-NB,Mercedes-Benz,CONECTO,Alsa Todi,2,,20220309,29,75,1,1,1,0
44,12556,AO-64-NB,Mercedes-Benz,CONECTO,Alsa Todi,2,,20220309,29,75,1,1,1,0
44,12557,AO-31-NB,Mercedes-Benz,CONECTO,Alsa Todi,2,,20220309,29,75,1,1,1,0
44,12559,AO-62-NB,Mercedes-Benz,CONECTO,Alsa Todi,2,,20220309,29,75,1,1,1,0
44,12560,AO-78-IT,Mercedes-Benz,CONECTO,Alsa Todi,2,,20220302,29,75,1,1,1,0
44,12561,AO-61-NB,Mercedes-Benz,CONECTO,Alsa Todi,2,,20220309,29,75,1,1,1,0
44,12562,AO-90-IT,Mercedes-Benz,CONECTO,Alsa Todi,2,,20220302,29,75,1,1,1,0
44,12564,AO-98-IT,Mercedes-Benz,CONECTO,Alsa Todi,2,,20220302,29,75,1,1,1,0
44,12566,AO-14-IV,Mercedes-Benz,CONECTO,Alsa Todi,2,,20220302,29,75,1,1,1,0
44,12568,AO-22-NB,Mercedes-Benz,CONECTO,Alsa Todi,2,,20220309,29,75,1,1,1,0
44,12569,AO-51-NB,Mercedes-Benz,CONECTO,Alsa Todi,2,,20220309,29,75,1,1,1,0
44,12573,AO-63-NB,Mercedes-Benz,CONECTO,Alsa Todi,2,,20220309,29,75,1,1,1,0
44,12574,AO-43-NB,Mercedes-Benz,CONECTO,Alsa Todi,2,,20220309,29,75,1,1,1,0
44,12577,AO-29-NB,Mercedes-Benz,CONECTO,Alsa Todi,2,,20220309,29,75,1,1,1,0
44,12578,AO-29-QQ,Mercedes-Benz,CONECTO,Alsa Todi,2,,20220316,29,75,1,1,1,0
44,12579,AO-50-NB,Mercedes-Benz,CONECTO,Alsa Todi,2,,20220309,29,75,1,1,1,0
44,12582,AO-23-QQ,Mercedes-Benz,CONECTO,Alsa Todi,2,,20220316,29,75,1,1,1,0
44,12583,AO-40-NB,Mercedes-Benz,CONECTO,Alsa Todi,2,,20220309,29,75,1,1,1,0
44,12584,AO-37-NB,Mercedes-Benz,CONECTO,Alsa Todi,2,,20220309,29,75,1,1,1,0
44,12585,AO-47-NB,Mercedes-Benz,CONECTO,Alsa Todi,2,,20220309,29,75,1,1,1,0
44,12588,AO-44-NB,Mercedes-Benz,CONECTO,Alsa Todi,2,,20220309,29,75,1,1,1,0
44,12589,AO-45-NB,Mercedes-Benz,CONECTO,Alsa Todi,2,,20220309,29,75,1,1,1,0
44,12590,AO-30-NB,Mercedes-Benz,CONECTO,Alsa Todi,2,,20220309,29,75,1,1,1,0
44,12591,AO-36-NB,Mercedes-Benz,CONECTO,Alsa Todi,2,,20220309,29,75,1,1,1,0
44,12592,AO-57-NB,Mercedes-Benz,CONECTO,Alsa Todi,2,,20220309,29,75,1,1,1,0
44,12601,AO-17-NB,Mercedes-Benz,CONECTO,Alsa Todi,2,,20220309,29,75,1,1,1,0
44,12603,AO-14-QQ,Mercedes-Benz,CONECTO,Alsa Todi,2,,20220316,29,75,1,1,1,0
44,12606,AO-17-QQ,Mercedes-Benz,CONECTO,Alsa Todi,2,,20220316,29,75,1,1,1,0
44,12612,AO-18-QQ,Mercedes-Benz,CONECTO,Alsa Todi,2,,20220316,29,75,1,1,1,0
44,12615,AO-13-QQ,Mercedes-Benz,CONECTO,Alsa Todi,2,,20220316,29,75,1,1,1,0
44,12631,AQ-60-NA,Mercedes-Benz,SPRINTER 45 CITY,Alsa Todi,2,,20220427,16,13,1,1,0,0
44,12632,AQ-54-NA,Mercedes-Benz,SPRINTER 45 CITY,Alsa Todi,2,,20220427,16,13,1,1,0,0
44,12633,AQ-56-NA,Mercedes-Benz,SPRINTER 45 CITY,Alsa Todi,2,,20220427,16,13,1,1,0,0
44,12634,AQ-66-NA,Mercedes-Benz,SPRINTER 45 CITY,Alsa Todi,2,,20220427,16,13,1,1,0,0
44,12635,AQ-61-NA,Mercedes-Benz,SPRINTER 45 CITY,Alsa Todi,2,,20220427,16,13,1,1,0,0
44,12636,AQ-57-NA,Mercedes-Benz,SPRINTER 45 CITY,Alsa Todi,2,,20220427,16,13,1,1,0,0
44,12637,AQ-72-NA,Mercedes-Benz,SPRINTER 45 CITY,Alsa Todi,2,,20220427,16,13,1,1,0,0
44,12638,AQ-64-NA,Mercedes-Benz,SPRINTER 45 CITY,Alsa Todi,2,,20220427,16,13,1,1,0,0
44,12642,AQ-69-NA,Mercedes-Benz,SPRINTER 75 CITY,Alsa Todi,2,,20220427,12,22,1,1,1,0
44,12643,AQ-63-NA,Mercedes-Benz,SPRINTER 75 CITY,Alsa Todi,2,,20220427,12,22,1,1,1,0
44,12644,AQ-65-NA,Mercedes-Benz,SPRINTER 75 CITY,Alsa Todi,2,,20220427,12,22,1,1,1,0
44,12645,AQ-70-NA,Mercedes-Benz,SPRINTER 75 CITY,Alsa Todi,2,,20220427,12,22,1,1,1,0
44,12646,AQ-67-NA,Mercedes-Benz,SPRINTER 75 CITY,Alsa Todi,2,,20220427,12,22,1,1,0,0
44,12647,AQ-62-NA,Mercedes-Benz,SPRINTER 75 CITY,Alsa Todi,2,,20220427,12,22,1,1,0,0
44,12648,AQ-68-NA,Mercedes-Benz,SPRINTER 75 CITY,Alsa Todi,2,,20220427,12,22,1,1,0,0
44,12649,AQ-71-NA,Mercedes-Benz,SPRINTER 75 CITY,Alsa Todi,2,,20220427,12,22,1,1,0,0
44,12650,AQ-55-NA,Mercedes-Benz,SPRINTER 75 CITY,Alsa Todi,2,,20220427,12,22,1,1,1,0
44,12651,AQ-07-ZD,Mercedes-Benz,IRIZAR I4H,Alsa Todi,2,,20220325,63,19,1,1,1,0
44,12652,AQ-87-ZE,Mercedes-Benz,IRIZAR I4H,Alsa Todi,2,,20220325,63,19,1,1,1,0
44,12653,AR-42-DB,Mercedes-Benz,IRIZAR I4H,Alsa Todi,2,,20220325,63,19,1,1,1,0
44,12654,AQ-77-XD,Mercedes-Benz,IRIZAR I4H,Alsa Todi,2,,20220325,63,19,1,1,1,0
44,12655,AQ-61-XC,Mercedes-Benz,IRIZAR I4H,Alsa Todi,2,,20220325,63,19,1,1,1,0
44,12656,AR-44-AM,Mercedes-Benz,IRIZAR I4H,Alsa Todi,2,,20220325,63,19,1,1,1,0
44,12657,AQ-29-VM,Mercedes-Benz,IRIZAR I4H,Alsa Todi,2,,20220325,63,19,1,1,1,0
44,12658,AQ-58-XC,Mercedes-Benz,IRIZAR I4H,Alsa Todi,2,,20220325,63,19,1,1,1,0
44,12659,AQ-73-HZ,Mercedes-Benz,IRIZAR I4H,Alsa Todi,2,,20220325,63,19,1,1,1,0
44,12660,AQ-74-HZ,Mercedes-Benz,IRIZAR I4H,Alsa Todi,2,,20220325,63,19,1,1,1,0
44,12661,AQ-75-HZ,Mercedes-Benz,IRIZAR I4H,Alsa Todi,2,,20220325,63,19,1,1,1,0
44,12662,AQ-76-HZ,Mercedes-Benz,IRIZAR I4H,Alsa Todi,2,,20220325,63,19,1,1,1,0
44,12663,AR-46-DB,Mercedes-Benz,IRIZAR I4H,Alsa Todi,2,,20220325,63,19,1,1,1,0
44,12664,AR-64-BT,Mercedes-Benz,IRIZAR I4H,Alsa Todi,2,,20220325,63,19,1,1,1,0
44,12665,AQ-61-VO,Mercedes-Benz,IRIZAR I4H,Alsa Todi,2,,20220325,63,19,1,1,1,0
44,12666,AQ-77-ZH,Mercedes-Benz,IRIZAR I4H,Alsa Todi,2,,20220325,63,19,1,1,1,0
44,12667,AR-45-BT,Mercedes-Benz,IRIZAR I4H,Alsa Todi,2,,20220325,63,19,1,1,1,0
44,12668,AQ-02-VP,Mercedes-Benz,IRIZAR I4H,Alsa Todi,2,,20220325,63,19,1,1,1,0
44,12669,AQ-56-VN,Mercedes-Benz,IRIZAR I4H,Alsa Todi,2,,20220325,63,19,1,1,1,0
44,12670,AR-90-DA,Mercedes-Benz,IRIZAR I4H,Alsa Todi,2,,20220325,63,19,1,1,1,0
44,12671,AQ-01-VN,Mercedes-Benz,IRIZAR I4H,Alsa Todi,2,,20220325,63,19,1,1,1,0
44,12672,AR-07-BR,Mercedes-Benz,IRIZAR I4H,Alsa Todi,2,,20220325,63,19,1,1,1,0
44,12673,AR-30-AL,Mercedes-Benz,IRIZAR I4H,Alsa Todi,2,,20220325,63,19,1,1,1,0
44,12674,62-ZR-83,MAN,ATOMIC 2 INTERCITY,AV Feirense,2,,20200102,55,6,1,1,0,0
44,12675,62-ZR-88,MAN,ATOMIC 2 INTERCITY,AV Feirense,3,,20200102,55,6,1,1,0,0
44,12676,AI-14-PG,Yutong,ZK6121HQ (E6),AV Feirense,2,,20210728,60,2,1,0,0,0
44,12677,AG-17-GB,Yutong,4x2 SINGLE RIGID (E6),AV Feirense,2,,20210408,60,2,1,0,0,0
44,12679,AE-14-ZS,Yutong,4x2 SINGLE RIGID (E6),AV Feirense,2,,20210108,60,2,1,0,0,0
44,12680,AF-51-NB,Yutong,E12,AV Feirense,6,,20210223,27,44,1,1,1,0
44,12681,AJ-78-RG,Yutong,U12,AV Feirense,6,,20211001,27,55,1,1,1,0
44,12682,AJ-86-TD,MAN,ATOMIC 2 INTERCITY,AV Feirense,3,,20211011,55,6,1,1,0,0
44,12683,AL-53-BO,MAN,ATOMIC 2 INTERCITY,AV Feirense,3,,20211027,55,6,1,1,0,0
44,12684,AL-81-FO,MAN,ATOMIC 2 INTERCITY,AV Feirense,3,,20211105,55,6,1,1,0,0
44,12685,AL-82-FO,MAN,ATOMIC 2 INTERCITY,AV Feirense,3,,20211105,55,6,1,1,0,0
44,12686,AL-83-FO,MAN,ATOMIC 2 INTERCITY,AV Feirense,3,,20211105,55,6,1,1,0,0
44,12687,AN-88-IC,MAN,ATOMIC 2 INTERCITY,AV Feirense,3,,20220107,55,6,1,1,0,0
44,12688,AN-89-IC,MAN,ATOMIC 2 INTERCITY,AV Feirense,3,,20220107,55,6,1,1,0,0
44,12689,AN-90-IC,MAN,ATOMIC 2 INTERCITY,AV Feirense,3,,20220107,55,6,1,1,0,0
44,12690,AN-91-IC,MAN,ATOMIC 2 INTERCITY,AV Feirense,3,,20220107,55,6,1,1,0,0
44,12691,AN-92-IC,MAN,ATOMIC 2 INTERCITY,AV Feirense,3,,20220107,55,6,1,1,0,0
44,12692,AN-77-XR,MAN,IRIZAR I4,AV Feirense,3,,20220214,51,17,1,1,0,0
44,12693,AN-78-XR,MAN,IRIZAR I4,AV Feirense,3,,20220214,51,17,1,1,0,0
44,12694,AN-79-XR,MAN,IRIZAR I4,AV Feirense,3,,20220214,51,17,1,1,0,0
44,12695,AN-80-XR,MAN,IRIZAR I4,AV Feirense,3,,20220214,51,17,1,1,0,0
44,12696,AN-81-XR,MAN,IRIZAR I4,AV Feirense,3,,20220214,51,17,1,1,0,0
44,12697,AN-82-XR,MAN,IRIZAR I4,AV Feirense,3,,20220214,51,17,1,1,0,0
44,12698,AN-83-XR,MAN,IRIZAR I4,AV Feirense,3,,20220214,51,17,1,1,0,0
44,12699,AN-84-XR,MAN,IRIZAR I4,AV Feirense,3,,20220214,51,17,1,1,0,0
44,12700,AN-85-XR,MAN,IRIZAR I4,AV Feirense,3,,20220214,51,17,1,1,0,0
44,12701,AN-86-XR,MAN,IRIZAR I4,AV Feirense,3,,20220214,51,17,1,1,0,0
44,12702,AN-87-XR,MAN,IRIZAR I4,AV Feirense,3,,20220214,51,17,1,1,0,0
44,12703,AN-88-XR,MAN,IRIZAR I4,AV Feirense,3,,20220214,51,17,1,1,0,0
44,12704,AN-89-XR,MAN,IRIZAR I4,AV Feirense,3,,20220214,51,17,1,1,0,0
44,12705,AN-90-XR,MAN,IRIZAR I4,AV Feirense,3,,20220214,51,17,1,1,0,0
44,12706,AN-91-XR,MAN,IRIZAR I4,AV Feirense,3,,20220214,51,17,1,1,0,0
44,12707,AN-92-XR,MAN,IRIZAR I4,AV Feirense,3,,20220214,51,17,1,1,0,0
44,12708,AN-93-XR,MAN,IRIZAR I4,AV Feirense,3,,20220214,51,17,1,1,0,0
44,12709,AN-94-XR,MAN,IRIZAR I4,AV Feirense,3,,20220214,51,17,1,1,0,0
44,12710,AN-95-XR,MAN,IRIZAR I4,AV Feirense,3,,20220214,51,17,1,1,0,0
44,12711,AN-96-XR,MAN,IRIZAR I4,AV Feirense,3,,20220214,51,17,1,1,0,0
44,12712,AN-97-XR,MAN,IRIZAR I4,AV Feirense,3,,20220214,51,17,1,1,0,0
44,12713,AN-98-XR,MAN,IRIZAR I4,AV Feirense,3,,20220214,51,17,1,1,0,0
44,12714,AN-99-XR,MAN,IRIZAR I4,AV Feirense,3,,20220214,51,17,1,1,0,0
44,12715,AN-00-XS,MAN,IRIZAR I4,AV Feirense,3,,20220214,51,17,1,1,0,0
44,12716,AN-01-XS,MAN,IRIZAR I4,AV Feirense,3,,20220214,51,17,1,1,0,0
44,12717,AN-46-RG,Yutong,U12,AV Feirense,6,,20220128,28,55,1,1,1,0
44,12718,AN-48-TQ,Yutong,E12,AV Feirense,6,,20220203,27,55,1,1,1,0
44,12722,AN-64-UO,Yutong,E9-A (AAAL),AV Feirense,6,,20220207,22,35,1,1,1,0
44,12730,AN-41-UQ,Yutong,E9-A (AAAL),AV Feirense,6,,20220207,22,35,1,1,1,0
44,12731,AN-53-UQ,Yutong,E9-A (AAAL),AV Feirense,6,,20220207,22,35,1,1,1,0
44,12732,AN-94-UQ,Yutong,E9-A (AAAL),AV Feirense,6,,20220207,22,35,1,1,1,0
44,12733,AN-01-UR,Yutong,E9-A (AAAL),AV Feirense,6,,20220207,22,35,1,1,1,0
44,12734,AN-15-UR,Yutong,E9-A (AAAL),AV Feirense,6,,20220207,22,35,1,1,1,0
44,12735,AN-16-UR,Yutong,E9-A (AAAL),AV Feirense,6,,20220207,22,35,1,1,1,0
44,12736,AN-26-UR,Yutong,E9-A (AAAL),AV Feirense,6,,20220207,22,35,1,1,1,0
44,12737,AN-06-UT,Yutong,E9-A (AAAL),AV Feirense,6,,20220207,22,35,1,1,1,0
44,12738,62-ZR-68,MAN,ATOMIC 2 INTERCITY,AV Feirense,3,,20200102,55,6,1,1,0,0
44,12739,62-ZR-74,MAN,ATOMIC 2 INTERCITY,AV Feirense,3,,20200102,55,6,1,1,0,0
44,12740,BG-44-DH,Yutong,EC12 ZK6121BEV,AV Feirense,6,,20231227,46,1,1,1,0,0
44,12741,BG-03-DM,Yutong,EC12 ZK6121BEV,AV Feirense,6,,20231227,46,1,1,1,0,0
44,12742,BG-32-DM,Yutong,EC12 ZK6121BEV,AV Feirense,6,,20231227,46,1,1,1,0,0
44,12743,BG-25-DM,Yutong,EC12 ZK6121BEV,AV Feirense,6,,20231227,46,1,1,1,0,0
44,12744,BG-63-DH,Yutong,EC12 ZK6121BEV,AV Feirense,6,,20231227,46,1,1,1,0,0
44,12745,BG-04-DL,Yutong,EC12 ZK6121BEV,AV Feirense,6,,20231227,46,1,1,1,0,0
44,12746,BG-86-DJ,Yutong,EC12 ZK6121BEV,AV Feirense,6,,20231227,46,1,1,1,0,0
44,12747,BG-04-DM,Yutong,EC12 ZK6121BEV,AV Feirense,6,,20231227,46,1,1,1,0,0
44,12748,BG-31-DI,Yutong,EC12 ZK6121BEV,AV Feirense,6,,20231227,46,1,1,1,0,0
44,12749,BG-00-DI,Yutong,EC12 ZK6121BEV,AV Feirense,6,,20231227,46,1,1,1,0,0
44,13573,BC-80-FT,VDL,FUTURA FMD2-148 440,AV Feirense,2,,20160504,70,16,1,1,0,0
44,13574,BC-80-FR,VDL,FUTURA FMD2-148 440,AV Feirense,2,,20160504,70,16,1,1,0,0
44,13575,BC-78-GX,VDL,FUTURA FMD2-148 440,AV Feirense,2,,20160504,70,16,1,1,0,0
44,13596,BG-74-VM,Mercedes-Benz,INTEGRO,Alsa Todi,2,,20170807,60,42,1,1,0,0
44,13597,BG-27-VJ,Mercedes-Benz,INTEGRO,Alsa Todi,2,,20170821,60,42,1,1,0,0
44,13598,BH-73-FC,Mercedes-Benz,INTEGRO,Alsa Todi,2,,20170813,60,42,1,1,0,0
44,13599,BN-41-XL,VDL,FUTURA FMD2-501R,Alsa Todi,2,,20171115,68,0,1,1,0,0
44,13699,BF-29-HV,VDL,FUTURA FMD2-129 330,AV Feirense,2,,20141023,17,6,1,1,0,0
44,13793,47-XR-69,MAN,ATOMIC 2 INTERCITY,AV Feirense,2,,20190606,55,6,1,1,0,0
