agency_id,line_id,operational_day,total_trip_count,pass_trip_count,pass_trip_percentage
41,1001,20241101,17,14,0.8235294117647058
41,1002,20241101,8,8,1
41,1003,20241101,20,19,0.95
41,1005,20241101,66,66,1
41,1006,20241101,6,6,1
41,1009,20241101,4,4,1
41,1011,20241101,8,8,1
41,1014,20241101,11,11,1
41,1101,20241101,15,13,0.8666666666666667
41,1103,20241101,53,52,0.9811320754716981
41,1105,20241101,24,20,0.8333333333333334
41,1106,20241101,4,4,1
41,1107,20241101,14,12,0.8571428571428571
41,1119,20241101,26,23,0.8846153846153846
41,1120,20241101,70,68,0.9714285714285714
41,1124,20241101,13,13,1
41,1204,20241101,15,12,0.8
41,1205,20241101,27,26,0.9629629629629629
41,1206,20241101,24,24,1
41,1209,20241101,28,27,0.9642857142857143
41,1210,20241101,12,12,1
41,1211,20241101,32,32,1
41,1212,20241101,73,72,0.9863013698630136
41,1213,20241101,14,14,1
41,1215,20241101,13,12,0.9230769230769231
41,1216,20241101,12,12,1
41,1217,20241101,24,23,0.9583333333333334
41,1218,20241101,56,55,0.9821428571428571
41,1219,20241101,46,46,1
41,1220,20241101,13,13,1
41,1221,20241101,13,13,1
41,1222,20241101,14,13,0.9285714285714286
41,1223,20241101,34,34,1
41,1224,20241101,16,15,0.9375
41,1226,20241101,28,28,1
41,1228,20241101,13,13,1
41,1229,20241101,24,24,1
41,1230,20241101,17,11,0.6470588235294118
41,1232,20241101,13,13,1
41,1234,20241101,14,14,1
41,1235,20241101,26,26,1
41,1236,20241101,26,24,0.9230769230769231
41,1240,20241101,14,14,1
41,1241,20241101,24,24,1
41,1242,20241101,19,19,1
41,1245,20241101,28,28,1
41,1247,20241101,12,12,1
41,1248,20241101,28,28,1
41,1249,20241101,26,25,0.9615384615384616
41,1250,20241101,16,16,1
41,1251,20241101,48,47,0.9791666666666666
41,1252,20241101,39,34,0.8717948717948718
41,1253,20241101,35,35,1
41,1254,20241101,27,27,1
41,1255,20241101,10,10,1
41,1502,20241101,50,50,1
41,1504,20241101,29,29,1
41,1506,20241101,8,8,1
41,1507,20241101,19,19,1
41,1508,20241101,14,14,1
41,1509,20241101,12,12,1
41,1510,20241101,30,30,1
41,1511,20241101,10,10,1
41,1512,20241101,14,14,1
41,1513,20241101,4,4,1
41,1514,20241101,38,38,1
41,1515,20241101,63,62,0.9841269841269841
41,1516,20241101,15,15,1
41,1517,20241101,16,16,1
41,1518,20241101,52,52,1
41,1519,20241101,30,30,1
41,1520,20241101,11,11,1
41,1521,20241101,3,3,1
41,1523,20241101,34,33,0.9705882352941176
41,1524,20241101,11,11,1
41,1525,20241101,35,35,1
41,1527,20241101,24,24,1
41,1528,20241101,15,15,1
41,1529,20241101,15,15,1
41,1530,20241101,6,6,1
41,1601,20241101,26,26,1
41,1603,20241101,15,15,1
41,1604,20241101,54,47,0.8703703703703703
41,1606,20241101,28,28,1
41,1608,20241101,26,26,1
41,1610,20241101,63,63,1
41,1612,20241101,12,12,1
41,1613,20241101,14,14,1
41,1614,20241101,30,30,1
41,1615,20241101,16,15,0.9375
41,1622,20241101,36,36,1
41,1623,20241101,30,30,1
41,1624,20241101,44,44,1
41,1625,20241101,37,36,0.972972972972973
41,1628,20241101,9,9,1
41,1629,20241101,23,22,0.9565217391304348
41,1630,20241101,11,11,1
41,1631,20241101,21,21,1
41,1632,20241101,12,12,1
41,1633,20241101,14,14,1
41,1634,20241101,12,12,1
41,1635,20241101,16,12,0.75
41,1636,20241101,22,21,0.9545454545454546
41,1637,20241101,12,10,0.8333333333333334
41,1638,20241101,31,30,0.967741935483871
41,1703,20241101,59,59,1
41,1704,20241101,32,32,1
41,1706,20241101,66,66,1
41,1707,20241101,58,58,1
41,1708,20241101,7,7,1
41,1709,20241101,85,85,1
41,1710,20241101,36,36,1
41,1711,20241101,23,23,1
41,1712,20241101,4,2,0.5
41,1713,20241101,37,36,0.972972972972973
41,1714,20241101,62,61,0.9838709677419355
41,1715,20241101,26,26,1
41,1716,20241101,15,15,1
41,1717,20241101,68,65,0.9558823529411765
41,1718,20241101,14,14,1
41,1719,20241101,14,13,0.9285714285714286
41,1721,20241101,68,65,0.9558823529411765
41,1722,20241101,16,16,1
41,1724,20241101,14,14,1
41,1726,20241101,35,34,0.9714285714285714
41,1728,20241101,10,10,1
41,1730,20241101,4,4,1
41,1731,20241101,14,14,1
41,1998,20241101,50,50,1
42,2002,20241101,3,3,1
42,2003,20241101,18,17,0.9444444444444444
42,2006,20241101,4,4,1
42,2008,20241101,2,2,1
42,2011,20241101,10,10,1
42,2021,20241101,13,13,1
42,2027,20241101,4,4,1
42,2028,20241101,4,4,1
42,2036,20241101,8,8,1
42,2116,20241101,2,2,1
42,2120,20241101,4,4,1
42,2126,20241101,14,13,0.9285714285714286
42,2132,20241101,2,2,1
42,2203,20241101,19,18,0.9473684210526315
42,2205,20241101,5,5,1
42,2207,20241101,3,3,1
42,2208,20241101,4,4,1
42,2211,20241101,2,2,1
42,2212,20241101,18,18,1
42,2213,20241101,16,16,1
42,2221,20241101,27,27,1
42,2224,20241101,19,18,0.9473684210526315
42,2303,20241101,56,53,0.9464285714285714
42,2306,20241101,9,9,1
42,2310,20241101,10,10,1
42,2317,20241101,24,24,1
42,2327,20241101,12,12,1
42,2328,20241101,35,35,1
42,2331,20241101,10,10,1
42,2333,20241101,35,35,1
42,2335,20241101,13,13,1
42,2505,20241101,2,2,1
42,2513,20241101,8,7,0.875
42,2516,20241101,11,11,1
42,2517,20241101,20,20,1
42,2518,20241101,26,26,1
42,2519,20241101,4,4,1
42,2523,20241101,38,38,1
42,2533,20241101,14,14,1
42,2538,20241101,46,45,0.9782608695652174
42,2540,20241101,8,8,1
42,2605,20241101,24,22,0.9166666666666666
42,2610,20241101,29,29,1
42,2611,20241101,24,24,1
42,2620,20241101,5,5,1
42,2621,20241101,11,11,1
42,2626,20241101,14,14,1
42,2702,20241101,66,65,0.9848484848484849
42,2703,20241101,28,28,1
42,2706,20241101,26,26,1
42,2708,20241101,56,56,1
42,2710,20241101,34,34,1
42,2711,20241101,57,56,0.9824561403508771
42,2713,20241101,33,32,0.9696969696969697
42,2722,20241101,34,34,1
42,2725,20241101,52,52,1
42,2727,20241101,37,36,0.972972972972973
42,2728,20241101,30,30,1
42,2729,20241101,30,30,1
42,2730,20241101,72,69,0.9583333333333334
42,2733,20241101,7,7,1
42,2734,20241101,10,10,1
42,2736,20241101,33,33,1
42,2740,20241101,13,13,1
42,2741,20241101,4,4,1
42,2750,20241101,38,38,1
42,2751,20241101,11,11,1
42,2753,20241101,9,9,1
42,2754,20241101,26,26,1
42,2761,20241101,10,10,1
42,2764,20241101,46,46,1
42,2769,20241101,140,125,0.8928571428571429
42,2772,20241101,77,75,0.974025974025974
42,2774,20241101,8,8,1
42,2776,20241101,41,40,0.975609756097561
42,2780,20241101,26,26,1
42,2782,20241101,12,12,1
42,2785,20241101,2,2,1
42,2790,20241101,69,69,1
42,2794,20241101,32,30,0.9375
42,2796,20241101,18,18,1
42,2801,20241101,6,6,1
42,2803,20241101,8,8,1
42,2812,20241101,14,14,1
42,2821,20241101,41,41,1
42,2822,20241101,67,66,0.9850746268656716
42,2823,20241101,30,30,1
42,2833,20241101,17,17,1
42,2841,20241101,9,9,1
42,2842,20241101,3,3,1
42,2926,20241101,8,8,1
42,2927,20241101,8,8,1
43,3001,20241101,56,55,0.9821428571428571
43,3003,20241101,40,40,1
43,3004,20241101,20,20,1
43,3007,20241101,24,24,1
43,3008,20241101,14,13,0.9285714285714286
43,3009,20241101,21,21,1
43,3011,20241101,30,30,1
43,3012,20241101,48,47,0.9791666666666666
43,3013,20241101,62,62,1
43,3014,20241101,19,18,0.9473684210526315
43,3015,20241101,20,20,1
43,3017,20241101,20,20,1
43,3019,20241101,7,6,0.8571428571428571
43,3021,20241101,14,13,0.9285714285714286
43,3022,20241101,74,74,1
43,3023,20241101,22,22,1
43,3024,20241101,24,24,1
43,3025,20241101,52,51,0.9807692307692307
43,3026,20241101,52,50,0.9615384615384616
43,3027,20241101,14,14,1
43,3030,20241101,16,16,1
43,3034,20241101,23,23,1
43,3038,20241101,24,24,1
43,3040,20241101,37,37,1
43,3041,20241101,28,28,1
43,3101,20241101,58,57,0.9827586206896551
43,3103,20241101,27,27,1
43,3104,20241101,20,20,1
43,3105,20241101,62,62,1
43,3108,20241101,58,55,0.9482758620689655
43,3109,20241101,4,4,1
43,3111,20241101,32,32,1
43,3112,20241101,60,56,0.9333333333333333
43,3113,20241101,61,58,0.9508196721311475
43,3114,20241101,26,26,1
43,3118,20241101,10,10,1
43,3119,20241101,20,20,1
43,3120,20241101,4,4,1
43,3201,20241101,8,8,1
43,3203,20241101,6,6,1
43,3204,20241101,3,3,1
43,3205,20241101,6,6,1
43,3210,20241101,8,8,1
43,3212,20241101,3,3,1
43,3213,20241101,5,5,1
43,3220,20241101,15,15,1
43,3221,20241101,2,2,1
43,3222,20241101,12,11,0.9166666666666666
43,3502,20241101,15,15,1
43,3503,20241101,28,28,1
43,3504,20241101,20,19,0.95
43,3505,20241101,11,11,1
43,3506,20241101,28,27,0.9642857142857143
43,3507,20241101,29,29,1
43,3508,20241101,51,51,1
43,3509,20241101,16,16,1
43,3510,20241101,7,7,1
43,3511,20241101,8,8,1
43,3512,20241101,40,39,0.975
43,3513,20241101,35,35,1
43,3514,20241101,20,20,1
43,3515,20241101,30,30,1
43,3516,20241101,26,26,1
43,3517,20241101,19,19,1
43,3521,20241101,17,17,1
43,3523,20241101,3,2,0.6666666666666666
43,3524,20241101,15,15,1
43,3525,20241101,30,30,1
43,3526,20241101,20,20,1
43,3535,20241101,4,4,1
43,3536,20241101,20,20,1
43,3541,20241101,10,10,1
43,3544,20241101,4,4,1
43,3545,20241101,8,8,1
43,3549,20241101,5,5,1
43,3620,20241101,64,64,1
43,3626,20241101,12,12,1
43,3635,20241101,12,12,1
43,3642,20241101,14,14,1
43,3703,20241101,60,60,1
43,3705,20241101,20,20,1
43,3706,20241101,12,9,0.75
43,3708,20241101,12,12,1
43,3710,20241101,64,63,0.984375
43,3715,20241101,14,14,1
43,3716,20241101,22,22,1
43,3717,20241101,32,32,1
43,3721,20241101,20,20,1
44,4600,20241101,53,53,1
44,4001,20241101,8,8,1
44,4102,20241101,8,8,1
44,4106,20241101,2,2,1
44,4407,20241101,2,2,1
44,4408,20241101,1,1,1
44,4409,20241101,8,8,1
44,4412,20241101,32,32,1
44,4441,20241101,28,27,0.9642857142857143
44,4543,20241101,3,3,1
44,4501,20241101,18,18,1
44,4551,20241101,6,6,1
44,4612,20241101,4,4,1
44,4701,20241101,72,72,1
44,4604,20241101,8,8,1
44,4730,20241101,26,26,1
44,4516,20241101,8,8,1
44,4203,20241101,16,16,1
44,4107,20241101,3,3,1
44,4705,20241101,44,44,1
44,4207,20241101,8,8,1
44,4540,20241101,5,5,1
44,4542,20241101,6,6,1
44,4426,20241101,46,46,1
44,4403,20241101,24,24,1
44,4482,20241101,4,4,1
44,4440,20241101,16,16,1
44,4472,20241101,6,6,1
44,4521,20241101,8,8,1
44,4704,20241101,21,21,1
44,4710,20241101,20,20,1
44,4544,20241101,3,3,1
44,4621,20241101,4,2,0.5
44,4504,20241101,17,17,1
44,4702,20241101,44,44,1
44,4404,20241101,37,37,1
44,4513,20241101,8,8,1
44,4512,20241101,21,21,1
44,4707,20241101,6,6,1
44,4632,20241101,11,11,1
44,4320,20241101,6,6,1
44,4204,20241101,4,4,1
44,4720,20241101,37,37,1
44,4427,20241101,8,8,1
44,4414,20241101,4,4,1
44,4725,20241101,44,44,1
44,4436,20241101,28,28,1
44,4901,20241101,6,6,1
44,4464,20241101,3,3,1
44,4481,20241101,4,4,1
44,4401,20241101,8,8,1
44,4421,20241101,21,21,1
44,4602,20241101,38,38,1
44,4428,20241101,2,2,1
44,4463,20241101,3,3,1
44,4429,20241101,8,8,1
44,4434,20241101,22,22,1
44,4715,20241101,8,8,1
44,4439,20241101,8,8,1
44,4514,20241101,6,6,1
44,4438,20241101,18,18,1
44,4422,20241101,25,25,1
44,4453,20241101,6,6,1
44,4524,20241101,9,9,1
44,4562,20241101,36,36,1
44,4002,20241101,4,3,0.75
44,4706,20241101,8,8,1
44,4605,20241101,4,4,1
41,1001,20241102,24,22,0.9166666666666666
41,1002,20241102,8,8,1
41,1003,20241102,40,36,0.9
41,1005,20241102,66,65,0.9848484848484849
41,1006,20241102,8,8,1
41,1008,20241102,11,11,1
41,1009,20241102,8,8,1
41,1011,20241102,8,8,1
41,1012,20241102,11,11,1
41,1014,20241102,16,16,1
41,1015,20241102,12,10,0.8333333333333334
41,1101,20241102,16,16,1
41,1103,20241102,51,51,1
41,1105,20241102,25,25,1
41,1106,20241102,10,10,1
41,1107,20241102,17,15,0.8823529411764706
41,1115,20241102,12,12,1
41,1119,20241102,28,27,0.9642857142857143
41,1120,20241102,74,74,1
41,1124,20241102,14,14,1
41,1204,20241102,15,15,1
41,1205,20241102,27,27,1
41,1206,20241102,24,22,0.9166666666666666
41,1209,20241102,40,39,0.975
41,1210,20241102,12,11,0.9166666666666666
41,1211,20241102,52,52,1
41,1212,20241102,77,71,0.922077922077922
41,1213,20241102,21,21,1
41,1215,20241102,18,18,1
41,1216,20241102,14,14,1
41,1217,20241102,27,27,1
41,1218,20241102,57,51,0.8947368421052632
41,1219,20241102,43,43,1
41,1220,20241102,18,18,1
41,1221,20241102,22,22,1
41,1222,20241102,23,22,0.9565217391304348
41,1223,20241102,34,34,1
41,1224,20241102,19,19,1
41,1226,20241102,28,27,0.9642857142857143
41,1228,20241102,13,13,1
41,1229,20241102,24,24,1
41,1230,20241102,21,18,0.8571428571428571
41,1232,20241102,13,11,0.8461538461538461
41,1234,20241102,15,14,0.9333333333333333
41,1235,20241102,27,26,0.9629629629629629
41,1236,20241102,26,24,0.9230769230769231
41,1240,20241102,16,16,1
41,1241,20241102,22,22,1
41,1242,20241102,19,18,0.9473684210526315
41,1245,20241102,28,28,1
41,1247,20241102,12,12,1
41,1248,20241102,32,31,0.96875
41,1249,20241102,26,25,0.9615384615384616
41,1250,20241102,16,16,1
41,1251,20241102,50,48,0.96
41,1252,20241102,41,32,0.7804878048780488
41,1253,20241102,35,29,0.8285714285714286
41,1254,20241102,27,27,1
41,1255,20241102,12,12,1
41,1501,20241102,15,15,1
41,1502,20241102,66,63,0.9545454545454546
41,1504,20241102,29,29,1
41,1506,20241102,18,18,1
41,1507,20241102,22,21,0.9545454545454546
41,1508,20241102,16,16,1
41,1509,20241102,18,11,0.6111111111111112
41,1510,20241102,30,29,0.9666666666666667
41,1511,20241102,10,10,1
41,1512,20241102,14,14,1
41,1513,20241102,6,6,1
41,1514,20241102,38,38,1
41,1515,20241102,65,65,1
41,1516,20241102,15,15,1
41,1517,20241102,16,16,1
41,1518,20241102,54,51,0.9444444444444444
41,1519,20241102,37,37,1
41,1520,20241102,11,11,1
41,1521,20241102,3,3,1
41,1523,20241102,46,45,0.9782608695652174
41,1524,20241102,11,11,1
41,1525,20241102,39,39,1
41,1527,20241102,27,27,1
41,1528,20241102,16,16,1
41,1529,20241102,24,24,1
41,1530,20241102,6,6,1
41,1601,20241102,28,28,1
41,1603,20241102,16,16,1
41,1604,20241102,55,54,0.9818181818181818
41,1606,20241102,28,28,1
41,1608,20241102,33,32,0.9696969696969697
41,1610,20241102,67,67,1
41,1612,20241102,17,17,1
41,1613,20241102,14,14,1
41,1614,20241102,31,30,0.967741935483871
41,1615,20241102,16,16,1
41,1617,20241102,4,4,1
41,1622,20241102,38,38,1
41,1623,20241102,31,31,1
41,1624,20241102,48,44,0.9166666666666666
41,1625,20241102,37,37,1
41,1628,20241102,9,9,1
41,1629,20241102,27,27,1
41,1630,20241102,13,13,1
41,1631,20241102,21,21,1
41,1632,20241102,14,13,0.9285714285714286
41,1633,20241102,17,17,1
41,1634,20241102,12,12,1
41,1635,20241102,20,19,0.95
41,1636,20241102,22,21,0.9545454545454546
41,1637,20241102,12,12,1
41,1638,20241102,35,34,0.9714285714285714
41,1703,20241102,59,56,0.9491525423728814
41,1704,20241102,34,34,1
41,1706,20241102,66,66,1
41,1707,20241102,65,64,0.9846153846153847
41,1708,20241102,8,8,1
41,1709,20241102,90,81,0.9
41,1710,20241102,40,40,1
41,1711,20241102,23,23,1
41,1712,20241102,8,8,1
41,1713,20241102,39,39,1
41,1714,20241102,67,66,0.9850746268656716
41,1715,20241102,28,28,1
41,1716,20241102,35,33,0.9428571428571428
41,1717,20241102,74,73,0.9864864864864865
41,1718,20241102,14,14,1
41,1719,20241102,16,16,1
41,1721,20241102,75,70,0.9333333333333333
41,1722,20241102,17,17,1
41,1724,20241102,14,14,1
41,1726,20241102,35,35,1
41,1728,20241102,10,10,1
41,1730,20241102,8,8,1
41,1731,20241102,14,14,1
41,1998,20241102,62,59,0.9516129032258065
42,2002,20241102,3,3,1
42,2003,20241102,18,18,1
42,2006,20241102,7,7,1
42,2008,20241102,3,3,1
42,2011,20241102,17,17,1
42,2017,20241102,2,2,1
42,2021,20241102,13,13,1
42,2027,20241102,4,4,1
42,2028,20241102,4,3,0.75
42,2031,20241102,15,15,1
42,2034,20241102,4,4,1
42,2035,20241102,1,0,0
42,2036,20241102,9,3,0.3333333333333333
42,2037,20241102,15,15,1
42,2116,20241102,2,2,1
42,2120,20241102,4,4,1
42,2126,20241102,16,16,1
42,2132,20241102,2,2,1
42,2203,20241102,24,24,1
42,2204,20241102,4,4,1
42,2205,20241102,30,29,0.9666666666666667
42,2207,20241102,11,11,1
42,2208,20241102,8,5,0.625
42,2211,20241102,2,2,1
42,2212,20241102,19,18,0.9473684210526315
42,2213,20241102,19,19,1
42,2219,20241102,5,5,1
42,2220,20241102,11,11,1
42,2221,20241102,20,20,1
42,2222,20241102,7,3,0.42857142857142855
42,2224,20241102,19,19,1
42,2303,20241102,81,80,0.9876543209876543
42,2306,20241102,17,17,1
42,2309,20241102,13,13,1
42,2310,20241102,25,25,1
42,2317,20241102,28,28,1
42,2327,20241102,13,13,1
42,2328,20241102,35,35,1
42,2331,20241102,22,20,0.9090909090909091
42,2333,20241102,24,24,1
42,2335,20241102,14,14,1
42,2505,20241102,10,10,1
42,2513,20241102,11,11,1
42,2516,20241102,24,24,1
42,2517,20241102,20,20,1
42,2518,20241102,28,27,0.9642857142857143
42,2523,20241102,57,56,0.9824561403508771
42,2530,20241102,7,7,1
42,2532,20241102,10,9,0.9
42,2533,20241102,13,13,1
42,2534,20241102,6,6,1
42,2537,20241102,34,31,0.9117647058823529
42,2538,20241102,14,14,1
42,2540,20241102,10,10,1
42,2605,20241102,24,23,0.9583333333333334
42,2610,20241102,30,30,1
42,2611,20241102,25,25,1
42,2620,20241102,4,4,1
42,2621,20241102,16,15,0.9375
42,2626,20241102,14,14,1
42,2701,20241102,7,7,1
42,2702,20241102,70,67,0.9571428571428572
42,2703,20241102,31,31,1
42,2706,20241102,26,26,1
42,2708,20241102,78,77,0.9871794871794872
42,2710,20241102,38,38,1
42,2711,20241102,79,78,0.9873417721518988
42,2713,20241102,35,35,1
42,2722,20241102,38,38,1
42,2725,20241102,60,60,1
42,2727,20241102,46,46,1
42,2728,20241102,32,32,1
42,2729,20241102,34,34,1
42,2730,20241102,76,76,1
42,2733,20241102,10,10,1
42,2734,20241102,14,14,1
42,2736,20241102,36,36,1
42,2740,20241102,22,22,1
42,2741,20241102,6,6,1
42,2750,20241102,38,38,1
42,2751,20241102,9,9,1
42,2753,20241102,9,8,0.8888888888888888
42,2754,20241102,28,28,1
42,2761,20241102,10,10,1
42,2764,20241102,72,72,1
42,2769,20241102,141,129,0.9148936170212766
42,2772,20241102,77,75,0.974025974025974
42,2774,20241102,13,12,0.9230769230769231
42,2776,20241102,42,39,0.9285714285714286
42,2780,20241102,32,31,0.96875
42,2782,20241102,12,12,1
42,2785,20241102,2,2,1
42,2790,20241102,71,71,1
42,2794,20241102,34,34,1
42,2796,20241102,34,34,1
42,2801,20241102,6,6,1
42,2802,20241102,1,1,1
42,2803,20241102,12,12,1
42,2811,20241102,2,2,1
42,2812,20241102,10,10,1
42,2817,20241102,6,6,1
42,2821,20241102,42,41,0.9761904761904762
42,2822,20241102,69,68,0.9855072463768116
42,2823,20241102,34,34,1
42,2832,20241102,2,2,1
42,2833,20241102,23,22,0.9565217391304348
42,2841,20241102,13,13,1
42,2842,20241102,11,11,1
42,2905,20241102,4,3,0.75
42,2926,20241102,10,10,1
42,2927,20241102,13,11,0.8461538461538461
43,3001,20241102,56,55,0.9821428571428571
43,3003,20241102,43,42,0.9767441860465116
43,3004,20241102,30,28,0.9333333333333333
43,3005,20241102,10,7,0.7
43,3006,20241102,14,13,0.9285714285714286
43,3007,20241102,26,21,0.8076923076923077
43,3008,20241102,16,16,1
43,3009,20241102,25,25,1
43,3011,20241102,36,35,0.9722222222222222
43,3012,20241102,51,51,1
43,3013,20241102,62,62,1
43,3014,20241102,21,21,1
43,3015,20241102,20,20,1
43,3017,20241102,32,32,1
43,3019,20241102,8,8,1
43,3020,20241102,18,18,1
43,3021,20241102,24,24,1
43,3022,20241102,74,74,1
43,3023,20241102,34,33,0.9705882352941176
43,3024,20241102,42,42,1
43,3025,20241102,54,54,1
43,3026,20241102,52,44,0.8461538461538461
43,3027,20241102,17,16,0.9411764705882353
43,3028,20241102,17,17,1
43,3029,20241102,18,17,0.9444444444444444
43,3030,20241102,18,18,1
43,3033,20241102,12,12,1
43,3034,20241102,25,24,0.96
43,3037,20241102,18,16,0.8888888888888888
43,3038,20241102,24,24,1
43,3040,20241102,37,37,1
43,3041,20241102,32,31,0.96875
43,3101,20241102,64,64,1
43,3103,20241102,42,42,1
43,3104,20241102,20,19,0.95
43,3105,20241102,68,68,1
43,3108,20241102,64,64,1
43,3109,20241102,8,8,1
43,3110,20241102,6,6,1
43,3111,20241102,32,31,0.96875
43,3112,20241102,64,64,1
43,3113,20241102,65,65,1
43,3114,20241102,26,26,1
43,3118,20241102,12,12,1
43,3119,20241102,22,22,1
43,3120,20241102,12,12,1
43,3201,20241102,9,9,1
43,3203,20241102,4,4,1
43,3204,20241102,3,3,1
43,3205,20241102,6,6,1
43,3208,20241102,8,8,1
43,3210,20241102,8,8,1
43,3212,20241102,3,3,1
43,3213,20241102,6,6,1
43,3218,20241102,8,8,1
43,3220,20241102,15,15,1
43,3221,20241102,2,2,1
43,3222,20241102,12,12,1
43,3502,20241102,15,15,1
43,3503,20241102,28,28,1
43,3504,20241102,30,30,1
43,3505,20241102,11,11,1
43,3506,20241102,38,38,1
43,3507,20241102,31,30,0.967741935483871
43,3508,20241102,53,53,1
43,3509,20241102,17,17,1
43,3510,20241102,7,7,1
43,3511,20241102,8,8,1
43,3512,20241102,44,44,1
43,3513,20241102,44,42,0.9545454545454546
43,3514,20241102,21,21,1
43,3515,20241102,30,30,1
43,3516,20241102,36,35,0.9722222222222222
43,3517,20241102,22,22,1
43,3521,20241102,27,27,1
43,3523,20241102,3,3,1
43,3524,20241102,20,20,1
43,3525,20241102,38,38,1
43,3526,20241102,40,40,1
43,3535,20241102,4,4,1
43,3536,20241102,20,20,1
43,3541,20241102,10,10,1
43,3544,20241102,4,4,1
43,3545,20241102,9,9,1
43,3549,20241102,4,4,1
43,3620,20241102,66,66,1
43,3626,20241102,16,16,1
43,3635,20241102,13,13,1
43,3642,20241102,14,14,1
43,3703,20241102,61,61,1
43,3705,20241102,30,30,1
43,3706,20241102,12,9,0.75
43,3708,20241102,12,12,1
43,3710,20241102,66,64,0.9696969696969697
43,3715,20241102,14,14,1
43,3716,20241102,24,23,0.9583333333333334
43,3717,20241102,32,32,1
43,3721,20241102,20,20,1
44,4600,20241102,54,53,0.9814814814814815
44,4001,20241102,13,13,1
44,4102,20241102,10,10,1
44,4106,20241102,2,2,1
44,4407,20241102,2,2,1
44,4408,20241102,1,1,1
44,4409,20241102,12,12,1
44,4412,20241102,32,32,1
44,4441,20241102,28,28,1
44,4543,20241102,3,3,1
44,4501,20241102,24,24,1
44,4551,20241102,6,6,1
44,4612,20241102,9,9,1
44,4701,20241102,84,83,0.9880952380952381
44,4604,20241102,8,8,1
44,4730,20241102,26,24,0.9230769230769231
44,4905,20241102,2,2,1
44,4516,20241102,12,12,1
44,4203,20241102,23,23,1
44,4107,20241102,3,3,1
44,4705,20241102,44,44,1
44,4103,20241102,4,4,1
44,4207,20241102,8,8,1
44,4540,20241102,7,7,1
44,4542,20241102,12,11,0.9166666666666666
44,4426,20241102,46,46,1
44,4403,20241102,34,34,1
44,4482,20241102,6,6,1
44,4440,20241102,16,15,0.9375
44,4521,20241102,8,8,1
44,4472,20241102,6,6,1
44,4710,20241102,17,17,1
44,4544,20241102,4,4,1
44,4621,20241102,12,12,1
44,4504,20241102,22,22,1
44,4702,20241102,44,44,1
44,4901,20241102,8,8,1
44,4404,20241102,37,33,0.8918918918918919
44,4715,20241102,8,8,1
44,4513,20241102,8,7,0.875
44,4512,20241102,27,27,1
44,4707,20241102,6,6,1
44,4632,20241102,11,11,1
44,4320,20241102,6,6,1
44,4204,20241102,6,6,1
44,4720,20241102,37,37,1
44,4427,20241102,16,16,1
44,4414,20241102,4,2,0.5
44,4725,20241102,44,44,1
44,4436,20241102,28,27,0.9642857142857143
44,4464,20241102,3,3,1
44,4481,20241102,6,6,1
44,4401,20241102,12,12,1
44,4421,20241102,21,19,0.9047619047619048
44,4415,20241102,2,2,1
44,4602,20241102,38,38,1
44,4428,20241102,4,4,1
44,4463,20241102,3,3,1
44,4429,20241102,14,13,0.9285714285714286
44,4434,20241102,22,22,1
44,4515,20241102,2,2,1
44,4439,20241102,8,8,1
44,4514,20241102,8,8,1
44,4531,20241102,4,4,1
44,4438,20241102,18,18,1
44,4422,20241102,28,26,0.9285714285714286
44,4453,20241102,10,10,1
44,4524,20241102,9,9,1
44,4704,20241102,21,21,1
44,4562,20241102,36,36,1
44,4002,20241102,9,9,1
44,4706,20241102,8,7,0.875
41,1001,20241103,17,15,0.8823529411764706
41,1002,20241103,8,8,1
41,1003,20241103,20,20,1
41,1005,20241103,66,66,1
41,1006,20241103,6,6,1
41,1009,20241103,4,4,1
41,1011,20241103,8,7,0.875
41,1014,20241103,11,11,1
41,1101,20241103,15,14,0.9333333333333333
41,1103,20241103,53,53,1
41,1105,20241103,24,24,1
41,1106,20241103,4,4,1
41,1107,20241103,14,14,1
41,1119,20241103,26,23,0.8846153846153846
41,1120,20241103,70,68,0.9714285714285714
41,1124,20241103,13,11,0.8461538461538461
41,1204,20241103,15,15,1
41,1205,20241103,27,27,1
41,1206,20241103,24,24,1
41,1209,20241103,28,28,1
41,1210,20241103,12,12,1
41,1211,20241103,32,32,1
41,1212,20241103,73,70,0.958904109589041
41,1213,20241103,14,14,1
41,1215,20241103,13,13,1
41,1216,20241103,12,12,1
41,1217,20241103,24,23,0.9583333333333334
41,1218,20241103,56,56,1
41,1219,20241103,46,46,1
41,1220,20241103,13,13,1
41,1221,20241103,13,12,0.9230769230769231
41,1222,20241103,14,13,0.9285714285714286
41,1223,20241103,34,30,0.8823529411764706
41,1224,20241103,16,16,1
41,1226,20241103,28,28,1
41,1228,20241103,13,12,0.9230769230769231
41,1229,20241103,24,24,1
41,1230,20241103,17,17,1
41,1232,20241103,13,13,1
41,1234,20241103,14,12,0.8571428571428571
41,1235,20241103,26,24,0.9230769230769231
41,1236,20241103,26,26,1
41,1240,20241103,14,14,1
41,1241,20241103,24,22,0.9166666666666666
41,1242,20241103,19,19,1
41,1245,20241103,28,28,1
41,1247,20241103,12,12,1
41,1248,20241103,28,28,1
41,1249,20241103,26,26,1
41,1250,20241103,16,16,1
41,1251,20241103,48,47,0.9791666666666666
41,1252,20241103,39,37,0.9487179487179487
41,1253,20241103,35,32,0.9142857142857143
41,1254,20241103,27,26,0.9629629629629629
41,1255,20241103,10,10,1
41,1502,20241103,50,48,0.96
41,1504,20241103,29,29,1
41,1506,20241103,8,6,0.75
41,1507,20241103,19,19,1
41,1508,20241103,14,14,1
41,1509,20241103,12,12,1
41,1510,20241103,30,27,0.9
41,1511,20241103,10,10,1
41,1512,20241103,14,14,1
41,1513,20241103,4,4,1
41,1514,20241103,38,37,0.9736842105263158
41,1515,20241103,63,60,0.9523809523809523
41,1516,20241103,15,15,1
41,1517,20241103,16,15,0.9375
41,1518,20241103,52,52,1
41,1519,20241103,30,30,1
41,1520,20241103,11,10,0.9090909090909091
41,1521,20241103,3,3,1
41,1523,20241103,34,31,0.9117647058823529
41,1524,20241103,11,11,1
41,1525,20241103,35,35,1
41,1527,20241103,24,23,0.9583333333333334
41,1528,20241103,15,15,1
41,1529,20241103,15,15,1
41,1530,20241103,6,4,0.6666666666666666
41,1601,20241103,26,26,1
41,1603,20241103,15,15,1
41,1604,20241103,54,51,0.9444444444444444
41,1606,20241103,28,28,1
41,1608,20241103,26,26,1
41,1610,20241103,63,62,0.9841269841269841
41,1612,20241103,12,12,1
41,1613,20241103,14,14,1
41,1614,20241103,30,28,0.9333333333333333
41,1615,20241103,16,16,1
41,1622,20241103,36,35,0.9722222222222222
41,1623,20241103,30,30,1
41,1624,20241103,44,44,1
41,1625,20241103,37,37,1
41,1628,20241103,9,9,1
41,1629,20241103,23,23,1
41,1630,20241103,11,11,1
41,1631,20241103,21,21,1
41,1632,20241103,12,12,1
41,1633,20241103,14,14,1
41,1634,20241103,12,11,0.9166666666666666
41,1635,20241103,16,16,1
41,1636,20241103,22,21,0.9545454545454546
41,1637,20241103,12,11,0.9166666666666666
41,1638,20241103,31,31,1
41,1703,20241103,59,59,1
41,1704,20241103,32,30,0.9375
41,1706,20241103,66,66,1
41,1707,20241103,58,58,1
41,1708,20241103,7,7,1
41,1709,20241103,85,85,1
41,1710,20241103,36,36,1
41,1711,20241103,23,23,1
41,1712,20241103,4,4,1
41,1713,20241103,37,34,0.918918918918919
41,1714,20241103,62,61,0.9838709677419355
41,1715,20241103,26,26,1
41,1716,20241103,15,15,1
41,1717,20241103,68,65,0.9558823529411765
41,1718,20241103,14,14,1
41,1719,20241103,14,14,1
41,1721,20241103,68,66,0.9705882352941176
41,1722,20241103,16,16,1
41,1724,20241103,14,14,1
41,1726,20241103,35,35,1
41,1728,20241103,10,10,1
41,1730,20241103,4,3,0.75
41,1731,20241103,14,14,1
41,1998,20241103,69,69,1
42,2002,20241103,3,3,1
42,2003,20241103,18,18,1
42,2006,20241103,4,4,1
42,2008,20241103,2,2,1
42,2011,20241103,10,10,1
42,2021,20241103,13,13,1
42,2027,20241103,4,4,1
42,2028,20241103,4,4,1
42,2036,20241103,8,8,1
42,2116,20241103,2,2,1
42,2120,20241103,4,4,1
42,2126,20241103,14,14,1
42,2132,20241103,2,2,1
42,2203,20241103,19,19,1
42,2205,20241103,5,5,1
42,2207,20241103,3,3,1
42,2208,20241103,4,4,1
42,2211,20241103,2,2,1
42,2212,20241103,18,18,1
42,2213,20241103,16,16,1
42,2221,20241103,27,27,1
42,2224,20241103,19,19,1
42,2303,20241103,56,56,1
42,2306,20241103,9,9,1
42,2310,20241103,10,10,1
42,2317,20241103,24,23,0.9583333333333334
42,2327,20241103,12,12,1
42,2328,20241103,35,35,1
42,2331,20241103,10,9,0.9
42,2333,20241103,35,34,0.9714285714285714
42,2335,20241103,13,13,1
42,2505,20241103,2,2,1
42,2513,20241103,8,8,1
42,2516,20241103,11,11,1
42,2517,20241103,20,20,1
42,2518,20241103,26,26,1
42,2519,20241103,4,3,0.75
42,2523,20241103,38,38,1
42,2533,20241103,14,14,1
42,2538,20241103,46,45,0.9782608695652174
42,2540,20241103,8,8,1
42,2605,20241103,24,24,1
42,2610,20241103,29,29,1
42,2611,20241103,24,24,1
42,2620,20241103,5,5,1
42,2621,20241103,11,11,1
42,2626,20241103,14,14,1
42,2702,20241103,66,66,1
42,2703,20241103,28,28,1
42,2706,20241103,26,26,1
42,2708,20241103,56,56,1
42,2710,20241103,34,34,1
42,2711,20241103,57,57,1
42,2713,20241103,33,33,1
42,2722,20241103,34,34,1
42,2725,20241103,52,52,1
42,2727,20241103,37,37,1
42,2728,20241103,30,30,1
42,2729,20241103,30,30,1
42,2730,20241103,72,72,1
42,2733,20241103,7,7,1
42,2734,20241103,10,10,1
42,2736,20241103,33,32,0.9696969696969697
42,2740,20241103,13,13,1
42,2741,20241103,4,4,1
42,2750,20241103,38,38,1
42,2751,20241103,11,11,1
42,2753,20241103,9,9,1
42,2754,20241103,26,26,1
42,2761,20241103,10,10,1
42,2764,20241103,46,46,1
42,2769,20241103,140,134,0.9571428571428572
42,2772,20241103,77,73,0.948051948051948
42,2774,20241103,8,8,1
42,2776,20241103,41,41,1
42,2780,20241103,26,26,1
42,2782,20241103,12,12,1
42,2785,20241103,2,2,1
42,2790,20241103,69,69,1
42,2794,20241103,32,32,1
42,2796,20241103,18,18,1
42,2801,20241103,6,6,1
42,2803,20241103,8,8,1
42,2812,20241103,14,14,1
42,2821,20241103,41,41,1
42,2822,20241103,67,67,1
42,2823,20241103,30,30,1
42,2833,20241103,17,17,1
42,2841,20241103,9,9,1
42,2842,20241103,3,3,1
42,2926,20241103,8,7,0.875
42,2927,20241103,8,8,1
43,3001,20241103,56,54,0.9642857142857143
43,3003,20241103,40,40,1
43,3004,20241103,20,20,1
43,3007,20241103,24,24,1
43,3008,20241103,14,14,1
43,3009,20241103,21,21,1
43,3011,20241103,30,30,1
43,3012,20241103,48,48,1
43,3013,20241103,62,58,0.9354838709677419
43,3014,20241103,19,19,1
43,3015,20241103,20,14,0.7
43,3017,20241103,20,16,0.8
43,3019,20241103,7,5,0.7142857142857143
43,3021,20241103,14,14,1
43,3022,20241103,74,74,1
43,3023,20241103,22,15,0.6818181818181818
43,3024,20241103,24,24,1
43,3025,20241103,52,43,0.8269230769230769
43,3026,20241103,52,52,1
43,3027,20241103,14,14,1
43,3030,20241103,16,16,1
43,3034,20241103,23,23,1
43,3038,20241103,24,24,1
43,3040,20241103,37,36,0.972972972972973
43,3041,20241103,28,28,1
43,3101,20241103,58,57,0.9827586206896551
43,3103,20241103,27,27,1
43,3104,20241103,20,20,1
43,3105,20241103,62,62,1
43,3108,20241103,58,57,0.9827586206896551
43,3109,20241103,4,4,1
43,3111,20241103,32,32,1
43,3112,20241103,60,59,0.9833333333333333
43,3113,20241103,61,61,1
43,3114,20241103,26,26,1
43,3118,20241103,10,10,1
43,3119,20241103,20,20,1
43,3120,20241103,4,4,1
43,3201,20241103,8,7,0.875
43,3203,20241103,6,6,1
43,3204,20241103,3,3,1
43,3205,20241103,6,6,1
43,3210,20241103,8,8,1
43,3212,20241103,3,3,1
43,3213,20241103,5,5,1
43,3220,20241103,15,15,1
43,3221,20241103,2,2,1
43,3222,20241103,12,12,1
43,3502,20241103,15,15,1
43,3503,20241103,28,28,1
43,3504,20241103,20,18,0.9
43,3505,20241103,11,11,1
43,3506,20241103,28,28,1
43,3507,20241103,29,27,0.9310344827586207
43,3508,20241103,51,51,1
43,3509,20241103,16,16,1
43,3510,20241103,7,7,1
43,3511,20241103,8,8,1
43,3512,20241103,40,38,0.95
43,3513,20241103,35,34,0.9714285714285714
43,3514,20241103,20,17,0.85
43,3515,20241103,30,29,0.9666666666666667
43,3516,20241103,26,25,0.9615384615384616
43,3517,20241103,19,19,1
43,3521,20241103,17,17,1
43,3523,20241103,3,3,1
43,3524,20241103,15,14,0.9333333333333333
43,3525,20241103,30,30,1
43,3526,20241103,20,20,1
43,3535,20241103,4,4,1
43,3536,20241103,20,20,1
43,3541,20241103,10,10,1
43,3544,20241103,4,4,1
43,3545,20241103,8,8,1
43,3549,20241103,5,5,1
43,3620,20241103,64,64,1
43,3626,20241103,12,12,1
43,3635,20241103,12,12,1
43,3640,20241103,7,0,0
43,3642,20241103,14,14,1
43,3703,20241103,60,60,1
43,3705,20241103,20,20,1
43,3706,20241103,12,9,0.75
43,3708,20241103,12,12,1
43,3710,20241103,64,64,1
43,3715,20241103,14,13,0.9285714285714286
43,3716,20241103,22,22,1
43,3717,20241103,32,32,1
43,3721,20241103,20,14,0.7
44,4600,20241103,53,53,1
44,4001,20241103,8,8,1
44,4106,20241103,2,2,1
44,4407,20241103,2,2,1
44,4408,20241103,1,1,1
44,4409,20241103,8,8,1
44,4412,20241103,32,32,1
44,4441,20241103,28,28,1
44,4543,20241103,3,2,0.6666666666666666
44,4501,20241103,18,18,1
44,4551,20241103,6,6,1
44,4612,20241103,4,4,1
44,4604,20241103,8,8,1
44,4730,20241103,26,26,1
44,4516,20241103,8,8,1
44,4107,20241103,3,3,1
44,4203,20241103,16,16,1
44,4705,20241103,44,42,0.9545454545454546
44,4207,20241103,8,8,1
44,4540,20241103,5,5,1
44,4542,20241103,6,6,1
44,4426,20241103,46,46,1
44,4403,20241103,24,24,1
44,4482,20241103,4,4,1
44,4440,20241103,16,16,1
44,4521,20241103,8,8,1
44,4472,20241103,6,6,1
44,4710,20241103,20,19,0.95
44,4544,20241103,3,2,0.6666666666666666
44,4621,20241103,4,4,1
44,4504,20241103,17,16,0.9411764705882353
44,4102,20241103,8,8,1
44,4702,20241103,44,44,1
44,4404,20241103,37,35,0.9459459459459459
44,4715,20241103,8,8,1
44,4513,20241103,8,8,1
44,4512,20241103,21,21,1
44,4707,20241103,6,6,1
44,4632,20241103,11,11,1
44,4320,20241103,6,6,1
44,4204,20241103,4,4,1
44,4720,20241103,37,37,1
44,4427,20241103,8,7,0.875
44,4414,20241103,4,4,1
44,4436,20241103,28,28,1
44,4901,20241103,6,4,0.6666666666666666
44,4464,20241103,3,3,1
44,4481,20241103,4,4,1
44,4401,20241103,8,8,1
44,4725,20241103,44,44,1
44,4602,20241103,38,38,1
44,4428,20241103,2,2,1
44,4463,20241103,3,3,1
44,4429,20241103,8,8,1
44,4434,20241103,22,22,1
44,4439,20241103,8,8,1
44,4514,20241103,6,6,1
44,4438,20241103,18,18,1
44,4421,20241103,21,20,0.9523809523809523
44,4422,20241103,25,25,1
44,4453,20241103,6,6,1
44,4524,20241103,9,9,1
44,4704,20241103,21,21,1
44,4701,20241103,72,72,1
44,4562,20241103,36,36,1
44,4002,20241103,4,4,1
44,4706,20241103,8,8,1
44,4605,20241103,4,4,1
41,1001,20241104,40,36,0.9
41,1002,20241104,21,16,0.7619047619047619
41,1003,20241104,80,76,0.95
41,1004,20241104,10,10,1
41,1005,20241104,87,78,0.896551724137931
41,1006,20241104,9,9,1
41,1008,20241104,23,20,0.8695652173913043
41,1009,20241104,15,15,1
41,1010,20241104,10,10,1
41,1011,20241104,20,16,0.8
41,1012,20241104,23,21,0.9130434782608695
41,1013,20241104,12,12,1
41,1014,20241104,42,36,0.8571428571428571
41,1015,20241104,20,19,0.95
41,1101,20241104,50,49,0.98
41,1103,20241104,76,75,0.9868421052631579
41,1105,20241104,13,11,0.8461538461538461
41,1106,20241104,52,49,0.9423076923076923
41,1107,20241104,23,23,1
41,1109,20241104,10,10,1
41,1110,20241104,10,9,0.9
41,1111,20241104,18,18,1
41,1113,20241104,10,8,0.8
41,1114,20241104,9,7,0.7777777777777778
41,1115,20241104,26,22,0.8461538461538461
41,1117,20241104,10,8,0.8
41,1119,20241104,2,1,0.5
41,1120,20241104,99,98,0.98989898989899
41,1121,20241104,14,12,0.8571428571428571
41,1122,20241104,18,18,1
41,1123,20241104,59,59,1
41,1124,20241104,27,27,1
41,1125,20241104,14,14,1
41,1201,20241104,10,10,1
41,1204,20241104,45,42,0.9333333333333333
41,1205,20241104,51,48,0.9411764705882353
41,1206,20241104,60,58,0.9666666666666667
41,1208,20241104,18,18,1
41,1209,20241104,68,66,0.9705882352941176
41,1210,20241104,19,17,0.8947368421052632
41,1211,20241104,78,78,1
41,1212,20241104,111,104,0.9369369369369369
41,1213,20241104,40,39,0.975
41,1215,20241104,16,16,1
41,1216,20241104,25,25,1
41,1217,20241104,66,62,0.9393939393939394
41,1218,20241104,57,53,0.9298245614035088
41,1219,20241104,59,55,0.9322033898305084
41,1220,20241104,15,15,1
41,1221,20241104,26,26,1
41,1222,20241104,28,26,0.9285714285714286
41,1223,20241104,58,54,0.9310344827586207
41,1224,20241104,24,24,1
41,1225,20241104,7,6,0.8571428571428571
41,1226,20241104,78,77,0.9871794871794872
41,1228,20241104,26,25,0.9615384615384616
41,1229,20241104,45,40,0.8888888888888888
41,1230,20241104,42,38,0.9047619047619048
41,1231,20241104,4,4,1
41,1232,20241104,28,27,0.9642857142857143
41,1233,20241104,7,7,1
41,1234,20241104,43,43,1
41,1235,20241104,46,43,0.9347826086956522
41,1236,20241104,39,36,0.9230769230769231
41,1240,20241104,29,29,1
41,1241,20241104,48,47,0.9791666666666666
41,1242,20241104,40,38,0.95
41,1244,20241104,2,2,1
41,1245,20241104,56,54,0.9642857142857143
41,1247,20241104,21,21,1
41,1248,20241104,63,63,1
41,1249,20241104,58,58,1
41,1250,20241104,21,18,0.8571428571428571
41,1251,20241104,69,68,0.9855072463768116
41,1252,20241104,45,45,1
41,1253,20241104,35,33,0.9428571428571428
41,1254,20241104,52,52,1
41,1255,20241104,20,20,1
41,1501,20241104,20,19,0.95
41,1502,20241104,97,89,0.9175257731958762
41,1503,20241104,43,40,0.9302325581395349
41,1506,20241104,33,33,1
41,1507,20241104,42,33,0.7857142857142857
41,1508,20241104,22,22,1
41,1509,20241104,43,38,0.8837209302325582
41,1510,20241104,64,63,0.984375
41,1511,20241104,21,21,1
41,1512,20241104,26,26,1
41,1513,20241104,29,29,1
41,1514,20241104,58,58,1
41,1515,20241104,1,1,1
41,1516,20241104,32,32,1
41,1517,20241104,44,43,0.9772727272727273
41,1518,20241104,80,72,0.9
41,1519,20241104,39,39,1
41,1520,20241104,14,13,0.9285714285714286
41,1521,20241104,6,6,1
41,1522,20241104,46,45,0.9782608695652174
41,1523,20241104,70,68,0.9714285714285714
41,1524,20241104,48,45,0.9375
41,1525,20241104,80,75,0.9375
41,1527,20241104,45,45,1
41,1528,20241104,34,34,1
41,1529,20241104,45,41,0.9111111111111111
41,1530,20241104,6,6,1
41,1531,20241104,5,5,1
41,1601,20241104,85,85,1
41,1603,20241104,28,27,0.9642857142857143
41,1604,20241104,86,84,0.9767441860465116
41,1605,20241104,12,12,1
41,1606,20241104,29,29,1
41,1608,20241104,62,62,1
41,1609,20241104,6,6,1
41,1610,20241104,34,34,1
41,1611,20241104,11,11,1
41,1612,20241104,40,40,1
41,1613,20241104,32,32,1
41,1614,20241104,69,69,1
41,1615,20241104,42,39,0.9285714285714286
41,1616,20241104,58,55,0.9482758620689655
41,1617,20241104,55,53,0.9636363636363636
41,1622,20241104,61,59,0.9672131147540983
41,1623,20241104,47,41,0.8723404255319149
41,1624,20241104,60,60,1
41,1625,20241104,59,55,0.9322033898305084
41,1626,20241104,24,22,0.9166666666666666
41,1627,20241104,29,27,0.9310344827586207
41,1628,20241104,12,10,0.8333333333333334
41,1629,20241104,28,28,1
41,1630,20241104,14,14,1
41,1631,20241104,31,31,1
41,1632,20241104,24,23,0.9583333333333334
41,1633,20241104,41,41,1
41,1634,20241104,19,19,1
41,1635,20241104,41,40,0.975609756097561
41,1636,20241104,39,36,0.9230769230769231
41,1637,20241104,18,18,1
41,1638,20241104,58,58,1
41,1701,20241104,26,22,0.8461538461538461
41,1703,20241104,78,75,0.9615384615384616
41,1704,20241104,54,52,0.9629629629629629
41,1706,20241104,97,85,0.8762886597938144
41,1707,20241104,86,82,0.9534883720930233
41,1708,20241104,10,10,1
41,1709,20241104,145,138,0.9517241379310345
41,1710,20241104,95,95,1
41,1711,20241104,66,59,0.8939393939393939
41,1712,20241104,57,55,0.9649122807017544
41,1713,20241104,55,52,0.9454545454545454
41,1714,20241104,92,87,0.9456521739130435
41,1715,20241104,98,96,0.9795918367346939
41,1716,20241104,66,66,1
41,1717,20241104,94,92,0.9787234042553191
41,1718,20241104,24,23,0.9583333333333334
41,1719,20241104,33,33,1
41,1720,20241104,78,75,0.9615384615384616
41,1721,20241104,96,94,0.9791666666666666
41,1722,20241104,49,48,0.9795918367346939
41,1723,20241104,65,63,0.9692307692307692
41,1724,20241104,87,79,0.9080459770114943
41,1725,20241104,18,18,1
41,1726,20241104,48,48,1
41,1728,20241104,7,7,1
41,1729,20241104,19,19,1
41,1730,20241104,13,13,1
41,1731,20241104,20,20,1
41,1733,20241104,34,34,1
41,1998,20241104,50,50,1
42,2002,20241104,4,4,1
42,2003,20241104,23,22,0.9565217391304348
42,2004,20241104,14,13,0.9285714285714286
42,2006,20241104,30,30,1
42,2008,20241104,14,14,1
42,2011,20241104,20,20,1
42,2013,20241104,2,2,1
42,2014,20241104,6,6,1
42,2015,20241104,2,2,1
42,2016,20241104,16,16,1
42,2017,20241104,4,4,1
42,2020,20241104,21,21,1
42,2026,20241104,30,30,1
42,2027,20241104,10,9,0.9
42,2028,20241104,9,8,0.8888888888888888
42,2029,20241104,41,39,0.9512195121951219
42,2030,20241104,38,37,0.9736842105263158
42,2031,20241104,35,32,0.9142857142857143
42,2032,20241104,18,18,1
42,2034,20241104,20,19,0.95
42,2035,20241104,17,15,0.8823529411764706
42,2036,20241104,8,8,1
42,2037,20241104,16,15,0.9375
42,2038,20241104,9,9,1
42,2039,20241104,29,29,1
42,2101,20241104,2,2,1
42,2102,20241104,2,2,1
42,2103,20241104,13,13,1
42,2106,20241104,13,13,1
42,2107,20241104,3,3,1
42,2108,20241104,5,5,1
42,2109,20241104,3,3,1
42,2110,20241104,5,5,1
42,2111,20241104,2,2,1
42,2112,20241104,2,2,1
42,2113,20241104,2,1,0.5
42,2114,20241104,2,2,1
42,2115,20241104,2,2,1
42,2116,20241104,2,2,1
42,2117,20241104,17,17,1
42,2118,20241104,7,7,1
42,2119,20241104,4,4,1
42,2120,20241104,8,7,0.875
42,2121,20241104,4,3,0.75
42,2122,20241104,1,1,1
42,2124,20241104,6,6,1
42,2125,20241104,10,10,1
42,2126,20241104,32,31,0.96875
42,2127,20241104,1,1,1
42,2128,20241104,3,3,1
42,2129,20241104,1,1,1
42,2130,20241104,2,2,1
42,2131,20241104,1,1,1
42,2132,20241104,2,1,0.5
42,2133,20241104,10,10,1
42,2134,20241104,4,3,0.75
42,2135,20241104,11,9,0.8181818181818182
42,2136,20241104,10,9,0.9
42,2137,20241104,2,1,0.5
42,2138,20241104,2,2,1
42,2139,20241104,2,2,1
42,2140,20241104,2,2,1
42,2141,20241104,12,11,0.9166666666666666
42,2142,20241104,12,12,1
42,2144,20241104,4,4,1
42,2145,20241104,2,2,1
42,2146,20241104,7,7,1
42,2147,20241104,2,2,1
42,2148,20241104,2,2,1
42,2149,20241104,2,1,0.5
42,2150,20241104,2,2,1
42,2151,20241104,8,8,1
42,2152,20241104,6,6,1
42,2201,20241104,7,7,1
42,2202,20241104,47,45,0.9574468085106383
42,2203,20241104,27,27,1
42,2204,20241104,12,11,0.9166666666666666
42,2205,20241104,4,4,1
42,2206,20241104,40,40,1
42,2207,20241104,50,49,0.98
42,2208,20241104,15,15,1
42,2209,20241104,37,37,1
42,2210,20241104,14,14,1
42,2211,20241104,5,4,0.8
42,2212,20241104,37,36,0.972972972972973
42,2213,20241104,7,7,1
42,2215,20241104,64,64,1
42,2216,20241104,32,32,1
42,2217,20241104,20,20,1
42,2218,20241104,34,34,1
42,2219,20241104,37,37,1
42,2220,20241104,20,20,1
42,2221,20241104,5,5,1
42,2222,20241104,26,26,1
42,2223,20241104,40,38,0.95
42,2224,20241104,23,21,0.9130434782608695
42,2225,20241104,18,18,1
42,2303,20241104,165,163,0.9878787878787879
42,2304,20241104,4,4,1
42,2306,20241104,35,33,0.9428571428571428
42,2307,20241104,28,28,1
42,2309,20241104,38,38,1
42,2310,20241104,38,38,1
42,2315,20241104,9,9,1
42,2316,20241104,3,3,1
42,2317,20241104,44,44,1
42,2318,20241104,34,30,0.8823529411764706
42,2319,20241104,4,4,1
42,2325,20241104,19,19,1
42,2327,20241104,37,34,0.918918918918919
42,2328,20241104,56,55,0.9821428571428571
42,2329,20241104,12,12,1
42,2331,20241104,60,60,1
42,2333,20241104,61,61,1
42,2335,20241104,35,35,1
42,2336,20241104,34,34,1
42,2337,20241104,30,30,1
42,2502,20241104,6,6,1
42,2504,20241104,6,6,1
42,2505,20241104,14,14,1
42,2506,20241104,6,6,1
42,2511,20241104,19,19,1
42,2513,20241104,18,18,1
42,2515,20241104,51,51,1
42,2516,20241104,9,9,1
42,2517,20241104,4,3,0.75
42,2518,20241104,30,30,1
42,2519,20241104,1,1,1
42,2521,20241104,1,1,1
42,2522,20241104,58,57,0.9827586206896551
42,2523,20241104,20,20,1
42,2524,20241104,29,29,1
42,2525,20241104,21,21,1
42,2530,20241104,23,22,0.9565217391304348
42,2532,20241104,46,46,1
42,2533,20241104,23,23,1
42,2534,20241104,12,12,1
42,2535,20241104,6,6,1
42,2536,20241104,21,21,1
42,2537,20241104,48,46,0.9583333333333334
42,2538,20241104,12,12,1
42,2539,20241104,17,16,0.9411764705882353
42,2540,20241104,16,16,1
42,2601,20241104,61,60,0.9836065573770492
42,2605,20241104,50,49,0.98
42,2610,20241104,27,27,1
42,2611,20241104,18,18,1
42,2620,20241104,11,9,0.8181818181818182
42,2621,20241104,7,6,0.8571428571428571
42,2625,20241104,4,4,1
42,2626,20241104,24,24,1
42,2627,20241104,8,8,1
42,2630,20241104,21,21,1
42,2632,20241104,52,49,0.9423076923076923
42,2701,20241104,33,32,0.9696969696969697
42,2703,20241104,48,46,0.9583333333333334
42,2706,20241104,115,115,1
42,2708,20241104,114,111,0.9736842105263158
42,2709,20241104,8,8,1
42,2710,20241104,56,15,0.26785714285714285
42,2711,20241104,124,120,0.967741935483871
42,2713,20241104,57,57,1
42,2714,20241104,22,18,0.8181818181818182
42,2715,20241104,16,15,0.9375
42,2716,20241104,8,8,1
42,2717,20241104,24,24,1
42,2718,20241104,23,23,1
42,2719,20241104,28,28,1
42,2720,20241104,34,34,1
42,2722,20241104,70,69,0.9857142857142858
42,2723,20241104,13,12,0.9230769230769231
42,2724,20241104,11,10,0.9090909090909091
42,2725,20241104,103,101,0.9805825242718447
42,2726,20241104,10,10,1
42,2727,20241104,76,74,0.9736842105263158
42,2728,20241104,68,67,0.9852941176470589
42,2729,20241104,75,72,0.96
42,2730,20241104,84,83,0.9880952380952381
42,2731,20241104,32,31,0.96875
42,2733,20241104,22,22,1
42,2734,20241104,23,20,0.8695652173913043
42,2735,20241104,23,23,1
42,2736,20241104,59,56,0.9491525423728814
42,2740,20241104,39,39,1
42,2741,20241104,4,4,1
42,2742,20241104,2,2,1
42,2743,20241104,2,2,1
42,2744,20241104,11,11,1
42,2745,20241104,2,2,1
42,2746,20241104,9,9,1
42,2750,20241104,38,38,1
42,2751,20241104,16,16,1
42,2752,20241104,2,2,1
42,2753,20241104,9,9,1
42,2754,20241104,41,41,1
42,2755,20241104,7,7,1
42,2756,20241104,5,5,1
42,2758,20241104,7,7,1
42,2761,20241104,29,29,1
42,2762,20241104,30,30,1
42,2764,20241104,77,75,0.974025974025974
42,2765,20241104,11,11,1
42,2768,20241104,2,2,1
42,2769,20241104,176,130,0.7386363636363636
42,2772,20241104,105,99,0.9428571428571428
42,2774,20241104,37,34,0.918918918918919
42,2776,20241104,64,64,1
42,2780,20241104,11,11,1
42,2781,20241104,65,64,0.9846153846153847
42,2785,20241104,14,14,1
42,2790,20241104,95,93,0.9789473684210527
42,2791,20241104,32,30,0.9375
42,2792,20241104,30,29,0.9666666666666667
42,2794,20241104,81,79,0.9753086419753086
42,2795,20241104,65,57,0.8769230769230769
42,2796,20241104,40,40,1
42,2797,20241104,68,68,1
42,2801,20241104,38,38,1
42,2802,20241104,20,19,0.95
42,2803,20241104,31,31,1
42,2804,20241104,39,39,1
42,2805,20241104,13,13,1
42,2806,20241104,2,2,1
42,2807,20241104,4,4,1
42,2810,20241104,4,4,1
42,2811,20241104,15,15,1
42,2812,20241104,95,90,0.9473684210526315
42,2813,20241104,2,2,1
42,2814,20241104,41,41,1
42,2816,20241104,4,4,1
42,2818,20241104,2,2,1
42,2819,20241104,4,4,1
42,2820,20241104,4,4,1
42,2821,20241104,32,30,0.9375
42,2822,20241104,14,14,1
42,2823,20241104,69,69,1
42,2824,20241104,83,78,0.9397590361445783
42,2830,20241104,2,2,1
42,2831,20241104,79,79,1
42,2833,20241104,7,7,1
42,2841,20241104,27,27,1
42,2842,20241104,11,11,1
42,2900,20241104,1,1,1
42,2901,20241104,8,7,0.875
42,2905,20241104,6,6,1
42,2906,20241104,6,4,0.6666666666666666
42,2908,20241104,4,3,0.75
42,2910,20241104,3,2,0.6666666666666666
42,2911,20241104,5,5,1
42,2913,20241104,4,4,1
42,2914,20241104,2,2,1
42,2915,20241104,1,1,1
42,2920,20241104,6,6,1
42,2921,20241104,28,27,0.9642857142857143
42,2926,20241104,9,9,1
42,2927,20241104,24,22,0.9166666666666666
42,2928,20241104,9,9,1
43,3001,20241104,58,52,0.896551724137931
43,3003,20241104,59,59,1
43,3004,20241104,53,53,1
43,3005,20241104,16,14,0.875
43,3006,20241104,26,26,1
43,3007,20241104,61,60,0.9836065573770492
43,3008,20241104,24,23,0.9583333333333334
43,3009,20241104,54,54,1
43,3011,20241104,56,56,1
43,3012,20241104,76,76,1
43,3013,20241104,94,94,1
43,3014,20241104,27,27,1
43,3015,20241104,20,20,1
43,3017,20241104,64,63,0.984375
43,3018,20241104,4,4,1
43,3019,20241104,9,8,0.8888888888888888
43,3020,20241104,18,16,0.8888888888888888
43,3021,20241104,46,45,0.9782608695652174
43,3022,20241104,95,95,1
43,3023,20241104,52,52,1
43,3024,20241104,61,61,1
43,3025,20241104,68,68,1
43,3026,20241104,81,74,0.9135802469135802
43,3027,20241104,51,49,0.9607843137254902
43,3028,20241104,18,18,1
43,3029,20241104,18,13,0.7222222222222222
43,3030,20241104,24,20,0.8333333333333334
43,3033,20241104,24,24,1
43,3034,20241104,37,37,1
43,3037,20241104,18,18,1
43,3038,20241104,44,42,0.9545454545454546
43,3040,20241104,65,61,0.9384615384615385
43,3041,20241104,52,52,1
43,3101,20241104,103,99,0.9611650485436893
43,3103,20241104,70,67,0.9571428571428572
43,3104,20241104,34,33,0.9705882352941176
43,3105,20241104,90,90,1
43,3106,20241104,21,18,0.8571428571428571
43,3107,20241104,12,11,0.9166666666666666
43,3108,20241104,103,98,0.9514563106796117
43,3109,20241104,8,8,1
43,3110,20241104,15,15,1
43,3111,20241104,77,77,1
43,3112,20241104,82,81,0.9878048780487805
43,3113,20241104,85,81,0.9529411764705882
43,3114,20241104,36,31,0.8611111111111112
43,3116,20241104,49,45,0.9183673469387755
43,3118,20241104,52,50,0.9615384615384616
43,3119,20241104,45,44,0.9777777777777777
43,3120,20241104,16,15,0.9375
43,3121,20241104,18,18,1
43,3201,20241104,13,13,1
43,3202,20241104,2,2,1
43,3203,20241104,8,8,1
43,3204,20241104,10,10,1
43,3205,20241104,6,6,1
43,3206,20241104,3,3,1
43,3207,20241104,10,10,1
43,3208,20241104,14,14,1
43,3209,20241104,8,8,1
43,3210,20241104,7,7,1
43,3211,20241104,13,12,0.9230769230769231
43,3212,20241104,9,9,1
43,3213,20241104,14,14,1
43,3214,20241104,11,11,1
43,3215,20241104,9,9,1
43,3216,20241104,10,9,0.9
43,3217,20241104,11,11,1
43,3218,20241104,10,10,1
43,3220,20241104,20,20,1
43,3221,20241104,20,18,0.9
43,3222,20241104,27,26,0.9629629629629629
43,3502,20241104,1,1,1
43,3503,20241104,28,27,0.9642857142857143
43,3504,20241104,54,54,1
43,3505,20241104,19,19,1
43,3506,20241104,68,67,0.9852941176470589
43,3507,20241104,44,43,0.9772727272727273
43,3508,20241104,76,75,0.9868421052631579
43,3509,20241104,16,15,0.9375
43,3510,20241104,9,8,0.8888888888888888
43,3511,20241104,8,8,1
43,3512,20241104,60,58,0.9666666666666667
43,3513,20241104,58,57,0.9827586206896551
43,3514,20241104,34,34,1
43,3515,20241104,54,54,1
43,3516,20241104,58,57,0.9827586206896551
43,3517,20241104,59,56,0.9491525423728814
43,3518,20241104,12,12,1
43,3521,20241104,68,67,0.9852941176470589
43,3523,20241104,30,29,0.9666666666666667
43,3524,20241104,30,30,1
43,3525,20241104,54,54,1
43,3526,20241104,80,80,1
43,3527,20241104,8,8,1
43,3528,20241104,10,10,1
43,3535,20241104,8,8,1
43,3536,20241104,30,30,1
43,3540,20241104,10,10,1
43,3541,20241104,21,21,1
43,3543,20241104,14,14,1
43,3544,20241104,13,13,1
43,3545,20241104,17,16,0.9411764705882353
43,3546,20241104,14,14,1
43,3547,20241104,16,16,1
43,3548,20241104,6,6,1
43,3549,20241104,15,15,1
43,3601,20241104,42,42,1
43,3605,20241104,26,26,1
43,3615,20241104,30,30,1
43,3620,20241104,95,93,0.9789473684210527
43,3625,20241104,8,8,1
43,3626,20241104,34,34,1
43,3635,20241104,21,21,1
43,3641,20241104,3,3,1
43,3642,20241104,24,24,1
43,3701,20241104,50,50,1
43,3702,20241104,43,42,0.9767441860465116
43,3703,20241104,73,72,0.9863013698630136
43,3704,20241104,30,30,1
43,3705,20241104,56,54,0.9642857142857143
43,3706,20241104,12,9,0.75
43,3708,20241104,12,12,1
43,3709,20241104,16,16,1
43,3710,20241104,82,80,0.975609756097561
43,3711,20241104,26,26,1
43,3715,20241104,40,40,1
43,3716,20241104,47,47,1
43,3717,20241104,55,55,1
43,3720,20241104,2,2,1
43,3721,20241104,51,44,0.8627450980392157
44,4600,20241104,100,98,0.98
44,4001,20241104,15,15,1
44,4302,20241104,6,6,1
44,4305,20241104,19,19,1
44,4525,20241104,3,3,1
44,4420,20241104,19,18,0.9473684210526315
44,4308,20241104,11,11,1
44,4106,20241104,5,5,1
44,4409,20241104,32,31,0.96875
44,4426,20241104,66,65,0.9848484848484849
44,4422,20241104,43,43,1
44,4424,20241104,1,1,1
44,4425,20241104,2,2,1
44,4432,20241104,24,24,1
44,4412,20241104,53,52,0.9811320754716981
44,4439,20241104,18,18,1
44,4451,20241104,7,7,1
44,4441,20241104,53,52,0.9811320754716981
44,4543,20241104,16,14,0.875
44,4532,20241104,15,15,1
44,4501,20241104,46,46,1
44,4419,20241104,2,2,1
44,4552,20241104,6,6,1
44,4551,20241104,21,20,0.9523809523809523
44,4612,20241104,15,14,0.9333333333333333
44,4522,20241104,2,2,1
44,4604,20241104,26,26,1
44,4523,20241104,2,2,1
44,4702,20241104,96,93,0.96875
44,4105,20241104,7,7,1
44,4416,20241104,5,5,1
44,4431,20241104,17,14,0.8235294117647058
44,4503,20241104,8,6,0.75
44,4434,20241104,24,24,1
44,4905,20241104,10,10,1
44,4202,20241104,9,8,0.8888888888888888
44,4516,20241104,22,22,1
44,4107,20241104,6,6,1
44,4546,20241104,5,4,0.8
44,4203,20241104,43,42,0.9767441860465116
44,4304,20241104,10,10,1
44,4705,20241104,75,75,1
44,4103,20241104,15,15,1
44,4207,20241104,11,10,0.9090909090909091
44,4711,20241104,3,2,0.6666666666666666
44,4205,20241104,9,9,1
44,4541,20241104,2,2,1
44,4542,20241104,16,16,1
44,4307,20241104,22,22,1
44,4312,20241104,18,18,1
44,4548,20241104,5,4,0.8
44,4549,20241104,6,6,1
44,4701,20241104,129,126,0.9767441860465116
44,4482,20241104,15,15,1
44,4440,20241104,8,8,1
44,4303,20241104,9,8,0.8888888888888888
44,4467,20241104,1,1,1
44,4468,20241104,2,2,1
44,4512,20241104,63,62,0.9841269841269841
44,4520,20241104,3,3,1
44,4472,20241104,6,6,1
44,4521,20241104,18,18,1
44,4710,20241104,55,50,0.9090909090909091
44,4544,20241104,16,16,1
44,4421,20241104,34,34,1
44,4621,20241104,30,30,1
44,4443,20241104,12,12,1
44,4504,20241104,48,46,0.9583333333333334
44,4102,20241104,20,20,1
44,4901,20241104,11,11,1
44,4730,20241104,26,26,1
44,4902,20241104,3,3,1
44,4540,20241104,19,19,1
44,4641,20241104,17,17,1
44,4720,20241104,85,82,0.9647058823529412
44,4417,20241104,4,4,1
44,4530,20241104,9,9,1
44,4313,20241104,6,6,1
44,4402,20241104,7,7,1
44,4550,20241104,6,6,1
44,4620,20241104,12,12,1
44,4430,20241104,16,15,0.9375
44,4715,20241104,8,8,1
44,4513,20241104,9,9,1
44,4310,20241104,7,7,1
44,4435,20241104,12,12,1
44,4707,20241104,22,22,1
44,4632,20241104,25,25,1
44,4206,20241104,5,5,1
44,4208,20241104,4,4,1
44,4320,20241104,12,12,1
44,4204,20241104,18,18,1
44,4427,20241104,27,23,0.8518518518518519
44,4322,20241104,18,18,1
44,4101,20241104,6,6,1
44,4414,20241104,4,4,1
44,4436,20241104,53,52,0.9811320754716981
44,4464,20241104,9,9,1
44,4906,20241104,4,4,1
44,4321,20241104,18,18,1
44,4481,20241104,15,14,0.9333333333333333
44,4401,20241104,24,24,1
44,4410,20241104,27,27,1
44,4725,20241104,66,63,0.9545454545454546
44,4415,20241104,11,11,1
44,4428,20241104,24,24,1
44,4463,20241104,9,9,1
44,4465,20241104,2,2,1
44,4429,20241104,18,17,0.9444444444444444
44,4438,20241104,56,56,1
44,4466,20241104,1,1,1
44,4452,20241104,5,5,1
44,4104,20241104,8,8,1
44,4515,20241104,8,8,1
44,4403,20241104,78,76,0.9743589743589743
44,4545,20241104,4,4,1
44,4514,20241104,19,19,1
44,4560,20241104,34,33,0.9705882352941176
44,4531,20241104,19,19,1
44,4602,20241104,65,64,0.9846153846153847
44,4404,20241104,38,37,0.9736842105263158
44,4611,20241104,21,21,1
44,4301,20241104,5,5,1
44,4406,20241104,26,26,1
44,4211,20241104,3,3,1
44,4437,20241104,36,36,1
44,4212,20241104,3,3,1
44,4453,20241104,2,2,1
44,4524,20241104,13,13,1
44,4704,20241104,44,42,0.9545454545454546
44,4517,20241104,2,2,1
44,4562,20241104,72,72,1
44,4002,20241104,9,9,1
44,4407,20241104,5,5,1
44,4442,20241104,6,6,1
44,4706,20241104,41,40,0.975609756097561
44,4433,20241104,2,2,1
44,4610,20241104,4,3,0.75
44,4311,20241104,6,6,1
41,1001,20241105,40,37,0.925
41,1002,20241105,21,19,0.9047619047619048
41,1003,20241105,80,70,0.875
41,1004,20241105,10,8,0.8
41,1005,20241105,87,87,1
41,1006,20241105,9,9,1
41,1008,20241105,23,23,1
41,1009,20241105,15,14,0.9333333333333333
41,1010,20241105,10,10,1
41,1011,20241105,20,20,1
41,1012,20241105,23,22,0.9565217391304348
41,1013,20241105,12,12,1
41,1014,20241105,42,42,1
41,1015,20241105,20,19,0.95
41,1101,20241105,50,49,0.98
41,1103,20241105,76,70,0.9210526315789473
41,1105,20241105,13,13,1
41,1106,20241105,52,44,0.8461538461538461
41,1107,20241105,23,23,1
41,1109,20241105,10,10,1
41,1110,20241105,10,8,0.8
41,1111,20241105,18,17,0.9444444444444444
41,1113,20241105,10,10,1
41,1114,20241105,9,8,0.8888888888888888
41,1115,20241105,26,20,0.7692307692307693
41,1117,20241105,10,9,0.9
41,1119,20241105,2,1,0.5
41,1120,20241105,99,99,1
41,1121,20241105,14,12,0.8571428571428571
41,1122,20241105,18,18,1
41,1123,20241105,59,59,1
41,1124,20241105,27,27,1
41,1125,20241105,14,13,0.9285714285714286
41,1201,20241105,10,10,1
41,1204,20241105,45,43,0.9555555555555556
41,1205,20241105,51,47,0.9215686274509803
41,1206,20241105,60,53,0.8833333333333333
41,1208,20241105,18,16,0.8888888888888888
41,1209,20241105,68,68,1
41,1210,20241105,19,17,0.8947368421052632
41,1211,20241105,78,78,1
41,1212,20241105,111,103,0.9279279279279279
41,1213,20241105,40,39,0.975
41,1215,20241105,16,16,1
41,1216,20241105,25,24,0.96
41,1217,20241105,66,63,0.9545454545454546
41,1218,20241105,57,57,1
41,1219,20241105,59,57,0.9661016949152542
41,1220,20241105,15,15,1
41,1221,20241105,26,26,1
41,1222,20241105,28,27,0.9642857142857143
41,1223,20241105,58,54,0.9310344827586207
41,1224,20241105,24,24,1
41,1225,20241105,7,7,1
41,1226,20241105,78,74,0.9487179487179487
41,1228,20241105,26,23,0.8846153846153846
41,1229,20241105,45,37,0.8222222222222222
41,1230,20241105,42,41,0.9761904761904762
41,1231,20241105,4,4,1
41,1232,20241105,28,27,0.9642857142857143
41,1233,20241105,7,7,1
41,1234,20241105,43,43,1
41,1235,20241105,46,40,0.8695652173913043
41,1236,20241105,39,36,0.9230769230769231
41,1240,20241105,29,25,0.8620689655172413
41,1241,20241105,48,48,1
41,1242,20241105,40,37,0.925
41,1244,20241105,2,2,1
41,1245,20241105,56,52,0.9285714285714286
41,1247,20241105,21,21,1
41,1248,20241105,63,60,0.9523809523809523
41,1249,20241105,58,56,0.9655172413793104
41,1250,20241105,21,20,0.9523809523809523
41,1251,20241105,69,67,0.9710144927536232
41,1252,20241105,45,45,1
41,1253,20241105,35,31,0.8857142857142857
41,1254,20241105,52,48,0.9230769230769231
41,1255,20241105,20,20,1
41,1501,20241105,20,18,0.9
41,1502,20241105,97,91,0.9381443298969072
41,1503,20241105,43,36,0.8372093023255814
41,1506,20241105,33,33,1
41,1507,20241105,42,38,0.9047619047619048
41,1508,20241105,22,22,1
41,1509,20241105,43,38,0.8837209302325582
41,1510,20241105,64,59,0.921875
41,1511,20241105,21,19,0.9047619047619048
41,1512,20241105,26,26,1
41,1513,20241105,29,29,1
41,1514,20241105,58,54,0.9310344827586207
41,1515,20241105,1,1,1
41,1516,20241105,32,32,1
41,1517,20241105,44,44,1
41,1518,20241105,80,76,0.95
41,1519,20241105,39,39,1
41,1520,20241105,14,13,0.9285714285714286
41,1521,20241105,6,4,0.6666666666666666
41,1522,20241105,46,44,0.9565217391304348
41,1523,20241105,70,69,0.9857142857142858
41,1524,20241105,48,47,0.9791666666666666
41,1525,20241105,80,74,0.925
41,1527,20241105,45,42,0.9333333333333333
41,1528,20241105,34,32,0.9411764705882353
41,1529,20241105,45,44,0.9777777777777777
41,1530,20241105,6,6,1
41,1531,20241105,5,5,1
41,1601,20241105,85,85,1
41,1603,20241105,28,28,1
41,1604,20241105,86,79,0.9186046511627907
41,1605,20241105,12,11,0.9166666666666666
41,1606,20241105,29,28,0.9655172413793104
41,1608,20241105,62,61,0.9838709677419355
41,1609,20241105,6,4,0.6666666666666666
41,1610,20241105,34,34,1
41,1611,20241105,11,11,1
41,1612,20241105,40,39,0.975
41,1613,20241105,32,32,1
41,1614,20241105,69,67,0.9710144927536232
41,1615,20241105,42,40,0.9523809523809523
41,1616,20241105,58,52,0.896551724137931
41,1617,20241105,55,50,0.9090909090909091
41,1622,20241105,61,58,0.9508196721311475
41,1623,20241105,47,46,0.9787234042553191
41,1624,20241105,60,60,1
41,1625,20241105,59,58,0.9830508474576272
41,1626,20241105,24,23,0.9583333333333334
41,1627,20241105,29,27,0.9310344827586207
41,1628,20241105,12,12,1
41,1629,20241105,28,27,0.9642857142857143
41,1630,20241105,14,14,1
41,1631,20241105,31,31,1
41,1632,20241105,24,24,1
41,1633,20241105,41,41,1
41,1634,20241105,19,19,1
41,1635,20241105,41,40,0.975609756097561
41,1636,20241105,39,39,1
41,1637,20241105,18,18,1
41,1638,20241105,58,56,0.9655172413793104
41,1701,20241105,26,24,0.9230769230769231
41,1703,20241105,78,78,1
41,1704,20241105,54,51,0.9444444444444444
41,1706,20241105,97,94,0.9690721649484536
41,1707,20241105,86,78,0.9069767441860465
41,1708,20241105,10,9,0.9
41,1709,20241105,145,140,0.9655172413793104
41,1710,20241105,95,93,0.9789473684210527
41,1711,20241105,66,57,0.8636363636363636
41,1712,20241105,57,53,0.9298245614035088
41,1713,20241105,55,54,0.9818181818181818
41,1714,20241105,92,86,0.9347826086956522
41,1715,20241105,98,96,0.9795918367346939
41,1716,20241105,66,66,1
41,1717,20241105,94,88,0.9361702127659575
41,1718,20241105,24,23,0.9583333333333334
41,1719,20241105,33,29,0.8787878787878788
41,1720,20241105,78,74,0.9487179487179487
41,1721,20241105,96,94,0.9791666666666666
41,1722,20241105,49,47,0.9591836734693877
41,1723,20241105,65,57,0.8769230769230769
41,1724,20241105,87,78,0.896551724137931
41,1725,20241105,18,18,1
41,1726,20241105,48,46,0.9583333333333334
41,1728,20241105,7,7,1
41,1729,20241105,19,18,0.9473684210526315
41,1730,20241105,13,13,1
41,1731,20241105,20,19,0.95
41,1733,20241105,34,33,0.9705882352941176
41,1998,20241105,50,50,1
42,2002,20241105,4,4,1
42,2003,20241105,23,22,0.9565217391304348
42,2004,20241105,14,13,0.9285714285714286
42,2006,20241105,30,30,1
42,2008,20241105,14,13,0.9285714285714286
42,2011,20241105,20,20,1
42,2013,20241105,2,1,0.5
42,2014,20241105,6,6,1
42,2015,20241105,2,2,1
42,2016,20241105,16,16,1
42,2017,20241105,4,4,1
42,2020,20241105,21,20,0.9523809523809523
42,2026,20241105,30,29,0.9666666666666667
42,2027,20241105,10,10,1
42,2028,20241105,9,9,1
42,2029,20241105,41,40,0.975609756097561
42,2030,20241105,38,37,0.9736842105263158
42,2031,20241105,35,35,1
42,2032,20241105,18,17,0.9444444444444444
42,2034,20241105,20,19,0.95
42,2035,20241105,17,17,1
42,2036,20241105,8,8,1
42,2037,20241105,16,16,1
42,2038,20241105,9,9,1
42,2039,20241105,29,27,0.9310344827586207
42,2101,20241105,2,2,1
42,2102,20241105,2,2,1
42,2103,20241105,13,13,1
42,2106,20241105,13,13,1
42,2107,20241105,3,3,1
42,2108,20241105,5,5,1
42,2109,20241105,3,3,1
42,2110,20241105,5,4,0.8
42,2111,20241105,2,2,1
42,2112,20241105,2,2,1
42,2113,20241105,2,2,1
42,2114,20241105,2,2,1
42,2115,20241105,2,2,1
42,2116,20241105,2,2,1
42,2117,20241105,17,17,1
42,2118,20241105,7,7,1
42,2119,20241105,4,4,1
42,2120,20241105,8,8,1
42,2121,20241105,4,4,1
42,2122,20241105,1,1,1
42,2124,20241105,6,6,1
42,2125,20241105,10,10,1
42,2126,20241105,32,32,1
42,2127,20241105,1,1,1
42,2128,20241105,3,3,1
42,2129,20241105,1,1,1
42,2130,20241105,2,2,1
42,2131,20241105,1,1,1
42,2132,20241105,2,2,1
42,2133,20241105,10,10,1
42,2134,20241105,4,4,1
42,2135,20241105,11,10,0.9090909090909091
42,2136,20241105,10,10,1
42,2137,20241105,2,2,1
42,2138,20241105,2,2,1
42,2139,20241105,2,2,1
42,2140,20241105,2,2,1
42,2141,20241105,12,11,0.9166666666666666
42,2142,20241105,12,12,1
42,2144,20241105,4,4,1
42,2145,20241105,2,2,1
42,2146,20241105,7,7,1
42,2147,20241105,2,2,1
42,2148,20241105,2,2,1
42,2149,20241105,2,1,0.5
42,2150,20241105,2,2,1
42,2151,20241105,8,8,1
42,2152,20241105,6,6,1
42,2201,20241105,7,7,1
42,2202,20241105,47,42,0.8936170212765957
42,2203,20241105,27,27,1
42,2204,20241105,12,12,1
42,2205,20241105,4,4,1
42,2206,20241105,40,38,0.95
42,2207,20241105,50,46,0.92
42,2208,20241105,15,15,1
42,2209,20241105,37,35,0.9459459459459459
42,2210,20241105,14,14,1
42,2211,20241105,5,5,1
42,2212,20241105,37,35,0.9459459459459459
42,2213,20241105,7,7,1
42,2215,20241105,64,61,0.953125
42,2216,20241105,32,31,0.96875
42,2217,20241105,20,20,1
42,2218,20241105,34,33,0.9705882352941176
42,2219,20241105,37,37,1
42,2220,20241105,20,20,1
42,2221,20241105,5,5,1
42,2222,20241105,26,26,1
42,2223,20241105,40,40,1
42,2224,20241105,23,22,0.9565217391304348
42,2225,20241105,18,17,0.9444444444444444
42,2303,20241105,165,163,0.9878787878787879
42,2304,20241105,4,4,1
42,2306,20241105,35,35,1
42,2307,20241105,28,28,1
42,2309,20241105,38,38,1
42,2310,20241105,38,38,1
42,2315,20241105,9,9,1
42,2316,20241105,3,3,1
42,2317,20241105,44,44,1
42,2318,20241105,34,34,1
42,2319,20241105,4,4,1
42,2325,20241105,19,19,1
42,2327,20241105,37,35,0.9459459459459459
42,2328,20241105,56,56,1
42,2329,20241105,12,12,1
42,2331,20241105,60,60,1
42,2333,20241105,61,61,1
42,2335,20241105,35,35,1
42,2336,20241105,34,33,0.9705882352941176
42,2337,20241105,30,30,1
42,2502,20241105,6,6,1
42,2504,20241105,6,6,1
42,2505,20241105,14,14,1
42,2506,20241105,6,6,1
42,2511,20241105,19,19,1
42,2513,20241105,18,18,1
42,2515,20241105,51,50,0.9803921568627451
42,2516,20241105,9,9,1
42,2517,20241105,4,4,1
42,2518,20241105,30,30,1
42,2519,20241105,1,1,1
42,2521,20241105,1,1,1
42,2522,20241105,58,55,0.9482758620689655
42,2523,20241105,20,20,1
42,2524,20241105,29,29,1
42,2525,20241105,21,21,1
42,2530,20241105,23,22,0.9565217391304348
42,2532,20241105,46,46,1
42,2533,20241105,23,22,0.9565217391304348
42,2534,20241105,12,12,1
42,2535,20241105,6,6,1
42,2536,20241105,21,21,1
42,2537,20241105,48,46,0.9583333333333334
42,2538,20241105,12,12,1
42,2539,20241105,17,15,0.8823529411764706
42,2540,20241105,16,16,1
42,2601,20241105,61,60,0.9836065573770492
42,2605,20241105,50,49,0.98
42,2610,20241105,27,27,1
42,2611,20241105,18,18,1
42,2620,20241105,11,10,0.9090909090909091
42,2621,20241105,7,7,1
42,2625,20241105,4,4,1
42,2626,20241105,24,24,1
42,2627,20241105,8,7,0.875
42,2630,20241105,21,21,1
42,2632,20241105,52,49,0.9423076923076923
42,2701,20241105,33,33,1
42,2703,20241105,48,39,0.8125
42,2706,20241105,115,114,0.991304347826087
42,2708,20241105,114,113,0.9912280701754386
42,2709,20241105,8,8,1
42,2710,20241105,56,14,0.25
42,2711,20241105,124,117,0.9435483870967742
42,2713,20241105,57,44,0.7719298245614035
42,2714,20241105,22,16,0.7272727272727273
42,2715,20241105,16,12,0.75
42,2716,20241105,8,8,1
42,2717,20241105,24,24,1
42,2718,20241105,23,22,0.9565217391304348
42,2719,20241105,28,28,1
42,2720,20241105,34,34,1
42,2722,20241105,70,68,0.9714285714285714
42,2723,20241105,13,13,1
42,2724,20241105,11,11,1
42,2725,20241105,103,102,0.9902912621359223
42,2726,20241105,10,10,1
42,2727,20241105,76,73,0.9605263157894737
42,2728,20241105,68,65,0.9558823529411765
42,2729,20241105,75,75,1
42,2730,20241105,84,83,0.9880952380952381
42,2731,20241105,32,31,0.96875
42,2733,20241105,22,22,1
42,2734,20241105,23,20,0.8695652173913043
42,2735,20241105,23,23,1
42,2736,20241105,59,48,0.8135593220338984
42,2740,20241105,39,39,1
42,2741,20241105,4,4,1
42,2742,20241105,2,2,1
42,2743,20241105,2,2,1
42,2744,20241105,11,11,1
42,2745,20241105,2,2,1
42,2746,20241105,9,9,1
42,2750,20241105,38,37,0.9736842105263158
42,2751,20241105,16,16,1
42,2752,20241105,2,2,1
42,2753,20241105,9,9,1
42,2754,20241105,41,40,0.975609756097561
42,2755,20241105,7,7,1
42,2756,20241105,5,5,1
42,2758,20241105,7,7,1
42,2761,20241105,29,28,0.9655172413793104
42,2762,20241105,30,29,0.9666666666666667
42,2764,20241105,77,74,0.961038961038961
42,2765,20241105,11,10,0.9090909090909091
42,2768,20241105,2,2,1
42,2769,20241105,176,124,0.7045454545454546
42,2772,20241105,105,84,0.8
42,2774,20241105,37,34,0.918918918918919
42,2776,20241105,64,61,0.953125
42,2780,20241105,11,11,1
42,2781,20241105,65,65,1
42,2785,20241105,14,14,1
42,2790,20241105,95,93,0.9789473684210527
42,2791,20241105,32,31,0.96875
42,2792,20241105,30,29,0.9666666666666667
42,2794,20241105,81,81,1
42,2795,20241105,65,51,0.7846153846153846
42,2796,20241105,40,40,1
42,2797,20241105,68,68,1
42,2801,20241105,38,38,1
42,2802,20241105,20,19,0.95
42,2803,20241105,31,31,1
42,2804,20241105,39,39,1
42,2805,20241105,13,12,0.9230769230769231
42,2806,20241105,2,2,1
42,2807,20241105,4,4,1
42,2810,20241105,4,4,1
42,2811,20241105,15,14,0.9333333333333333
42,2812,20241105,95,89,0.9368421052631579
42,2813,20241105,2,2,1
42,2814,20241105,41,41,1
42,2816,20241105,4,4,1
42,2818,20241105,2,2,1
42,2819,20241105,4,4,1
42,2820,20241105,4,4,1
42,2821,20241105,32,30,0.9375
42,2822,20241105,14,14,1
42,2823,20241105,69,69,1
42,2824,20241105,83,81,0.9759036144578314
42,2830,20241105,2,2,1
42,2831,20241105,79,78,0.9873417721518988
42,2833,20241105,7,7,1
42,2841,20241105,27,26,0.9629629629629629
42,2842,20241105,11,11,1
42,2900,20241105,1,1,1
42,2901,20241105,8,8,1
42,2905,20241105,6,6,1
42,2906,20241105,6,5,0.8333333333333334
42,2908,20241105,4,3,0.75
42,2910,20241105,3,3,1
42,2911,20241105,5,4,0.8
42,2913,20241105,4,4,1
42,2914,20241105,2,2,1
42,2915,20241105,1,1,1
42,2920,20241105,6,6,1
42,2921,20241105,28,28,1
42,2926,20241105,9,9,1
42,2927,20241105,24,24,1
42,2928,20241105,9,9,1
43,3001,20241105,58,56,0.9655172413793104
43,3003,20241105,59,57,0.9661016949152542
43,3004,20241105,53,53,1
43,3005,20241105,16,14,0.875
43,3006,20241105,26,26,1
43,3007,20241105,61,60,0.9836065573770492
43,3008,20241105,24,20,0.8333333333333334
43,3009,20241105,54,53,0.9814814814814815
43,3011,20241105,56,54,0.9642857142857143
43,3012,20241105,76,76,1
43,3013,20241105,94,93,0.9893617021276596
43,3014,20241105,27,25,0.9259259259259259
43,3015,20241105,20,20,1
43,3017,20241105,64,61,0.953125
43,3018,20241105,4,3,0.75
43,3019,20241105,9,9,1
43,3020,20241105,18,14,0.7777777777777778
43,3021,20241105,46,45,0.9782608695652174
43,3022,20241105,95,95,1
43,3023,20241105,52,47,0.9038461538461539
43,3024,20241105,61,61,1
43,3025,20241105,68,68,1
43,3026,20241105,81,72,0.8888888888888888
43,3027,20241105,51,44,0.8627450980392157
43,3028,20241105,18,7,0.3888888888888889
43,3029,20241105,18,17,0.9444444444444444
43,3030,20241105,24,20,0.8333333333333334
43,3033,20241105,24,24,1
43,3034,20241105,37,37,1
43,3037,20241105,18,11,0.6111111111111112
43,3038,20241105,44,41,0.9318181818181818
43,3040,20241105,65,65,1
43,3041,20241105,52,51,0.9807692307692307
43,3101,20241105,103,103,1
43,3103,20241105,70,69,0.9857142857142858
43,3104,20241105,34,33,0.9705882352941176
43,3105,20241105,90,89,0.9888888888888889
43,3106,20241105,21,21,1
43,3107,20241105,12,12,1
43,3108,20241105,103,103,1
43,3109,20241105,8,8,1
43,3110,20241105,15,15,1
43,3111,20241105,77,72,0.935064935064935
43,3112,20241105,82,82,1
43,3113,20241105,85,85,1
43,3114,20241105,36,36,1
43,3116,20241105,49,49,1
43,3118,20241105,52,50,0.9615384615384616
43,3119,20241105,45,45,1
43,3120,20241105,16,16,1
43,3121,20241105,18,18,1
43,3201,20241105,13,13,1
43,3202,20241105,2,2,1
43,3203,20241105,8,8,1
43,3204,20241105,10,9,0.9
43,3205,20241105,6,6,1
43,3206,20241105,3,3,1
43,3207,20241105,10,10,1
43,3208,20241105,14,14,1
43,3209,20241105,8,8,1
43,3210,20241105,7,7,1
43,3211,20241105,13,12,0.9230769230769231
43,3212,20241105,9,9,1
43,3213,20241105,14,14,1
43,3214,20241105,11,11,1
43,3215,20241105,9,9,1
43,3216,20241105,10,10,1
43,3217,20241105,11,11,1
43,3218,20241105,10,10,1
43,3220,20241105,20,20,1
43,3221,20241105,20,20,1
43,3222,20241105,27,25,0.9259259259259259
43,3502,20241105,1,1,1
43,3503,20241105,28,28,1
43,3504,20241105,54,53,0.9814814814814815
43,3505,20241105,19,18,0.9473684210526315
43,3506,20241105,68,61,0.8970588235294118
43,3507,20241105,44,43,0.9772727272727273
43,3508,20241105,76,74,0.9736842105263158
43,3509,20241105,16,16,1
43,3510,20241105,9,9,1
43,3511,20241105,8,8,1
43,3512,20241105,60,58,0.9666666666666667
43,3513,20241105,58,57,0.9827586206896551
43,3514,20241105,34,34,1
43,3515,20241105,54,54,1
43,3516,20241105,58,58,1
43,3517,20241105,59,58,0.9830508474576272
43,3518,20241105,12,12,1
43,3521,20241105,68,68,1
43,3523,20241105,30,30,1
43,3524,20241105,30,30,1
43,3525,20241105,54,49,0.9074074074074074
43,3526,20241105,80,80,1
43,3527,20241105,8,8,1
43,3528,20241105,10,10,1
43,3535,20241105,8,8,1
43,3536,20241105,30,29,0.9666666666666667
43,3540,20241105,10,10,1
43,3541,20241105,21,21,1
43,3543,20241105,14,14,1
43,3544,20241105,13,12,0.9230769230769231
43,3545,20241105,17,17,1
43,3546,20241105,14,14,1
43,3547,20241105,16,16,1
43,3548,20241105,6,6,1
43,3549,20241105,15,14,0.9333333333333333
43,3601,20241105,42,42,1
43,3605,20241105,26,26,1
43,3615,20241105,30,30,1
43,3620,20241105,95,94,0.9894736842105263
43,3625,20241105,8,8,1
43,3626,20241105,34,34,1
43,3635,20241105,21,21,1
43,3641,20241105,3,3,1
43,3642,20241105,24,24,1
43,3701,20241105,50,49,0.98
43,3702,20241105,43,40,0.9302325581395349
43,3703,20241105,73,72,0.9863013698630136
43,3704,20241105,30,30,1
43,3705,20241105,56,55,0.9821428571428571
43,3706,20241105,12,12,1
43,3708,20241105,12,12,1
43,3709,20241105,16,16,1
43,3710,20241105,82,81,0.9878048780487805
43,3711,20241105,26,25,0.9615384615384616
43,3715,20241105,40,40,1
43,3716,20241105,47,46,0.9787234042553191
43,3717,20241105,55,55,1
43,3720,20241105,2,2,1
43,3721,20241105,51,44,0.8627450980392157
44,4600,20241105,100,100,1
44,4302,20241105,6,6,1
44,4305,20241105,19,19,1
44,4705,20241105,75,75,1
44,4525,20241105,3,3,1
44,4420,20241105,19,18,0.9473684210526315
44,4308,20241105,11,10,0.9090909090909091
44,4106,20241105,5,5,1
44,4409,20241105,32,31,0.96875
44,4426,20241105,66,63,0.9545454545454546
44,4422,20241105,43,42,0.9767441860465116
44,4424,20241105,1,0,0
44,4425,20241105,2,2,1
44,4412,20241105,53,52,0.9811320754716981
44,4432,20241105,24,24,1
44,4439,20241105,18,18,1
44,4451,20241105,7,7,1
44,4441,20241105,53,53,1
44,4543,20241105,16,16,1
44,4532,20241105,15,15,1
44,4560,20241105,34,33,0.9705882352941176
44,4501,20241105,46,46,1
44,4419,20241105,2,2,1
44,4551,20241105,21,21,1
44,4552,20241105,6,5,0.8333333333333334
44,4550,20241105,6,6,1
44,4612,20241105,15,15,1
44,4522,20241105,2,2,1
44,4604,20241105,26,26,1
44,4523,20241105,2,2,1
44,4702,20241105,96,96,1
44,4416,20241105,5,5,1
44,4431,20241105,17,16,0.9411764705882353
44,4503,20241105,8,6,0.75
44,4434,20241105,24,24,1
44,4905,20241105,10,10,1
44,4202,20241105,9,9,1
44,4102,20241105,20,20,1
44,4516,20241105,22,22,1
44,4107,20241105,6,6,1
44,4546,20241105,5,5,1
44,4304,20241105,10,10,1
44,4103,20241105,15,15,1
44,4207,20241105,11,11,1
44,4711,20241105,3,3,1
44,4541,20241105,2,2,1
44,4542,20241105,16,16,1
44,4307,20241105,22,21,0.9545454545454546
44,4312,20241105,18,18,1
44,4548,20241105,5,5,1
44,4549,20241105,6,6,1
44,4701,20241105,129,129,1
44,4482,20241105,15,15,1
44,4440,20241105,8,8,1
44,4303,20241105,9,9,1
44,4467,20241105,1,1,1
44,4468,20241105,2,2,1
44,4512,20241105,63,63,1
44,4520,20241105,3,3,1
44,4472,20241105,6,6,1
44,4521,20241105,18,18,1
44,4710,20241105,55,55,1
44,4544,20241105,16,15,0.9375
44,4421,20241105,34,32,0.9411764705882353
44,4621,20241105,30,29,0.9666666666666667
44,4443,20241105,12,12,1
44,4504,20241105,48,48,1
44,4901,20241105,11,11,1
44,4730,20241105,26,25,0.9615384615384616
44,4902,20241105,3,3,1
44,4540,20241105,19,19,1
44,4641,20241105,17,17,1
44,4720,20241105,85,83,0.9764705882352941
44,4417,20241105,4,4,1
44,4530,20241105,9,9,1
44,4313,20241105,6,5,0.8333333333333334
44,4402,20241105,7,7,1
44,4620,20241105,12,12,1
44,4430,20241105,16,8,0.5
44,4715,20241105,8,8,1
44,4513,20241105,9,9,1
44,4310,20241105,7,7,1
44,4435,20241105,12,12,1
44,4205,20241105,9,9,1
44,4707,20241105,22,21,0.9545454545454546
44,4632,20241105,25,25,1
44,4206,20241105,5,5,1
44,4208,20241105,4,4,1
44,4320,20241105,12,12,1
44,4204,20241105,18,18,1
44,4427,20241105,27,24,0.8888888888888888
44,4322,20241105,18,17,0.9444444444444444
44,4101,20241105,6,6,1
44,4414,20241105,4,4,1
44,4464,20241105,9,9,1
44,4906,20241105,4,4,1
44,4321,20241105,18,18,1
44,4203,20241105,43,43,1
44,4481,20241105,15,15,1
44,4401,20241105,24,22,0.9166666666666666
44,4410,20241105,27,27,1
44,4415,20241105,11,11,1
44,4428,20241105,24,24,1
44,4463,20241105,9,9,1
44,4465,20241105,2,2,1
44,4429,20241105,18,17,0.9444444444444444
44,4438,20241105,56,56,1
44,4466,20241105,1,1,1
44,4104,20241105,8,8,1
44,4515,20241105,8,8,1
44,4403,20241105,78,75,0.9615384615384616
44,4545,20241105,4,4,1
44,4514,20241105,19,19,1
44,4531,20241105,19,19,1
44,4602,20241105,65,65,1
44,4404,20241105,38,36,0.9473684210526315
44,4611,20241105,21,20,0.9523809523809523
44,4436,20241105,53,51,0.9622641509433962
44,4725,20241105,66,65,0.9848484848484849
44,4001,20241105,15,15,1
44,4301,20241105,5,5,1
44,4406,20241105,26,26,1
44,4211,20241105,3,3,1
44,4437,20241105,36,36,1
44,4212,20241105,3,3,1
44,4453,20241105,2,2,1
44,4524,20241105,13,13,1
44,4704,20241105,44,44,1
44,4517,20241105,2,2,1
44,4562,20241105,72,72,1
44,4706,20241105,41,41,1
44,4002,20241105,9,9,1
44,4407,20241105,5,5,1
44,4442,20241105,6,6,1
44,4452,20241105,5,5,1
44,4105,20241105,7,7,1
44,4433,20241105,2,2,1
44,4610,20241105,4,4,1
44,4311,20241105,6,6,1
41,1001,20241106,40,33,0.825
41,1002,20241106,21,19,0.9047619047619048
41,1003,20241106,80,76,0.95
41,1004,20241106,10,10,1
41,1005,20241106,87,85,0.9770114942528736
41,1006,20241106,9,9,1
41,1008,20241106,23,16,0.6956521739130435
41,1009,20241106,15,15,1
41,1010,20241106,10,10,1
41,1011,20241106,20,20,1
41,1012,20241106,23,22,0.9565217391304348
41,1013,20241106,12,10,0.8333333333333334
41,1014,20241106,42,42,1
41,1015,20241106,20,19,0.95
41,1101,20241106,50,50,1
41,1103,20241106,76,73,0.9605263157894737
41,1105,20241106,13,13,1
41,1106,20241106,52,48,0.9230769230769231
41,1107,20241106,23,23,1
41,1109,20241106,10,9,0.9
41,1110,20241106,10,10,1
41,1111,20241106,18,17,0.9444444444444444
41,1113,20241106,10,9,0.9
41,1114,20241106,9,9,1
41,1115,20241106,26,20,0.7692307692307693
41,1117,20241106,10,8,0.8
41,1119,20241106,2,2,1
41,1120,20241106,99,99,1
41,1121,20241106,14,13,0.9285714285714286
41,1122,20241106,18,18,1
41,1123,20241106,59,56,0.9491525423728814
41,1124,20241106,27,27,1
41,1125,20241106,14,14,1
41,1201,20241106,10,10,1
41,1204,20241106,45,44,0.9777777777777777
41,1205,20241106,51,48,0.9411764705882353
41,1206,20241106,60,60,1
41,1208,20241106,18,17,0.9444444444444444
41,1209,20241106,68,66,0.9705882352941176
41,1210,20241106,19,16,0.8421052631578947
41,1211,20241106,78,78,1
41,1212,20241106,111,104,0.9369369369369369
41,1213,20241106,40,40,1
41,1215,20241106,16,15,0.9375
41,1216,20241106,25,25,1
41,1217,20241106,66,55,0.8333333333333334
41,1218,20241106,57,56,0.9824561403508771
41,1219,20241106,59,57,0.9661016949152542
41,1220,20241106,15,15,1
41,1221,20241106,26,25,0.9615384615384616
41,1222,20241106,28,27,0.9642857142857143
41,1223,20241106,58,54,0.9310344827586207
41,1224,20241106,24,24,1
41,1225,20241106,7,7,1
41,1226,20241106,78,78,1
41,1228,20241106,26,23,0.8846153846153846
41,1229,20241106,45,41,0.9111111111111111
41,1230,20241106,42,38,0.9047619047619048
41,1231,20241106,4,4,1
41,1232,20241106,28,26,0.9285714285714286
41,1233,20241106,7,7,1
41,1234,20241106,43,37,0.8604651162790697
41,1235,20241106,46,45,0.9782608695652174
41,1236,20241106,39,37,0.9487179487179487
41,1240,20241106,29,29,1
41,1241,20241106,48,47,0.9791666666666666
41,1242,20241106,40,40,1
41,1244,20241106,2,1,0.5
41,1245,20241106,56,56,1
41,1247,20241106,21,21,1
41,1248,20241106,63,61,0.9682539682539683
41,1249,20241106,58,56,0.9655172413793104
41,1250,20241106,21,21,1
41,1251,20241106,69,66,0.9565217391304348
41,1252,20241106,45,45,1
41,1253,20241106,35,29,0.8285714285714286
41,1254,20241106,52,52,1
41,1255,20241106,20,20,1
41,1501,20241106,20,18,0.9
41,1502,20241106,97,95,0.979381443298969
41,1503,20241106,43,36,0.8372093023255814
41,1506,20241106,33,33,1
41,1507,20241106,42,39,0.9285714285714286
41,1508,20241106,22,22,1
41,1509,20241106,43,43,1
41,1510,20241106,64,58,0.90625
41,1511,20241106,21,21,1
41,1512,20241106,26,26,1
41,1513,20241106,29,29,1
41,1514,20241106,58,57,0.9827586206896551
41,1515,20241106,1,1,1
41,1516,20241106,32,32,1
41,1517,20241106,44,43,0.9772727272727273
41,1518,20241106,80,74,0.925
41,1519,20241106,39,39,1
41,1520,20241106,14,13,0.9285714285714286
41,1521,20241106,6,6,1
41,1522,20241106,46,44,0.9565217391304348
41,1523,20241106,70,64,0.9142857142857143
41,1524,20241106,48,45,0.9375
41,1525,20241106,80,78,0.975
41,1527,20241106,45,44,0.9777777777777777
41,1528,20241106,34,33,0.9705882352941176
41,1529,20241106,45,43,0.9555555555555556
41,1530,20241106,6,6,1
41,1531,20241106,5,5,1
41,1601,20241106,85,82,0.9647058823529412
41,1603,20241106,28,27,0.9642857142857143
41,1604,20241106,86,83,0.9651162790697675
41,1605,20241106,12,12,1
41,1606,20241106,29,28,0.9655172413793104
41,1608,20241106,62,62,1
41,1609,20241106,6,6,1
41,1610,20241106,34,34,1
41,1611,20241106,11,11,1
41,1612,20241106,40,40,1
41,1613,20241106,32,32,1
41,1614,20241106,69,64,0.927536231884058
41,1615,20241106,42,40,0.9523809523809523
41,1616,20241106,58,54,0.9310344827586207
41,1617,20241106,55,55,1
41,1622,20241106,61,59,0.9672131147540983
41,1623,20241106,47,47,1
41,1624,20241106,60,58,0.9666666666666667
41,1625,20241106,59,55,0.9322033898305084
41,1626,20241106,24,23,0.9583333333333334
41,1627,20241106,29,28,0.9655172413793104
41,1628,20241106,12,12,1
41,1629,20241106,28,28,1
41,1630,20241106,14,14,1
41,1631,20241106,31,27,0.8709677419354839
41,1632,20241106,24,24,1
41,1633,20241106,41,41,1
41,1634,20241106,19,19,1
41,1635,20241106,41,41,1
41,1636,20241106,39,39,1
41,1637,20241106,18,13,0.7222222222222222
41,1638,20241106,58,57,0.9827586206896551
41,1701,20241106,26,25,0.9615384615384616
41,1703,20241106,78,77,0.9871794871794872
41,1704,20241106,54,48,0.8888888888888888
41,1706,20241106,97,95,0.979381443298969
41,1707,20241106,86,79,0.9186046511627907
41,1708,20241106,10,10,1
41,1709,20241106,145,138,0.9517241379310345
41,1710,20241106,95,92,0.968421052631579
41,1711,20241106,66,63,0.9545454545454546
41,1712,20241106,57,53,0.9298245614035088
41,1713,20241106,55,55,1
41,1714,20241106,92,90,0.9782608695652174
41,1715,20241106,98,98,1
41,1716,20241106,66,62,0.9393939393939394
41,1717,20241106,94,93,0.9893617021276596
41,1718,20241106,24,23,0.9583333333333334
41,1719,20241106,33,33,1
41,1720,20241106,78,75,0.9615384615384616
41,1721,20241106,96,90,0.9375
41,1722,20241106,49,48,0.9795918367346939
41,1723,20241106,65,61,0.9384615384615385
41,1724,20241106,87,82,0.9425287356321839
41,1725,20241106,18,18,1
41,1726,20241106,48,45,0.9375
41,1728,20241106,7,7,1
41,1729,20241106,19,19,1
41,1730,20241106,13,13,1
41,1731,20241106,20,20,1
41,1733,20241106,34,33,0.9705882352941176
41,1998,20241106,50,48,0.96
42,2002,20241106,4,4,1
42,2003,20241106,23,23,1
42,2004,20241106,14,13,0.9285714285714286
42,2006,20241106,30,30,1
42,2008,20241106,14,14,1
42,2011,20241106,20,20,1
42,2013,20241106,2,2,1
42,2014,20241106,6,5,0.8333333333333334
42,2015,20241106,2,2,1
42,2016,20241106,16,16,1
42,2017,20241106,4,4,1
42,2020,20241106,21,16,0.7619047619047619
42,2026,20241106,30,30,1
42,2027,20241106,10,10,1
42,2028,20241106,9,9,1
42,2029,20241106,41,35,0.8536585365853658
42,2030,20241106,38,35,0.9210526315789473
42,2031,20241106,35,34,0.9714285714285714
42,2032,20241106,18,16,0.8888888888888888
42,2034,20241106,20,20,1
42,2035,20241106,17,17,1
42,2036,20241106,8,8,1
42,2037,20241106,16,16,1
42,2038,20241106,9,9,1
42,2039,20241106,29,28,0.9655172413793104
42,2101,20241106,2,2,1
42,2102,20241106,2,2,1
42,2103,20241106,13,13,1
42,2106,20241106,13,13,1
42,2107,20241106,3,3,1
42,2108,20241106,5,5,1
42,2109,20241106,3,3,1
42,2110,20241106,5,5,1
42,2111,20241106,2,2,1
42,2112,20241106,2,2,1
42,2113,20241106,2,2,1
42,2114,20241106,2,2,1
42,2115,20241106,2,2,1
42,2116,20241106,2,2,1
42,2117,20241106,17,17,1
42,2118,20241106,6,6,1
42,2119,20241106,4,4,1
42,2120,20241106,8,8,1
42,2121,20241106,4,4,1
42,2122,20241106,1,1,1
42,2124,20241106,6,4,0.6666666666666666
42,2125,20241106,10,10,1
42,2126,20241106,32,32,1
42,2127,20241106,1,1,1
42,2128,20241106,3,3,1
42,2129,20241106,1,1,1
42,2130,20241106,2,2,1
42,2131,20241106,1,1,1
42,2132,20241106,2,1,0.5
42,2133,20241106,10,10,1
42,2134,20241106,4,3,0.75
42,2135,20241106,11,10,0.9090909090909091
42,2136,20241106,10,9,0.9
42,2137,20241106,2,2,1
42,2138,20241106,2,2,1
42,2139,20241106,2,2,1
42,2140,20241106,2,2,1
42,2141,20241106,12,11,0.9166666666666666
42,2142,20241106,12,12,1
42,2144,20241106,4,4,1
42,2145,20241106,2,2,1
42,2146,20241106,7,7,1
42,2147,20241106,2,2,1
42,2148,20241106,2,2,1
42,2149,20241106,2,2,1
42,2150,20241106,2,2,1
42,2151,20241106,8,8,1
42,2152,20241106,6,6,1
42,2201,20241106,7,7,1
42,2202,20241106,47,41,0.8723404255319149
42,2203,20241106,27,27,1
42,2204,20241106,12,12,1
42,2205,20241106,4,4,1
42,2206,20241106,40,37,0.925
42,2207,20241106,50,48,0.96
42,2208,20241106,15,15,1
42,2209,20241106,37,37,1
42,2210,20241106,14,14,1
42,2211,20241106,5,5,1
42,2212,20241106,37,30,0.8108108108108109
42,2213,20241106,7,7,1
42,2215,20241106,64,60,0.9375
42,2216,20241106,32,32,1
42,2217,20241106,20,20,1
42,2218,20241106,34,34,1
42,2219,20241106,37,36,0.972972972972973
42,2220,20241106,20,19,0.95
42,2221,20241106,5,5,1
42,2222,20241106,26,26,1
42,2223,20241106,40,37,0.925
42,2224,20241106,23,23,1
42,2225,20241106,18,18,1
42,2303,20241106,165,165,1
42,2304,20241106,4,4,1
42,2306,20241106,35,35,1
42,2307,20241106,28,28,1
42,2309,20241106,38,37,0.9736842105263158
42,2310,20241106,38,38,1
42,2315,20241106,9,9,1
42,2316,20241106,3,3,1
42,2317,20241106,44,43,0.9772727272727273
42,2318,20241106,34,29,0.8529411764705882
42,2319,20241106,4,4,1
42,2325,20241106,19,19,1
42,2327,20241106,37,36,0.972972972972973
42,2328,20241106,56,56,1
42,2329,20241106,12,12,1
42,2331,20241106,60,60,1
42,2333,20241106,61,61,1
42,2335,20241106,35,35,1
42,2336,20241106,34,32,0.9411764705882353
42,2337,20241106,30,29,0.9666666666666667
42,2502,20241106,6,6,1
42,2504,20241106,6,6,1
42,2505,20241106,14,14,1
42,2506,20241106,6,6,1
42,2511,20241106,19,19,1
42,2513,20241106,18,18,1
42,2515,20241106,51,51,1
42,2516,20241106,9,9,1
42,2517,20241106,4,4,1
42,2518,20241106,30,30,1
42,2519,20241106,1,1,1
42,2521,20241106,1,1,1
42,2522,20241106,58,57,0.9827586206896551
42,2523,20241106,20,20,1
42,2524,20241106,29,29,1
42,2525,20241106,21,21,1
42,2530,20241106,23,21,0.9130434782608695
42,2532,20241106,46,46,1
42,2533,20241106,23,23,1
42,2534,20241106,12,12,1
42,2535,20241106,6,6,1
42,2536,20241106,21,21,1
42,2537,20241106,48,47,0.9791666666666666
42,2538,20241106,12,12,1
42,2539,20241106,17,14,0.8235294117647058
42,2540,20241106,16,16,1
42,2601,20241106,61,60,0.9836065573770492
42,2605,20241106,50,48,0.96
42,2610,20241106,27,26,0.9629629629629629
42,2611,20241106,18,18,1
42,2620,20241106,11,10,0.9090909090909091
42,2621,20241106,7,6,0.8571428571428571
42,2625,20241106,4,4,1
42,2626,20241106,23,23,1
42,2627,20241106,8,8,1
42,2630,20241106,21,20,0.9523809523809523
42,2632,20241106,52,51,0.9807692307692307
42,2701,20241106,33,29,0.8787878787878788
42,2703,20241106,48,38,0.7916666666666666
42,2706,20241106,115,114,0.991304347826087
42,2708,20241106,114,102,0.8947368421052632
42,2709,20241106,8,8,1
42,2710,20241106,56,15,0.26785714285714285
42,2711,20241106,124,105,0.8467741935483871
42,2713,20241106,57,51,0.8947368421052632
42,2714,20241106,22,16,0.7272727272727273
42,2715,20241106,16,16,1
42,2716,20241106,8,7,0.875
42,2717,20241106,24,23,0.9583333333333334
42,2718,20241106,23,22,0.9565217391304348
42,2719,20241106,28,28,1
42,2720,20241106,34,34,1
42,2722,20241106,70,67,0.9571428571428572
42,2723,20241106,13,13,1
42,2724,20241106,11,10,0.9090909090909091
42,2725,20241106,103,91,0.883495145631068
42,2726,20241106,10,8,0.8
42,2727,20241106,76,71,0.9342105263157895
42,2728,20241106,68,57,0.8382352941176471
42,2729,20241106,75,66,0.88
42,2730,20241106,84,75,0.8928571428571429
42,2731,20241106,32,28,0.875
42,2733,20241106,22,20,0.9090909090909091
42,2734,20241106,23,20,0.8695652173913043
42,2735,20241106,23,21,0.9130434782608695
42,2736,20241106,59,51,0.864406779661017
42,2740,20241106,39,39,1
42,2741,20241106,4,4,1
42,2742,20241106,2,2,1
42,2743,20241106,2,2,1
42,2744,20241106,11,11,1
42,2745,20241106,2,2,1
42,2746,20241106,9,9,1
42,2750,20241106,38,38,1
42,2751,20241106,16,16,1
42,2752,20241106,2,2,1
42,2753,20241106,9,9,1
42,2754,20241106,41,41,1
42,2755,20241106,7,7,1
42,2756,20241106,5,5,1
42,2758,20241106,7,7,1
42,2761,20241106,29,26,0.896551724137931
42,2762,20241106,30,30,1
42,2764,20241106,77,75,0.974025974025974
42,2765,20241106,11,11,1
42,2768,20241106,2,2,1
42,2769,20241106,176,129,0.7329545454545454
42,2772,20241106,105,99,0.9428571428571428
42,2774,20241106,37,37,1
42,2776,20241106,64,63,0.984375
42,2780,20241106,11,10,0.9090909090909091
42,2781,20241106,65,65,1
42,2785,20241106,14,14,1
42,2790,20241106,95,89,0.9368421052631579
42,2791,20241106,32,29,0.90625
42,2792,20241106,30,28,0.9333333333333333
42,2794,20241106,81,76,0.9382716049382716
42,2795,20241106,65,53,0.8153846153846154
42,2796,20241106,40,40,1
42,2797,20241106,68,68,1
42,2801,20241106,38,38,1
42,2802,20241106,20,20,1
42,2803,20241106,31,30,0.967741935483871
42,2804,20241106,39,39,1
42,2805,20241106,13,13,1
42,2806,20241106,2,2,1
42,2807,20241106,4,3,0.75
42,2810,20241106,4,4,1
42,2811,20241106,15,15,1
42,2812,20241106,95,89,0.9368421052631579
42,2813,20241106,2,2,1
42,2814,20241106,41,39,0.9512195121951219
42,2816,20241106,4,4,1
42,2818,20241106,2,2,1
42,2819,20241106,4,4,1
42,2820,20241106,4,4,1
42,2821,20241106,32,31,0.96875
42,2822,20241106,14,14,1
42,2823,20241106,69,68,0.9855072463768116
42,2824,20241106,83,80,0.963855421686747
42,2830,20241106,2,2,1
42,2831,20241106,79,78,0.9873417721518988
42,2833,20241106,7,7,1
42,2841,20241106,27,26,0.9629629629629629
42,2842,20241106,11,11,1
42,2900,20241106,1,1,1
42,2901,20241106,8,8,1
42,2905,20241106,6,6,1
42,2906,20241106,6,4,0.6666666666666666
42,2908,20241106,4,2,0.5
42,2910,20241106,3,3,1
42,2911,20241106,5,5,1
42,2913,20241106,4,4,1
42,2914,20241106,2,2,1
42,2915,20241106,1,1,1
42,2920,20241106,6,5,0.8333333333333334
42,2921,20241106,28,27,0.9642857142857143
42,2926,20241106,9,9,1
42,2927,20241106,24,24,1
42,2928,20241106,9,9,1
43,3001,20241106,58,53,0.9137931034482759
43,3003,20241106,59,59,1
43,3004,20241106,53,53,1
43,3005,20241106,16,16,1
43,3006,20241106,26,25,0.9615384615384616
43,3007,20241106,61,58,0.9508196721311475
43,3008,20241106,24,24,1
43,3009,20241106,54,54,1
43,3011,20241106,56,56,1
43,3012,20241106,76,75,0.9868421052631579
43,3013,20241106,94,92,0.9787234042553191
43,3014,20241106,27,27,1
43,3015,20241106,20,19,0.95
43,3017,20241106,64,63,0.984375
43,3018,20241106,4,4,1
43,3019,20241106,9,8,0.8888888888888888
43,3020,20241106,18,17,0.9444444444444444
43,3021,20241106,46,45,0.9782608695652174
43,3022,20241106,95,94,0.9894736842105263
43,3023,20241106,52,52,1
43,3024,20241106,61,61,1
43,3025,20241106,68,65,0.9558823529411765
43,3026,20241106,81,75,0.9259259259259259
43,3027,20241106,51,51,1
43,3028,20241106,18,17,0.9444444444444444
43,3029,20241106,18,18,1
43,3030,20241106,24,21,0.875
43,3033,20241106,24,24,1
43,3034,20241106,37,37,1
43,3037,20241106,18,18,1
43,3038,20241106,44,43,0.9772727272727273
43,3040,20241106,65,63,0.9692307692307692
43,3041,20241106,52,52,1
43,3101,20241106,103,103,1
43,3103,20241106,70,70,1
43,3104,20241106,34,34,1
43,3105,20241106,90,90,1
43,3106,20241106,21,21,1
43,3107,20241106,12,12,1
43,3108,20241106,103,101,0.9805825242718447
43,3109,20241106,8,8,1
43,3110,20241106,15,15,1
43,3111,20241106,77,77,1
43,3112,20241106,82,82,1
43,3113,20241106,85,85,1
43,3114,20241106,36,36,1
43,3116,20241106,49,48,0.9795918367346939
43,3118,20241106,52,52,1
43,3119,20241106,45,44,0.9777777777777777
43,3120,20241106,16,16,1
43,3121,20241106,18,18,1
43,3201,20241106,13,13,1
43,3202,20241106,2,2,1
43,3203,20241106,8,6,0.75
43,3204,20241106,10,9,0.9
43,3205,20241106,6,6,1
43,3206,20241106,3,3,1
43,3207,20241106,10,10,1
43,3208,20241106,14,14,1
43,3209,20241106,8,8,1
43,3210,20241106,7,7,1
43,3211,20241106,13,13,1
43,3212,20241106,9,9,1
43,3213,20241106,14,14,1
43,3214,20241106,11,11,1
43,3215,20241106,9,9,1
43,3216,20241106,10,8,0.8
43,3217,20241106,11,11,1
43,3218,20241106,10,10,1
43,3220,20241106,20,19,0.95
43,3221,20241106,20,18,0.9
43,3222,20241106,27,26,0.9629629629629629
43,3502,20241106,1,1,1
43,3503,20241106,28,28,1
43,3504,20241106,54,53,0.9814814814814815
43,3505,20241106,19,19,1
43,3506,20241106,68,65,0.9558823529411765
43,3507,20241106,44,43,0.9772727272727273
43,3508,20241106,76,74,0.9736842105263158
43,3509,20241106,16,16,1
43,3510,20241106,9,9,1
43,3511,20241106,8,8,1
43,3512,20241106,60,59,0.9833333333333333
43,3513,20241106,58,55,0.9482758620689655
43,3514,20241106,34,34,1
43,3515,20241106,54,54,1
43,3516,20241106,58,58,1
43,3517,20241106,59,59,1
43,3518,20241106,12,12,1
43,3521,20241106,68,68,1
43,3523,20241106,30,29,0.9666666666666667
43,3524,20241106,30,29,0.9666666666666667
43,3525,20241106,54,50,0.9259259259259259
43,3526,20241106,80,80,1
43,3527,20241106,8,8,1
43,3528,20241106,10,10,1
43,3535,20241106,8,8,1
43,3536,20241106,30,29,0.9666666666666667
43,3540,20241106,10,9,0.9
43,3541,20241106,21,21,1
43,3543,20241106,14,14,1
43,3544,20241106,13,13,1
43,3545,20241106,17,17,1
43,3546,20241106,14,14,1
43,3547,20241106,16,15,0.9375
43,3548,20241106,6,6,1
43,3549,20241106,15,15,1
43,3601,20241106,42,42,1
43,3605,20241106,26,26,1
43,3615,20241106,30,30,1
43,3620,20241106,95,94,0.9894736842105263
43,3625,20241106,8,8,1
43,3626,20241106,34,34,1
43,3635,20241106,21,21,1
43,3641,20241106,3,3,1
43,3642,20241106,24,23,0.9583333333333334
43,3701,20241106,50,47,0.94
43,3702,20241106,43,42,0.9767441860465116
43,3703,20241106,73,72,0.9863013698630136
43,3704,20241106,30,29,0.9666666666666667
43,3705,20241106,56,56,1
43,3706,20241106,12,12,1
43,3708,20241106,12,12,1
43,3709,20241106,16,16,1
43,3710,20241106,82,81,0.9878048780487805
43,3711,20241106,26,26,1
43,3715,20241106,40,39,0.975
43,3716,20241106,47,45,0.9574468085106383
43,3717,20241106,55,55,1
43,3720,20241106,2,2,1
43,3721,20241106,51,48,0.9411764705882353
44,4302,20241106,6,6,1
44,4705,20241106,75,73,0.9733333333333334
44,4525,20241106,3,3,1
44,4420,20241106,19,19,1
44,4308,20241106,11,11,1
44,4106,20241106,5,5,1
44,4426,20241106,66,66,1
44,4422,20241106,43,43,1
44,4424,20241106,1,0,0
44,4425,20241106,2,2,1
44,4412,20241106,53,53,1
44,4432,20241106,24,24,1
44,4439,20241106,18,18,1
44,4441,20241106,53,53,1
44,4451,20241106,7,7,1
44,4532,20241106,15,15,1
44,4501,20241106,46,42,0.9130434782608695
44,4543,20241106,16,16,1
44,4419,20241106,2,2,1
44,4551,20241106,21,21,1
44,4552,20241106,6,6,1
44,4550,20241106,6,6,1
44,4612,20241106,15,15,1
44,4522,20241106,2,2,1
44,4604,20241106,26,26,1
44,4523,20241106,2,2,1
44,4707,20241106,22,21,0.9545454545454546
44,4702,20241106,96,89,0.9270833333333334
44,4600,20241106,100,99,0.99
44,4416,20241106,5,5,1
44,4431,20241106,17,16,0.9411764705882353
44,4434,20241106,24,24,1
44,4905,20241106,10,10,1
44,4202,20241106,9,9,1
44,4102,20241106,20,20,1
44,4516,20241106,22,20,0.9090909090909091
44,4107,20241106,6,6,1
44,4546,20241106,5,5,1
44,4304,20241106,10,10,1
44,4103,20241106,15,15,1
44,4207,20241106,11,11,1
44,4711,20241106,3,3,1
44,4541,20241106,2,2,1
44,4542,20241106,16,16,1
44,4307,20241106,22,22,1
44,4312,20241106,18,18,1
44,4548,20241106,5,5,1
44,4549,20241106,6,6,1
44,4701,20241106,129,126,0.9767441860465116
44,4504,20241106,48,48,1
44,4440,20241106,8,8,1
44,4482,20241106,15,15,1
44,4512,20241106,63,63,1
44,4303,20241106,9,8,0.8888888888888888
44,4467,20241106,1,1,1
44,4468,20241106,2,2,1
44,4520,20241106,2,2,1
44,4472,20241106,6,6,1
44,4521,20241106,18,18,1
44,4503,20241106,8,8,1
44,4544,20241106,16,15,0.9375
44,4421,20241106,34,33,0.9705882352941176
44,4443,20241106,12,12,1
44,4621,20241106,30,30,1
44,4901,20241106,11,11,1
44,4730,20241106,26,26,1
44,4902,20241106,3,3,1
44,4540,20241106,19,19,1
44,4641,20241106,17,17,1
44,4720,20241106,85,75,0.8823529411764706
44,4417,20241106,4,4,1
44,4530,20241106,9,9,1
44,4313,20241106,6,6,1
44,4402,20241106,7,7,1
44,4620,20241106,12,12,1
44,4430,20241106,16,11,0.6875
44,4715,20241106,8,8,1
44,4560,20241106,34,33,0.9705882352941176
44,4513,20241106,9,9,1
44,4310,20241106,6,6,1
44,4435,20241106,12,12,1
44,4305,20241106,19,19,1
44,4205,20241106,9,9,1
44,4632,20241106,25,25,1
44,4206,20241106,5,5,1
44,4208,20241106,4,4,1
44,4320,20241106,12,12,1
44,4204,20241106,18,18,1
44,4409,20241106,32,30,0.9375
44,4427,20241106,27,24,0.8888888888888888
44,4322,20241106,18,18,1
44,4414,20241106,4,4,1
44,4101,20241106,6,6,1
44,4464,20241106,9,8,0.8888888888888888
44,4906,20241106,4,4,1
44,4321,20241106,18,18,1
44,4203,20241106,43,43,1
44,4401,20241106,24,21,0.875
44,4410,20241106,27,26,0.9629629629629629
44,4406,20241106,26,26,1
44,4415,20241106,11,11,1
44,4428,20241106,24,24,1
44,4463,20241106,9,9,1
44,4465,20241106,2,2,1
44,4438,20241106,56,55,0.9821428571428571
44,4466,20241106,1,1,1
44,4429,20241106,18,17,0.9444444444444444
44,4104,20241106,8,8,1
44,4515,20241106,8,8,1
44,4404,20241106,38,37,0.9736842105263158
44,4545,20241106,4,4,1
44,4514,20241106,19,17,0.8947368421052632
44,4531,20241106,19,18,0.9473684210526315
44,4602,20241106,65,63,0.9692307692307692
44,4611,20241106,21,20,0.9523809523809523
44,4436,20241106,53,53,1
44,4725,20241106,66,65,0.9848484848484849
44,4001,20241106,15,15,1
44,4710,20241106,55,44,0.8
44,4301,20241106,5,5,1
44,4403,20241106,78,77,0.9871794871794872
44,4211,20241106,3,3,1
44,4437,20241106,36,36,1
44,4212,20241106,2,2,1
44,4453,20241106,2,2,1
44,4524,20241106,13,13,1
44,4704,20241106,44,44,1
44,4481,20241106,15,14,0.9333333333333333
44,4517,20241106,2,2,1
44,4562,20241106,72,72,1
44,4706,20241106,41,39,0.9512195121951219
44,4002,20241106,9,9,1
44,4407,20241106,5,5,1
44,4442,20241106,6,6,1
44,4452,20241106,5,5,1
44,4105,20241106,7,7,1
44,4433,20241106,2,2,1
44,4610,20241106,4,4,1
44,4311,20241106,5,5,1
41,1001,20241107,40,37,0.925
41,1002,20241107,21,19,0.9047619047619048
41,1003,20241107,80,75,0.9375
41,1004,20241107,10,8,0.8
41,1005,20241107,87,83,0.9540229885057471
41,1006,20241107,9,8,0.8888888888888888
41,1008,20241107,23,23,1
41,1009,20241107,15,15,1
41,1010,20241107,10,9,0.9
41,1011,20241107,20,20,1
41,1012,20241107,23,22,0.9565217391304348
41,1013,20241107,12,10,0.8333333333333334
41,1014,20241107,42,42,1
41,1015,20241107,20,19,0.95
41,1101,20241107,50,50,1
41,1103,20241107,76,69,0.9078947368421053
41,1105,20241107,13,13,1
41,1106,20241107,52,45,0.8653846153846154
41,1107,20241107,23,21,0.9130434782608695
41,1109,20241107,10,10,1
41,1110,20241107,10,9,0.9
41,1111,20241107,18,16,0.8888888888888888
41,1113,20241107,10,9,0.9
41,1114,20241107,9,8,0.8888888888888888
41,1115,20241107,26,26,1
41,1117,20241107,10,10,1
41,1119,20241107,2,2,1
41,1120,20241107,99,99,1
41,1121,20241107,14,11,0.7857142857142857
41,1122,20241107,18,18,1
41,1123,20241107,59,58,0.9830508474576272
41,1124,20241107,27,27,1
41,1125,20241107,14,13,0.9285714285714286
41,1201,20241107,10,10,1
41,1204,20241107,45,43,0.9555555555555556
41,1205,20241107,51,49,0.9607843137254902
41,1206,20241107,60,60,1
41,1208,20241107,18,18,1
41,1209,20241107,68,66,0.9705882352941176
41,1210,20241107,19,17,0.8947368421052632
41,1211,20241107,78,77,0.9871794871794872
41,1212,20241107,111,107,0.963963963963964
41,1213,20241107,40,40,1
41,1215,20241107,16,15,0.9375
41,1216,20241107,25,24,0.96
41,1217,20241107,66,63,0.9545454545454546
41,1218,20241107,57,56,0.9824561403508771
41,1219,20241107,59,57,0.9661016949152542
41,1220,20241107,15,15,1
41,1221,20241107,26,22,0.8461538461538461
41,1222,20241107,28,25,0.8928571428571429
41,1223,20241107,58,57,0.9827586206896551
41,1224,20241107,24,24,1
41,1225,20241107,7,7,1
41,1226,20241107,78,76,0.9743589743589743
41,1228,20241107,26,25,0.9615384615384616
41,1229,20241107,45,41,0.9111111111111111
41,1230,20241107,42,39,0.9285714285714286
41,1231,20241107,4,4,1
41,1232,20241107,28,25,0.8928571428571429
41,1233,20241107,7,7,1
41,1234,20241107,43,43,1
41,1235,20241107,46,43,0.9347826086956522
41,1236,20241107,39,34,0.8717948717948718
41,1240,20241107,29,29,1
41,1241,20241107,48,48,1
41,1242,20241107,40,39,0.975
41,1244,20241107,2,2,1
41,1245,20241107,56,55,0.9821428571428571
41,1247,20241107,21,21,1
41,1248,20241107,63,63,1
41,1249,20241107,58,58,1
41,1250,20241107,21,21,1
41,1251,20241107,69,69,1
41,1252,20241107,45,44,0.9777777777777777
41,1253,20241107,35,35,1
41,1254,20241107,52,50,0.9615384615384616
41,1255,20241107,20,20,1
41,1501,20241107,20,18,0.9
41,1502,20241107,97,97,1
41,1503,20241107,43,39,0.9069767441860465
41,1506,20241107,33,33,1
41,1507,20241107,42,39,0.9285714285714286
41,1508,20241107,22,22,1
41,1509,20241107,43,40,0.9302325581395349
41,1510,20241107,64,56,0.875
41,1511,20241107,21,21,1
41,1512,20241107,26,26,1
41,1513,20241107,29,29,1
41,1514,20241107,58,53,0.9137931034482759
41,1515,20241107,1,1,1
41,1516,20241107,32,32,1
41,1517,20241107,44,44,1
41,1518,20241107,80,79,0.9875
41,1519,20241107,39,39,1
41,1520,20241107,14,13,0.9285714285714286
41,1521,20241107,6,4,0.6666666666666666
41,1522,20241107,46,44,0.9565217391304348
41,1523,20241107,70,69,0.9857142857142858
41,1524,20241107,48,43,0.8958333333333334
41,1525,20241107,80,78,0.975
41,1527,20241107,45,45,1
41,1528,20241107,34,33,0.9705882352941176
41,1529,20241107,45,43,0.9555555555555556
41,1530,20241107,6,6,1
41,1531,20241107,5,4,0.8
41,1601,20241107,85,83,0.9764705882352941
41,1603,20241107,28,28,1
41,1604,20241107,86,84,0.9767441860465116
41,1605,20241107,12,12,1
41,1606,20241107,29,29,1
41,1608,20241107,62,61,0.9838709677419355
41,1609,20241107,6,6,1
41,1610,20241107,34,33,0.9705882352941176
41,1611,20241107,11,11,1
41,1612,20241107,40,38,0.95
41,1613,20241107,32,28,0.875
41,1614,20241107,69,59,0.855072463768116
41,1615,20241107,42,42,1
41,1616,20241107,58,55,0.9482758620689655
41,1617,20241107,55,55,1
41,1622,20241107,61,60,0.9836065573770492
41,1623,20241107,47,47,1
41,1624,20241107,60,60,1
41,1625,20241107,59,57,0.9661016949152542
41,1626,20241107,24,22,0.9166666666666666
41,1627,20241107,29,27,0.9310344827586207
41,1628,20241107,12,12,1
41,1629,20241107,28,27,0.9642857142857143
41,1630,20241107,14,14,1
41,1631,20241107,31,31,1
41,1632,20241107,24,23,0.9583333333333334
41,1633,20241107,41,41,1
41,1634,20241107,19,19,1
41,1635,20241107,41,40,0.975609756097561
41,1636,20241107,39,38,0.9743589743589743
41,1637,20241107,18,18,1
41,1638,20241107,58,58,1
41,1701,20241107,26,26,1
41,1703,20241107,78,77,0.9871794871794872
41,1704,20241107,54,51,0.9444444444444444
41,1706,20241107,97,97,1
41,1707,20241107,86,75,0.872093023255814
41,1708,20241107,10,10,1
41,1709,20241107,145,143,0.9862068965517241
41,1710,20241107,95,91,0.9578947368421052
41,1711,20241107,66,63,0.9545454545454546
41,1712,20241107,57,54,0.9473684210526315
41,1713,20241107,55,55,1
41,1714,20241107,92,91,0.9891304347826086
41,1715,20241107,98,92,0.9387755102040817
41,1716,20241107,66,66,1
41,1717,20241107,94,89,0.9468085106382979
41,1718,20241107,24,23,0.9583333333333334
41,1719,20241107,33,33,1
41,1720,20241107,78,76,0.9743589743589743
41,1721,20241107,96,94,0.9791666666666666
41,1722,20241107,49,49,1
41,1723,20241107,65,63,0.9692307692307692
41,1724,20241107,87,85,0.9770114942528736
41,1725,20241107,18,18,1
41,1726,20241107,48,47,0.9791666666666666
41,1728,20241107,7,7,1
41,1729,20241107,19,19,1
41,1730,20241107,13,13,1
41,1731,20241107,20,20,1
41,1733,20241107,34,34,1
41,1998,20241107,50,50,1
42,2002,20241107,4,4,1
42,2003,20241107,23,22,0.9565217391304348
42,2004,20241107,14,13,0.9285714285714286
42,2006,20241107,30,30,1
42,2008,20241107,14,14,1
42,2011,20241107,20,19,0.95
42,2013,20241107,2,1,0.5
42,2014,20241107,6,6,1
42,2015,20241107,2,2,1
42,2016,20241107,16,15,0.9375
42,2017,20241107,4,4,1
42,2020,20241107,21,21,1
42,2026,20241107,30,30,1
42,2027,20241107,10,10,1
42,2028,20241107,9,9,1
42,2029,20241107,41,41,1
42,2030,20241107,38,34,0.8947368421052632
42,2031,20241107,35,30,0.8571428571428571
42,2032,20241107,18,15,0.8333333333333334
42,2034,20241107,20,20,1
42,2035,20241107,17,16,0.9411764705882353
42,2036,20241107,8,8,1
42,2037,20241107,16,13,0.8125
42,2038,20241107,9,9,1
42,2039,20241107,29,29,1
42,2101,20241107,2,2,1
42,2102,20241107,2,2,1
42,2103,20241107,13,11,0.8461538461538461
42,2106,20241107,13,12,0.9230769230769231
42,2107,20241107,3,3,1
42,2108,20241107,5,4,0.8
42,2109,20241107,3,3,1
42,2110,20241107,5,5,1
42,2111,20241107,2,2,1
42,2112,20241107,2,2,1
42,2113,20241107,2,2,1
42,2114,20241107,2,2,1
42,2115,20241107,2,2,1
42,2116,20241107,2,2,1
42,2117,20241107,17,16,0.9411764705882353
42,2118,20241107,7,6,0.8571428571428571
42,2119,20241107,4,4,1
42,2120,20241107,8,7,0.875
42,2121,20241107,4,3,0.75
42,2122,20241107,1,1,1
42,2124,20241107,6,6,1
42,2125,20241107,10,9,0.9
42,2126,20241107,32,31,0.96875
42,2127,20241107,1,1,1
42,2128,20241107,3,3,1
42,2129,20241107,1,1,1
42,2130,20241107,2,2,1
42,2131,20241107,1,1,1
42,2132,20241107,2,2,1
42,2133,20241107,10,10,1
42,2134,20241107,4,1,0.25
42,2135,20241107,11,11,1
42,2136,20241107,10,10,1
42,2137,20241107,2,2,1
42,2138,20241107,2,2,1
42,2139,20241107,2,2,1
42,2140,20241107,2,2,1
42,2141,20241107,12,11,0.9166666666666666
42,2142,20241107,12,12,1
42,2144,20241107,4,4,1
42,2145,20241107,2,2,1
42,2146,20241107,7,6,0.8571428571428571
42,2147,20241107,2,2,1
42,2148,20241107,2,2,1
42,2149,20241107,2,2,1
42,2150,20241107,2,1,0.5
42,2151,20241107,8,8,1
42,2152,20241107,6,6,1
42,2201,20241107,7,7,1
42,2202,20241107,47,47,1
42,2203,20241107,27,27,1
42,2204,20241107,12,12,1
42,2205,20241107,4,4,1
42,2206,20241107,40,40,1
42,2207,20241107,50,50,1
42,2208,20241107,15,15,1
42,2209,20241107,37,37,1
42,2210,20241107,14,14,1
42,2211,20241107,5,5,1
42,2212,20241107,37,34,0.918918918918919
42,2213,20241107,7,7,1
42,2215,20241107,64,63,0.984375
42,2216,20241107,32,32,1
42,2217,20241107,20,20,1
42,2218,20241107,34,34,1
42,2219,20241107,37,37,1
42,2220,20241107,20,19,0.95
42,2221,20241107,5,5,1
42,2222,20241107,26,26,1
42,2223,20241107,40,40,1
42,2224,20241107,23,23,1
42,2225,20241107,18,18,1
42,2303,20241107,165,163,0.9878787878787879
42,2304,20241107,4,4,1
42,2306,20241107,35,35,1
42,2307,20241107,28,27,0.9642857142857143
42,2309,20241107,38,38,1
42,2310,20241107,38,38,1
42,2315,20241107,9,9,1
42,2316,20241107,3,3,1
42,2317,20241107,44,44,1
42,2318,20241107,34,34,1
42,2319,20241107,4,4,1
42,2325,20241107,19,19,1
42,2327,20241107,37,36,0.972972972972973
42,2328,20241107,56,55,0.9821428571428571
42,2329,20241107,12,12,1
42,2331,20241107,60,60,1
42,2333,20241107,61,61,1
42,2335,20241107,35,35,1
42,2336,20241107,34,33,0.9705882352941176
42,2337,20241107,30,30,1
42,2501,20241107,2,2,1
42,2502,20241107,6,6,1
42,2504,20241107,6,6,1
42,2505,20241107,14,14,1
42,2506,20241107,6,5,0.8333333333333334
42,2511,20241107,19,19,1
42,2513,20241107,18,18,1
42,2515,20241107,51,51,1
42,2516,20241107,9,9,1
42,2517,20241107,4,4,1
42,2518,20241107,30,29,0.9666666666666667
42,2519,20241107,1,1,1
42,2521,20241107,1,1,1
42,2522,20241107,58,57,0.9827586206896551
42,2523,20241107,20,20,1
42,2524,20241107,29,29,1
42,2525,20241107,21,21,1
42,2530,20241107,23,23,1
42,2532,20241107,46,46,1
42,2533,20241107,23,23,1
42,2534,20241107,12,11,0.9166666666666666
42,2535,20241107,6,6,1
42,2536,20241107,21,21,1
42,2537,20241107,48,48,1
42,2538,20241107,12,12,1
42,2539,20241107,17,17,1
42,2540,20241107,16,16,1
42,2601,20241107,61,61,1
42,2605,20241107,50,50,1
42,2610,20241107,27,27,1
42,2611,20241107,18,17,0.9444444444444444
42,2620,20241107,11,11,1
42,2621,20241107,7,7,1
42,2625,20241107,4,4,1
42,2626,20241107,24,24,1
42,2627,20241107,8,8,1
42,2630,20241107,21,21,1
42,2632,20241107,52,52,1
42,2701,20241107,33,33,1
42,2703,20241107,48,43,0.8958333333333334
42,2706,20241107,115,114,0.991304347826087
42,2708,20241107,114,98,0.8596491228070176
42,2709,20241107,8,8,1
42,2710,20241107,56,16,0.2857142857142857
42,2711,20241107,124,108,0.8709677419354839
42,2713,20241107,57,51,0.8947368421052632
42,2714,20241107,22,17,0.7727272727272727
42,2715,20241107,16,16,1
42,2716,20241107,8,8,1
42,2717,20241107,24,24,1
42,2718,20241107,23,23,1
42,2719,20241107,28,28,1
42,2720,20241107,34,33,0.9705882352941176
42,2722,20241107,70,62,0.8857142857142857
42,2723,20241107,13,13,1
42,2724,20241107,11,11,1
42,2725,20241107,103,89,0.8640776699029126
42,2726,20241107,10,9,0.9
42,2727,20241107,76,67,0.881578947368421
42,2728,20241107,68,55,0.8088235294117647
42,2729,20241107,75,66,0.88
42,2730,20241107,84,73,0.8690476190476191
42,2731,20241107,32,28,0.875
42,2733,20241107,22,22,1
42,2734,20241107,23,19,0.8260869565217391
42,2735,20241107,23,20,0.8695652173913043
42,2736,20241107,59,50,0.847457627118644
42,2740,20241107,39,39,1
42,2741,20241107,4,4,1
42,2742,20241107,2,2,1
42,2743,20241107,2,2,1
42,2744,20241107,11,11,1
42,2745,20241107,2,2,1
42,2746,20241107,9,9,1
42,2750,20241107,38,38,1
42,2751,20241107,16,16,1
42,2752,20241107,2,2,1
42,2753,20241107,9,9,1
42,2754,20241107,41,40,0.975609756097561
42,2755,20241107,7,7,1
42,2756,20241107,5,5,1
42,2758,20241107,7,7,1
42,2761,20241107,29,29,1
42,2762,20241107,30,28,0.9333333333333333
42,2764,20241107,77,74,0.961038961038961
42,2765,20241107,11,11,1
42,2768,20241107,2,2,1
42,2769,20241107,176,132,0.75
42,2772,20241107,105,99,0.9428571428571428
42,2774,20241107,37,35,0.9459459459459459
42,2776,20241107,64,62,0.96875
42,2780,20241107,11,11,1
42,2781,20241107,65,65,1
42,2785,20241107,14,14,1
42,2790,20241107,95,86,0.9052631578947369
42,2791,20241107,32,28,0.875
42,2792,20241107,30,30,1
42,2794,20241107,81,81,1
42,2795,20241107,65,55,0.8461538461538461
42,2796,20241107,40,40,1
42,2797,20241107,68,68,1
42,2801,20241107,38,38,1
42,2802,20241107,20,19,0.95
42,2803,20241107,31,30,0.967741935483871
42,2804,20241107,39,39,1
42,2805,20241107,13,13,1
42,2806,20241107,2,2,1
42,2807,20241107,4,4,1
42,2810,20241107,4,4,1
42,2811,20241107,15,15,1
42,2812,20241107,95,92,0.968421052631579
42,2813,20241107,2,2,1
42,2814,20241107,41,39,0.9512195121951219
42,2816,20241107,4,4,1
42,2818,20241107,2,2,1
42,2819,20241107,4,4,1
42,2820,20241107,4,4,1
42,2821,20241107,32,32,1
42,2822,20241107,14,14,1
42,2823,20241107,69,67,0.9710144927536232
42,2824,20241107,83,83,1
42,2830,20241107,2,2,1
42,2831,20241107,79,79,1
42,2833,20241107,7,7,1
42,2841,20241107,27,27,1
42,2842,20241107,11,10,0.9090909090909091
42,2900,20241107,1,1,1
42,2901,20241107,8,7,0.875
42,2905,20241107,6,5,0.8333333333333334
42,2906,20241107,6,3,0.5
42,2908,20241107,4,3,0.75
42,2910,20241107,4,4,1
42,2911,20241107,5,5,1
42,2913,20241107,4,4,1
42,2914,20241107,2,2,1
42,2915,20241107,1,1,1
42,2920,20241107,6,6,1
42,2921,20241107,28,28,1
42,2926,20241107,9,9,1
42,2927,20241107,24,23,0.9583333333333334
42,2928,20241107,9,9,1
43,3001,20241107,58,50,0.8620689655172413
43,3003,20241107,59,58,0.9830508474576272
43,3004,20241107,53,53,1
43,3005,20241107,16,13,0.8125
43,3006,20241107,26,26,1
43,3007,20241107,61,59,0.9672131147540983
43,3008,20241107,24,23,0.9583333333333334
43,3009,20241107,54,54,1
43,3011,20241107,56,56,1
43,3012,20241107,76,75,0.9868421052631579
43,3013,20241107,94,93,0.9893617021276596
43,3014,20241107,27,27,1
43,3015,20241107,20,20,1
43,3017,20241107,64,64,1
43,3018,20241107,4,4,1
43,3019,20241107,9,9,1
43,3020,20241107,18,17,0.9444444444444444
43,3021,20241107,46,46,1
43,3022,20241107,95,95,1
43,3023,20241107,52,51,0.9807692307692307
43,3024,20241107,61,61,1
43,3025,20241107,68,68,1
43,3026,20241107,81,80,0.9876543209876543
43,3027,20241107,51,38,0.7450980392156863
43,3028,20241107,18,17,0.9444444444444444
43,3029,20241107,18,18,1
43,3030,20241107,24,21,0.875
43,3033,20241107,24,24,1
43,3034,20241107,37,37,1
43,3037,20241107,18,17,0.9444444444444444
43,3038,20241107,44,22,0.5
43,3040,20241107,65,65,1
43,3041,20241107,52,52,1
43,3101,20241107,103,103,1
43,3103,20241107,70,70,1
43,3104,20241107,34,32,0.9411764705882353
43,3105,20241107,90,90,1
43,3106,20241107,21,21,1
43,3107,20241107,12,12,1
43,3108,20241107,103,103,1
43,3109,20241107,8,8,1
43,3110,20241107,15,15,1
43,3111,20241107,77,76,0.987012987012987
43,3112,20241107,82,82,1
43,3113,20241107,85,85,1
43,3114,20241107,36,34,0.9444444444444444
43,3116,20241107,49,47,0.9591836734693877
43,3118,20241107,52,52,1
43,3119,20241107,45,45,1
43,3120,20241107,16,16,1
43,3121,20241107,18,18,1
43,3201,20241107,13,13,1
43,3202,20241107,2,2,1
43,3203,20241107,8,8,1
43,3204,20241107,10,9,0.9
43,3205,20241107,6,5,0.8333333333333334
43,3206,20241107,3,2,0.6666666666666666
43,3207,20241107,10,10,1
43,3208,20241107,14,14,1
43,3209,20241107,8,8,1
43,3210,20241107,7,7,1
43,3211,20241107,13,11,0.8461538461538461
43,3212,20241107,9,9,1
43,3213,20241107,14,14,1
43,3214,20241107,11,10,0.9090909090909091
43,3215,20241107,9,8,0.8888888888888888
43,3216,20241107,10,10,1
43,3217,20241107,11,11,1
43,3218,20241107,10,10,1
43,3220,20241107,20,20,1
43,3221,20241107,20,20,1
43,3222,20241107,27,25,0.9259259259259259
43,3502,20241107,1,1,1
43,3503,20241107,28,28,1
43,3504,20241107,54,51,0.9444444444444444
43,3505,20241107,19,19,1
43,3506,20241107,68,67,0.9852941176470589
43,3507,20241107,44,42,0.9545454545454546
43,3508,20241107,76,75,0.9868421052631579
43,3509,20241107,16,16,1
43,3510,20241107,9,8,0.8888888888888888
43,3511,20241107,8,8,1
43,3512,20241107,60,59,0.9833333333333333
43,3513,20241107,58,58,1
43,3514,20241107,34,34,1
43,3515,20241107,54,54,1
43,3516,20241107,58,58,1
43,3517,20241107,59,57,0.9661016949152542
43,3518,20241107,12,12,1
43,3521,20241107,68,68,1
43,3523,20241107,30,29,0.9666666666666667
43,3524,20241107,30,30,1
43,3525,20241107,54,53,0.9814814814814815
43,3526,20241107,80,80,1
43,3527,20241107,8,8,1
43,3528,20241107,10,9,0.9
43,3535,20241107,8,8,1
43,3536,20241107,30,30,1
43,3540,20241107,10,10,1
43,3541,20241107,21,21,1
43,3543,20241107,14,14,1
43,3544,20241107,13,13,1
43,3545,20241107,17,17,1
43,3546,20241107,14,14,1
43,3547,20241107,16,16,1
43,3548,20241107,6,6,1
43,3549,20241107,15,15,1
43,3601,20241107,42,42,1
43,3605,20241107,26,25,0.9615384615384616
43,3615,20241107,30,30,1
43,3620,20241107,95,91,0.9578947368421052
43,3625,20241107,8,8,1
43,3626,20241107,34,34,1
43,3635,20241107,21,20,0.9523809523809523
43,3641,20241107,3,3,1
43,3642,20241107,24,24,1
43,3701,20241107,50,49,0.98
43,3702,20241107,43,43,1
43,3703,20241107,73,69,0.9452054794520548
43,3704,20241107,30,27,0.9
43,3705,20241107,56,53,0.9464285714285714
43,3706,20241107,12,12,1
43,3708,20241107,12,12,1
43,3709,20241107,16,16,1
43,3710,20241107,82,82,1
43,3711,20241107,26,26,1
43,3715,20241107,40,40,1
43,3716,20241107,47,45,0.9574468085106383
43,3717,20241107,55,55,1
43,3720,20241107,2,2,1
43,3721,20241107,51,45,0.8823529411764706
44,4302,20241107,6,6,1
44,4525,20241107,3,3,1
44,4420,20241107,19,19,1
44,4308,20241107,11,11,1
44,4106,20241107,5,5,1
44,4426,20241107,66,65,0.9848484848484849
44,4422,20241107,43,43,1
44,4424,20241107,1,0,0
44,4425,20241107,2,2,1
44,4432,20241107,24,24,1
44,4412,20241107,53,53,1
44,4439,20241107,18,18,1
44,4441,20241107,53,53,1
44,4705,20241107,75,74,0.9866666666666667
44,4451,20241107,7,7,1
44,4532,20241107,15,15,1
44,4501,20241107,46,42,0.9130434782608695
44,4543,20241107,16,16,1
44,4419,20241107,2,2,1
44,4551,20241107,21,20,0.9523809523809523
44,4552,20241107,6,5,0.8333333333333334
44,4550,20241107,6,6,1
44,4612,20241107,15,15,1
44,4522,20241107,2,2,1
44,4604,20241107,26,25,0.9615384615384616
44,4523,20241107,2,2,1
44,4707,20241107,22,22,1
44,4702,20241107,96,95,0.9895833333333334
44,4600,20241107,100,98,0.98
44,4416,20241107,5,5,1
44,4431,20241107,17,17,1
44,4704,20241107,44,44,1
44,4434,20241107,24,23,0.9583333333333334
44,4905,20241107,10,10,1
44,4202,20241107,9,9,1
44,4102,20241107,20,19,0.95
44,4516,20241107,22,21,0.9545454545454546
44,4107,20241107,6,6,1
44,4546,20241107,5,5,1
44,4304,20241107,10,10,1
44,4103,20241107,15,15,1
44,4207,20241107,11,11,1
44,4711,20241107,3,3,1
44,4541,20241107,2,2,1
44,4542,20241107,16,16,1
44,4307,20241107,22,22,1
44,4312,20241107,18,18,1
44,4548,20241107,5,5,1
44,4549,20241107,6,6,1
44,4504,20241107,48,48,1
44,4701,20241107,129,127,0.9844961240310077
44,4440,20241107,8,8,1
44,4512,20241107,63,63,1
44,4303,20241107,9,9,1
44,4467,20241107,1,1,1
44,4468,20241107,2,2,1
44,4520,20241107,3,3,1
44,4472,20241107,6,6,1
44,4521,20241107,18,18,1
44,4503,20241107,8,6,0.75
44,4544,20241107,16,15,0.9375
44,4421,20241107,34,34,1
44,4443,20241107,12,12,1
44,4621,20241107,30,28,0.9333333333333333
44,4901,20241107,11,11,1
44,4730,20241107,26,26,1
44,4902,20241107,3,3,1
44,4540,20241107,19,19,1
44,4641,20241107,17,17,1
44,4720,20241107,85,81,0.9529411764705882
44,4417,20241107,4,4,1
44,4530,20241107,9,9,1
44,4313,20241107,6,6,1
44,4402,20241107,7,7,1
44,4620,20241107,12,10,0.8333333333333334
44,4430,20241107,16,15,0.9375
44,4715,20241107,8,8,1
44,4513,20241107,9,9,1
44,4560,20241107,34,34,1
44,4710,20241107,55,54,0.9818181818181818
44,4310,20241107,7,7,1
44,4435,20241107,12,12,1
44,4305,20241107,19,19,1
44,4205,20241107,9,9,1
44,4632,20241107,25,24,0.96
44,4206,20241107,5,5,1
44,4208,20241107,4,4,1
44,4320,20241107,12,12,1
44,4482,20241107,15,15,1
44,4204,20241107,18,17,0.9444444444444444
44,4409,20241107,32,32,1
44,4427,20241107,27,26,0.9629629629629629
44,4322,20241107,18,18,1
44,4414,20241107,4,4,1
44,4101,20241107,6,6,1
44,4464,20241107,9,9,1
44,4906,20241107,4,4,1
44,4321,20241107,18,18,1
44,4401,20241107,24,23,0.9583333333333334
44,4203,20241107,43,43,1
44,4514,20241107,19,17,0.8947368421052632
44,4410,20241107,27,27,1
44,4406,20241107,26,26,1
44,4415,20241107,11,11,1
44,4463,20241107,9,9,1
44,4428,20241107,24,23,0.9583333333333334
44,4465,20241107,2,2,1
44,4438,20241107,56,56,1
44,4466,20241107,1,1,1
44,4429,20241107,18,17,0.9444444444444444
44,4104,20241107,8,8,1
44,4515,20241107,8,8,1
44,4404,20241107,38,35,0.9210526315789473
44,4545,20241107,4,4,1
44,4531,20241107,19,19,1
44,4602,20241107,65,64,0.9846153846153847
44,4611,20241107,21,20,0.9523809523809523
44,4436,20241107,53,53,1
44,4725,20241107,66,62,0.9393939393939394
44,4001,20241107,15,14,0.9333333333333333
44,4301,20241107,5,5,1
44,4403,20241107,78,77,0.9871794871794872
44,4211,20241107,3,3,1
44,4437,20241107,36,36,1
44,4212,20241107,3,3,1
44,4453,20241107,2,2,1
44,4524,20241107,13,13,1
44,4481,20241107,15,15,1
44,4517,20241107,2,2,1
44,4706,20241107,41,41,1
44,4407,20241107,5,5,1
44,4442,20241107,6,6,1
44,4452,20241107,5,5,1
44,4562,20241107,72,72,1
44,4105,20241107,7,7,1
44,4433,20241107,2,2,1
44,4610,20241107,4,3,0.75
44,4002,20241107,9,8,0.8888888888888888
44,4311,20241107,6,6,1
41,1001,20241108,40,33,0.825
41,1002,20241108,21,18,0.8571428571428571
41,1003,20241108,80,67,0.8375
41,1004,20241108,10,10,1
41,1005,20241108,87,87,1
41,1006,20241108,9,9,1
41,1008,20241108,23,23,1
41,1009,20241108,15,15,1
41,1010,20241108,10,10,1
41,1011,20241108,20,20,1
41,1012,20241108,23,22,0.9565217391304348
41,1013,20241108,12,10,0.8333333333333334
41,1014,20241108,42,42,1
41,1015,20241108,20,18,0.9
41,1101,20241108,50,41,0.82
41,1103,20241108,76,74,0.9736842105263158
41,1105,20241108,13,13,1
41,1106,20241108,52,48,0.9230769230769231
41,1107,20241108,23,23,1
41,1109,20241108,10,9,0.9
41,1110,20241108,10,10,1
41,1111,20241108,18,15,0.8333333333333334
41,1113,20241108,10,7,0.7
41,1114,20241108,9,5,0.5555555555555556
41,1115,20241108,26,26,1
41,1117,20241108,10,10,1
41,1119,20241108,2,2,1
41,1120,20241108,99,98,0.98989898989899
41,1121,20241108,14,13,0.9285714285714286
41,1122,20241108,18,17,0.9444444444444444
41,1123,20241108,59,56,0.9491525423728814
41,1124,20241108,27,27,1
41,1125,20241108,14,14,1
41,1201,20241108,10,10,1
41,1204,20241108,45,42,0.9333333333333333
41,1205,20241108,51,50,0.9803921568627451
41,1206,20241108,60,58,0.9666666666666667
41,1208,20241108,18,16,0.8888888888888888
41,1209,20241108,68,67,0.9852941176470589
41,1210,20241108,19,15,0.7894736842105263
41,1211,20241108,78,77,0.9871794871794872
41,1212,20241108,111,107,0.963963963963964
41,1213,20241108,40,36,0.9
41,1215,20241108,16,16,1
41,1216,20241108,25,25,1
41,1217,20241108,66,62,0.9393939393939394
41,1218,20241108,57,49,0.8596491228070176
41,1219,20241108,59,52,0.8813559322033898
41,1220,20241108,15,15,1
41,1221,20241108,26,26,1
41,1222,20241108,28,28,1
41,1223,20241108,58,54,0.9310344827586207
41,1224,20241108,24,23,0.9583333333333334
41,1225,20241108,7,7,1
41,1226,20241108,78,76,0.9743589743589743
41,1228,20241108,26,25,0.9615384615384616
41,1229,20241108,45,43,0.9555555555555556
41,1230,20241108,42,38,0.9047619047619048
41,1231,20241108,4,4,1
41,1232,20241108,28,26,0.9285714285714286
41,1233,20241108,7,7,1
41,1234,20241108,43,42,0.9767441860465116
41,1235,20241108,46,44,0.9565217391304348
41,1236,20241108,39,35,0.8974358974358975
41,1240,20241108,29,29,1
41,1241,20241108,48,48,1
41,1242,20241108,40,34,0.85
41,1244,20241108,2,2,1
41,1245,20241108,56,56,1
41,1247,20241108,21,21,1
41,1248,20241108,63,62,0.9841269841269841
41,1249,20241108,58,58,1
41,1250,20241108,21,21,1
41,1251,20241108,69,67,0.9710144927536232
41,1252,20241108,45,42,0.9333333333333333
41,1253,20241108,35,35,1
41,1254,20241108,52,52,1
41,1255,20241108,20,20,1
41,1501,20241108,20,18,0.9
41,1502,20241108,97,93,0.9587628865979382
41,1503,20241108,43,38,0.8837209302325582
41,1506,20241108,33,28,0.8484848484848485
41,1507,20241108,42,42,1
41,1508,20241108,22,22,1
41,1509,20241108,43,40,0.9302325581395349
41,1510,20241108,64,60,0.9375
41,1511,20241108,21,21,1
41,1512,20241108,26,26,1
41,1513,20241108,29,29,1
41,1514,20241108,58,49,0.8448275862068966
41,1515,20241108,1,1,1
41,1516,20241108,32,32,1
41,1517,20241108,44,42,0.9545454545454546
41,1518,20241108,80,77,0.9625
41,1519,20241108,39,39,1
41,1520,20241108,14,13,0.9285714285714286
41,1521,20241108,6,6,1
41,1522,20241108,46,45,0.9782608695652174
41,1523,20241108,70,69,0.9857142857142858
41,1524,20241108,48,48,1
41,1525,20241108,80,76,0.95
41,1527,20241108,45,45,1
41,1528,20241108,34,33,0.9705882352941176
41,1529,20241108,45,42,0.9333333333333333
41,1530,20241108,6,6,1
41,1531,20241108,5,5,1
41,1601,20241108,85,84,0.9882352941176471
41,1603,20241108,28,28,1
41,1604,20241108,86,85,0.9883720930232558
41,1605,20241108,12,12,1
41,1606,20241108,29,27,0.9310344827586207
41,1608,20241108,62,62,1
41,1609,20241108,6,6,1
41,1610,20241108,34,34,1
41,1611,20241108,11,11,1
41,1612,20241108,40,39,0.975
41,1613,20241108,32,32,1
41,1614,20241108,69,67,0.9710144927536232
41,1615,20241108,42,42,1
41,1616,20241108,58,56,0.9655172413793104
41,1617,20241108,55,53,0.9636363636363636
41,1622,20241108,61,58,0.9508196721311475
41,1623,20241108,47,47,1
41,1624,20241108,60,60,1
41,1625,20241108,59,59,1
41,1626,20241108,24,24,1
41,1627,20241108,29,28,0.9655172413793104
41,1628,20241108,12,12,1
41,1629,20241108,28,28,1
41,1630,20241108,14,13,0.9285714285714286
41,1631,20241108,31,31,1
41,1632,20241108,24,24,1
41,1633,20241108,41,41,1
41,1634,20241108,19,19,1
41,1635,20241108,41,39,0.9512195121951219
41,1636,20241108,39,29,0.7435897435897436
41,1637,20241108,18,18,1
41,1638,20241108,58,56,0.9655172413793104
41,1701,20241108,26,26,1
41,1703,20241108,78,74,0.9487179487179487
41,1704,20241108,54,53,0.9814814814814815
41,1706,20241108,97,96,0.9896907216494846
41,1707,20241108,86,79,0.9186046511627907
41,1708,20241108,10,10,1
41,1709,20241108,145,140,0.9655172413793104
41,1710,20241108,95,94,0.9894736842105263
41,1711,20241108,66,55,0.8333333333333334
41,1712,20241108,57,49,0.8596491228070176
41,1713,20241108,55,53,0.9636363636363636
41,1714,20241108,92,92,1
41,1715,20241108,98,97,0.9897959183673469
41,1716,20241108,66,64,0.9696969696969697
41,1717,20241108,94,89,0.9468085106382979
41,1718,20241108,24,17,0.7083333333333334
41,1719,20241108,33,29,0.8787878787878788
41,1720,20241108,78,75,0.9615384615384616
41,1721,20241108,96,91,0.9479166666666666
41,1722,20241108,49,48,0.9795918367346939
41,1723,20241108,65,60,0.9230769230769231
41,1724,20241108,87,82,0.9425287356321839
41,1725,20241108,18,18,1
41,1726,20241108,48,47,0.9791666666666666
41,1728,20241108,7,7,1
41,1729,20241108,19,18,0.9473684210526315
41,1730,20241108,13,13,1
41,1731,20241108,20,20,1
41,1733,20241108,34,31,0.9117647058823529
41,1998,20241108,50,50,1
42,2002,20241108,4,3,0.75
42,2003,20241108,23,21,0.9130434782608695
42,2004,20241108,14,13,0.9285714285714286
42,2006,20241108,30,30,1
42,2008,20241108,14,14,1
42,2011,20241108,20,17,0.85
42,2013,20241108,2,1,0.5
42,2014,20241108,6,6,1
42,2015,20241108,2,2,1
42,2016,20241108,16,15,0.9375
42,2017,20241108,4,4,1
42,2020,20241108,21,21,1
42,2026,20241108,30,29,0.9666666666666667
42,2027,20241108,10,10,1
42,2028,20241108,9,9,1
42,2029,20241108,41,41,1
42,2030,20241108,38,36,0.9473684210526315
42,2031,20241108,35,33,0.9428571428571428
42,2032,20241108,18,18,1
42,2034,20241108,20,20,1
42,2035,20241108,17,17,1
42,2036,20241108,8,8,1
42,2037,20241108,16,15,0.9375
42,2038,20241108,9,9,1
42,2039,20241108,29,29,1
42,2101,20241108,2,2,1
42,2102,20241108,2,2,1
42,2103,20241108,13,13,1
42,2106,20241108,13,13,1
42,2107,20241108,3,3,1
42,2108,20241108,5,5,1
42,2109,20241108,3,3,1
42,2110,20241108,5,5,1
42,2111,20241108,2,2,1
42,2112,20241108,2,2,1
42,2113,20241108,2,2,1
42,2114,20241108,2,2,1
42,2115,20241108,2,2,1
42,2116,20241108,2,2,1
42,2117,20241108,17,17,1
42,2118,20241108,7,7,1
42,2119,20241108,4,4,1
42,2120,20241108,8,6,0.75
42,2121,20241108,4,3,0.75
42,2122,20241108,1,1,1
42,2124,20241108,6,6,1
42,2125,20241108,10,10,1
42,2126,20241108,32,31,0.96875
42,2127,20241108,1,1,1
42,2128,20241108,3,3,1
42,2129,20241108,1,1,1
42,2130,20241108,2,2,1
42,2131,20241108,1,1,1
42,2132,20241108,2,2,1
42,2133,20241108,10,10,1
42,2134,20241108,4,3,0.75
42,2135,20241108,11,9,0.8181818181818182
42,2136,20241108,10,10,1
42,2137,20241108,2,2,1
42,2138,20241108,2,2,1
42,2139,20241108,2,2,1
42,2140,20241108,2,2,1
42,2141,20241108,12,12,1
42,2142,20241108,12,12,1
42,2144,20241108,4,4,1
42,2145,20241108,2,2,1
42,2146,20241108,7,7,1
42,2147,20241108,2,2,1
42,2148,20241108,2,2,1
42,2149,20241108,2,2,1
42,2150,20241108,2,1,0.5
42,2151,20241108,8,8,1
42,2152,20241108,6,6,1
42,2201,20241108,7,7,1
42,2202,20241108,47,47,1
42,2203,20241108,27,27,1
42,2204,20241108,12,12,1
42,2205,20241108,4,4,1
42,2206,20241108,40,39,0.975
42,2207,20241108,50,48,0.96
42,2208,20241108,15,15,1
42,2209,20241108,37,36,0.972972972972973
42,2210,20241108,14,14,1
42,2211,20241108,5,5,1
42,2212,20241108,37,35,0.9459459459459459
42,2213,20241108,7,7,1
42,2215,20241108,64,62,0.96875
42,2216,20241108,32,31,0.96875
42,2217,20241108,20,20,1
42,2218,20241108,34,33,0.9705882352941176
42,2219,20241108,37,36,0.972972972972973
42,2220,20241108,20,19,0.95
42,2221,20241108,5,5,1
42,2222,20241108,26,25,0.9615384615384616
42,2223,20241108,40,40,1
42,2224,20241108,23,23,1
42,2225,20241108,18,18,1
42,2303,20241108,165,163,0.9878787878787879
42,2304,20241108,4,4,1
42,2306,20241108,35,34,0.9714285714285714
42,2307,20241108,28,28,1
42,2309,20241108,38,37,0.9736842105263158
42,2310,20241108,38,38,1
42,2315,20241108,9,9,1
42,2316,20241108,3,2,0.6666666666666666
42,2317,20241108,44,44,1
42,2318,20241108,34,34,1
42,2319,20241108,4,4,1
42,2325,20241108,19,18,0.9473684210526315
42,2327,20241108,37,34,0.918918918918919
42,2328,20241108,56,55,0.9821428571428571
42,2329,20241108,12,10,0.8333333333333334
42,2331,20241108,60,60,1
42,2333,20241108,61,61,1
42,2335,20241108,35,35,1
42,2336,20241108,34,34,1
42,2337,20241108,30,30,1
42,2502,20241108,6,6,1
42,2504,20241108,6,6,1
42,2505,20241108,14,12,0.8571428571428571
42,2506,20241108,6,6,1
42,2511,20241108,19,18,0.9473684210526315
42,2513,20241108,18,18,1
42,2515,20241108,51,43,0.8431372549019608
42,2516,20241108,9,9,1
42,2517,20241108,4,4,1
42,2518,20241108,30,30,1
42,2519,20241108,1,1,1
42,2521,20241108,1,1,1
42,2522,20241108,58,58,1
42,2523,20241108,20,19,0.95
42,2524,20241108,29,29,1
42,2525,20241108,21,21,1
42,2530,20241108,23,22,0.9565217391304348
42,2532,20241108,46,46,1
42,2533,20241108,23,21,0.9130434782608695
42,2534,20241108,12,12,1
42,2535,20241108,6,6,1
42,2536,20241108,21,21,1
42,2537,20241108,48,47,0.9791666666666666
42,2538,20241108,12,12,1
42,2539,20241108,17,16,0.9411764705882353
42,2540,20241108,16,16,1
42,2601,20241108,61,60,0.9836065573770492
42,2605,20241108,50,49,0.98
42,2610,20241108,27,27,1
42,2611,20241108,18,18,1
42,2620,20241108,11,11,1
42,2621,20241108,7,6,0.8571428571428571
42,2625,20241108,4,4,1
42,2626,20241108,24,24,1
42,2627,20241108,8,8,1
42,2630,20241108,21,21,1
42,2632,20241108,52,52,1
42,2701,20241108,33,31,0.9393939393939394
42,2703,20241108,48,42,0.875
42,2706,20241108,115,115,1
42,2708,20241108,114,114,1
42,2709,20241108,8,8,1
42,2710,20241108,56,16,0.2857142857142857
42,2711,20241108,124,120,0.967741935483871
42,2713,20241108,57,53,0.9298245614035088
42,2714,20241108,22,21,0.9545454545454546
42,2715,20241108,16,15,0.9375
42,2716,20241108,8,8,1
42,2717,20241108,24,23,0.9583333333333334
42,2718,20241108,23,22,0.9565217391304348
42,2719,20241108,28,28,1
42,2720,20241108,34,34,1
42,2722,20241108,70,69,0.9857142857142858
42,2723,20241108,13,13,1
42,2724,20241108,11,9,0.8181818181818182
42,2725,20241108,103,103,1
42,2726,20241108,10,10,1
42,2727,20241108,76,72,0.9473684210526315
42,2728,20241108,68,68,1
42,2729,20241108,75,75,1
42,2730,20241108,84,84,1
42,2731,20241108,32,32,1
42,2733,20241108,22,22,1
42,2734,20241108,23,23,1
42,2735,20241108,23,23,1
42,2736,20241108,59,54,0.9152542372881356
42,2740,20241108,39,38,0.9743589743589743
42,2741,20241108,4,4,1
42,2742,20241108,2,2,1
42,2743,20241108,2,2,1
42,2744,20241108,11,11,1
42,2745,20241108,2,2,1
42,2746,20241108,9,9,1
42,2750,20241108,38,37,0.9736842105263158
42,2751,20241108,16,16,1
42,2752,20241108,2,2,1
42,2753,20241108,9,9,1
42,2754,20241108,41,38,0.926829268292683
42,2755,20241108,7,7,1
42,2756,20241108,5,5,1
42,2758,20241108,7,7,1
42,2761,20241108,29,29,1
42,2762,20241108,30,30,1
42,2764,20241108,77,73,0.948051948051948
42,2765,20241108,11,11,1
42,2768,20241108,2,2,1
42,2769,20241108,176,132,0.75
42,2772,20241108,105,96,0.9142857142857143
42,2774,20241108,37,36,0.972972972972973
42,2776,20241108,64,60,0.9375
42,2780,20241108,11,11,1
42,2781,20241108,65,62,0.9538461538461539
42,2785,20241108,14,14,1
42,2790,20241108,95,88,0.9263157894736842
42,2791,20241108,32,32,1
42,2792,20241108,30,30,1
42,2794,20241108,81,79,0.9753086419753086
42,2795,20241108,65,61,0.9384615384615385
42,2796,20241108,40,40,1
42,2797,20241108,68,68,1
42,2801,20241108,38,37,0.9736842105263158
42,2802,20241108,20,20,1
42,2803,20241108,31,31,1
42,2804,20241108,39,39,1
42,2805,20241108,13,12,0.9230769230769231
42,2806,20241108,2,2,1
42,2807,20241108,4,4,1
42,2810,20241108,4,4,1
42,2811,20241108,15,15,1
42,2812,20241108,95,92,0.968421052631579
42,2813,20241108,2,2,1
42,2814,20241108,41,35,0.8536585365853658
42,2816,20241108,4,4,1
42,2818,20241108,2,2,1
42,2819,20241108,4,4,1
42,2820,20241108,4,2,0.5
42,2821,20241108,32,32,1
42,2822,20241108,14,14,1
42,2823,20241108,69,64,0.927536231884058
42,2824,20241108,83,81,0.9759036144578314
42,2830,20241108,2,2,1
42,2831,20241108,79,77,0.9746835443037974
42,2833,20241108,7,6,0.8571428571428571
42,2841,20241108,27,27,1
42,2842,20241108,11,11,1
42,2900,20241108,1,1,1
42,2901,20241108,8,8,1
42,2905,20241108,6,6,1
42,2906,20241108,6,3,0.5
42,2908,20241108,4,3,0.75
42,2910,20241108,3,3,1
42,2911,20241108,5,5,1
42,2913,20241108,4,4,1
42,2914,20241108,2,2,1
42,2915,20241108,1,1,1
42,2920,20241108,6,6,1
42,2921,20241108,28,28,1
42,2926,20241108,9,8,0.8888888888888888
42,2927,20241108,24,24,1
42,2928,20241108,9,9,1
43,3001,20241108,58,32,0.5517241379310345
43,3003,20241108,59,59,1
43,3004,20241108,53,53,1
43,3005,20241108,16,16,1
43,3006,20241108,26,26,1
43,3007,20241108,61,61,1
43,3008,20241108,24,23,0.9583333333333334
43,3009,20241108,54,54,1
43,3011,20241108,56,56,1
43,3012,20241108,76,76,1
43,3013,20241108,94,92,0.9787234042553191
43,3014,20241108,27,27,1
43,3015,20241108,20,20,1
43,3017,20241108,64,64,1
43,3018,20241108,4,4,1
43,3019,20241108,9,9,1
43,3020,20241108,18,15,0.8333333333333334
43,3021,20241108,46,43,0.9347826086956522
43,3022,20241108,95,93,0.9789473684210527
43,3023,20241108,52,52,1
43,3024,20241108,61,61,1
43,3025,20241108,68,68,1
43,3026,20241108,81,80,0.9876543209876543
43,3027,20241108,51,38,0.7450980392156863
43,3028,20241108,18,17,0.9444444444444444
43,3029,20241108,18,16,0.8888888888888888
43,3030,20241108,24,23,0.9583333333333334
43,3033,20241108,24,24,1
43,3034,20241108,37,37,1
43,3037,20241108,18,18,1
43,3038,20241108,44,44,1
43,3040,20241108,65,61,0.9384615384615385
43,3041,20241108,52,52,1
43,3101,20241108,103,103,1
43,3103,20241108,70,70,1
43,3104,20241108,34,33,0.9705882352941176
43,3105,20241108,90,90,1
43,3106,20241108,21,21,1
43,3107,20241108,12,12,1
43,3108,20241108,103,102,0.9902912621359223
43,3109,20241108,8,8,1
43,3110,20241108,15,15,1
43,3111,20241108,77,77,1
43,3112,20241108,82,81,0.9878048780487805
43,3113,20241108,85,83,0.9764705882352941
43,3114,20241108,36,36,1
43,3116,20241108,49,49,1
43,3118,20241108,52,51,0.9807692307692307
43,3119,20241108,45,45,1
43,3120,20241108,16,16,1
43,3121,20241108,18,17,0.9444444444444444
43,3201,20241108,13,13,1
43,3202,20241108,2,2,1
43,3203,20241108,8,8,1
43,3204,20241108,10,10,1
43,3205,20241108,6,6,1
43,3206,20241108,3,1,0.3333333333333333
43,3207,20241108,10,10,1
43,3208,20241108,14,14,1
43,3209,20241108,8,8,1
43,3210,20241108,7,7,1
43,3211,20241108,13,13,1
43,3212,20241108,9,8,0.8888888888888888
43,3213,20241108,14,14,1
43,3214,20241108,11,11,1
43,3215,20241108,9,9,1
43,3216,20241108,10,10,1
43,3217,20241108,11,11,1
43,3218,20241108,10,8,0.8
43,3220,20241108,20,19,0.95
43,3221,20241108,20,20,1
43,3222,20241108,27,24,0.8888888888888888
43,3502,20241108,1,1,1
43,3503,20241108,28,28,1
43,3504,20241108,54,53,0.9814814814814815
43,3505,20241108,19,19,1
43,3506,20241108,68,66,0.9705882352941176
43,3507,20241108,44,43,0.9772727272727273
43,3508,20241108,76,74,0.9736842105263158
43,3509,20241108,16,16,1
43,3510,20241108,9,8,0.8888888888888888
43,3511,20241108,8,8,1
43,3512,20241108,60,60,1
43,3513,20241108,58,58,1
43,3514,20241108,34,34,1
43,3515,20241108,54,53,0.9814814814814815
43,3516,20241108,58,58,1
43,3517,20241108,59,58,0.9830508474576272
43,3518,20241108,12,12,1
43,3521,20241108,68,67,0.9852941176470589
43,3523,20241108,30,27,0.9
43,3524,20241108,30,29,0.9666666666666667
43,3525,20241108,54,52,0.9629629629629629
43,3526,20241108,80,79,0.9875
43,3527,20241108,8,8,1
43,3528,20241108,10,10,1
43,3535,20241108,8,8,1
43,3536,20241108,30,30,1
43,3540,20241108,10,10,1
43,3541,20241108,21,21,1
43,3543,20241108,14,14,1
43,3544,20241108,13,13,1
43,3545,20241108,17,16,0.9411764705882353
43,3546,20241108,14,14,1
43,3547,20241108,16,15,0.9375
43,3548,20241108,6,6,1
43,3549,20241108,15,15,1
43,3601,20241108,42,41,0.9761904761904762
43,3605,20241108,26,26,1
43,3615,20241108,30,30,1
43,3620,20241108,95,88,0.9263157894736842
43,3625,20241108,8,8,1
43,3626,20241108,34,34,1
43,3635,20241108,21,20,0.9523809523809523
43,3641,20241108,3,3,1
43,3642,20241108,24,24,1
43,3701,20241108,50,50,1
43,3702,20241108,43,41,0.9534883720930233
43,3703,20241108,73,72,0.9863013698630136
43,3704,20241108,30,30,1
43,3705,20241108,56,54,0.9642857142857143
43,3706,20241108,12,12,1
43,3708,20241108,12,12,1
43,3709,20241108,16,16,1
43,3710,20241108,82,82,1
43,3711,20241108,26,26,1
43,3715,20241108,40,40,1
43,3716,20241108,47,45,0.9574468085106383
43,3717,20241108,55,54,0.9818181818181818
43,3720,20241108,2,2,1
43,3721,20241108,51,48,0.9411764705882353
44,4302,20241108,6,6,1
44,4525,20241108,3,3,1
44,4308,20241108,11,11,1
44,4420,20241108,19,18,0.9473684210526315
44,4106,20241108,5,5,1
44,4426,20241108,67,65,0.9701492537313433
44,4422,20241108,43,42,0.9767441860465116
44,4424,20241108,1,0,0
44,4425,20241108,2,2,1
44,4432,20241108,24,24,1
44,4412,20241108,53,53,1
44,4441,20241108,53,52,0.9811320754716981
44,4429,20241108,24,23,0.9583333333333334
44,4451,20241108,7,7,1
44,4705,20241108,75,71,0.9466666666666667
44,4532,20241108,15,15,1
44,4107,20241108,6,6,1
44,4501,20241108,46,44,0.9565217391304348
44,4543,20241108,16,15,0.9375
44,4419,20241108,2,2,1
44,4551,20241108,21,21,1
44,4552,20241108,6,6,1
44,4550,20241108,6,6,1
44,4612,20241108,15,14,0.9333333333333333
44,4522,20241108,2,2,1
44,4604,20241108,26,26,1
44,4523,20241108,2,2,1
44,4707,20241108,22,22,1
44,4702,20241108,96,95,0.9895833333333334
44,4600,20241108,100,96,0.96
44,4204,20241108,18,18,1
44,4416,20241108,5,5,1
44,4431,20241108,17,16,0.9411764705882353
44,4704,20241108,44,43,0.9772727272727273
44,4434,20241108,24,24,1
44,4905,20241108,10,10,1
44,4202,20241108,9,9,1
44,4102,20241108,20,20,1
44,4516,20241108,22,19,0.8636363636363636
44,4546,20241108,5,5,1
44,4304,20241108,10,10,1
44,4103,20241108,15,8,0.5333333333333333
44,4207,20241108,11,11,1
44,4711,20241108,3,3,1
44,4541,20241108,2,2,1
44,4542,20241108,16,16,1
44,4307,20241108,22,22,1
44,4312,20241108,18,18,1
44,4548,20241108,5,5,1
44,4549,20241108,6,6,1
44,4504,20241108,48,47,0.9791666666666666
44,4701,20241108,129,127,0.9844961240310077
44,4440,20241108,8,7,0.875
44,4303,20241108,9,9,1
44,4512,20241108,63,62,0.9841269841269841
44,4467,20241108,1,1,1
44,4468,20241108,2,2,1
44,4520,20241108,3,3,1
44,4472,20241108,6,6,1
44,4521,20241108,18,18,1
44,4503,20241108,8,8,1
44,4544,20241108,16,15,0.9375
44,4421,20241108,34,34,1
44,4443,20241108,12,12,1
44,4621,20241108,30,28,0.9333333333333333
44,4439,20241108,18,17,0.9444444444444444
44,4901,20241108,11,11,1
44,4902,20241108,3,3,1
44,4730,20241108,26,26,1
44,4540,20241108,19,19,1
44,4641,20241108,17,17,1
44,4720,20241108,85,80,0.9411764705882353
44,4417,20241108,4,4,1
44,4530,20241108,9,9,1
44,4313,20241108,6,6,1
44,4402,20241108,8,8,1
44,4620,20241108,12,10,0.8333333333333334
44,4430,20241108,16,15,0.9375
44,4710,20241108,55,55,1
44,4715,20241108,8,8,1
44,4513,20241108,9,9,1
44,4560,20241108,34,34,1
44,4310,20241108,7,7,1
44,4435,20241108,12,12,1
44,4305,20241108,19,19,1
44,4205,20241108,9,8,0.8888888888888888
44,4632,20241108,25,25,1
44,4206,20241108,5,5,1
44,4208,20241108,4,3,0.75
44,4320,20241108,12,12,1
44,4482,20241108,15,13,0.8666666666666667
44,4409,20241108,32,32,1
44,4427,20241108,27,26,0.9629629629629629
44,4322,20241108,18,18,1
44,4428,20241108,24,23,0.9583333333333334
44,4414,20241108,4,4,1
44,4101,20241108,6,6,1
44,4464,20241108,9,8,0.8888888888888888
44,4906,20241108,4,4,1
44,4321,20241108,18,18,1
44,4401,20241108,24,22,0.9166666666666666
44,4203,20241108,43,43,1
44,4514,20241108,19,19,1
44,4410,20241108,27,27,1
44,4406,20241108,26,26,1
44,4415,20241108,11,11,1
44,4463,20241108,9,7,0.7777777777777778
44,4465,20241108,2,2,1
44,4438,20241108,56,56,1
44,4466,20241108,1,1,1
44,4562,20241108,72,72,1
44,4104,20241108,8,8,1
44,4515,20241108,8,8,1
44,4404,20241108,38,38,1
44,4545,20241108,4,4,1
44,4531,20241108,19,19,1
44,4611,20241108,21,20,0.9523809523809523
44,4436,20241108,53,50,0.9433962264150944
44,4725,20241108,66,61,0.9242424242424242
44,4001,20241108,15,15,1
44,4301,20241108,5,5,1
44,4403,20241108,78,77,0.9871794871794872
44,4211,20241108,3,3,1
44,4437,20241108,36,36,1
44,4212,20241108,3,3,1
44,4453,20241108,2,2,1
44,4524,20241108,13,13,1
44,4481,20241108,15,14,0.9333333333333333
44,4517,20241108,2,2,1
44,4602,20241108,65,64,0.9846153846153847
44,4706,20241108,41,41,1
44,4407,20241108,5,5,1
44,4442,20241108,6,6,1
44,4452,20241108,5,5,1
44,4105,20241108,7,7,1
44,4433,20241108,2,2,1
44,4610,20241108,4,4,1
44,4002,20241108,9,9,1
44,4311,20241108,6,6,1
41,1001,20241109,24,22,0.9166666666666666
41,1002,20241109,8,7,0.875
41,1003,20241109,40,37,0.925
41,1005,20241109,66,66,1
41,1006,20241109,8,7,0.875
41,1008,20241109,11,10,0.9090909090909091
41,1009,20241109,8,8,1
41,1011,20241109,8,8,1
41,1012,20241109,11,11,1
41,1014,20241109,16,14,0.875
41,1015,20241109,12,12,1
41,1101,20241109,16,16,1
41,1103,20241109,51,46,0.9019607843137255
41,1105,20241109,25,24,0.96
41,1106,20241109,10,8,0.8
41,1107,20241109,17,15,0.8823529411764706
41,1115,20241109,12,12,1
41,1119,20241109,28,25,0.8928571428571429
41,1120,20241109,74,72,0.972972972972973
41,1124,20241109,14,13,0.9285714285714286
41,1204,20241109,15,13,0.8666666666666667
41,1205,20241109,27,27,1
41,1206,20241109,24,24,1
41,1209,20241109,40,40,1
41,1210,20241109,12,12,1
41,1211,20241109,52,49,0.9423076923076923
41,1212,20241109,77,77,1
41,1213,20241109,21,21,1
41,1215,20241109,18,18,1
41,1216,20241109,14,14,1
41,1217,20241109,27,25,0.9259259259259259
41,1218,20241109,57,54,0.9473684210526315
41,1219,20241109,43,42,0.9767441860465116
41,1220,20241109,18,18,1
41,1221,20241109,22,21,0.9545454545454546
41,1222,20241109,23,22,0.9565217391304348
41,1223,20241109,34,30,0.8823529411764706
41,1224,20241109,19,19,1
41,1226,20241109,28,28,1
41,1228,20241109,13,13,1
41,1229,20241109,24,24,1
41,1230,20241109,21,19,0.9047619047619048
41,1232,20241109,13,9,0.6923076923076923
41,1234,20241109,15,15,1
41,1235,20241109,27,27,1
41,1236,20241109,26,23,0.8846153846153846
41,1240,20241109,16,16,1
41,1241,20241109,22,22,1
41,1242,20241109,19,18,0.9473684210526315
41,1245,20241109,28,27,0.9642857142857143
41,1247,20241109,12,12,1
41,1248,20241109,32,29,0.90625
41,1249,20241109,26,26,1
41,1250,20241109,16,16,1
41,1251,20241109,50,49,0.98
41,1252,20241109,41,39,0.9512195121951219
41,1253,20241109,35,34,0.9714285714285714
41,1254,20241109,27,27,1
41,1255,20241109,12,12,1
41,1501,20241109,15,14,0.9333333333333333
41,1502,20241109,66,66,1
41,1504,20241109,29,27,0.9310344827586207
41,1506,20241109,18,17,0.9444444444444444
41,1507,20241109,22,22,1
41,1508,20241109,16,16,1
41,1509,20241109,18,18,1
41,1510,20241109,30,28,0.9333333333333333
41,1511,20241109,10,10,1
41,1512,20241109,14,14,1
41,1513,20241109,6,6,1
41,1514,20241109,38,38,1
41,1515,20241109,65,62,0.9538461538461539
41,1516,20241109,15,15,1
41,1517,20241109,16,16,1
41,1518,20241109,54,54,1
41,1519,20241109,37,37,1
41,1520,20241109,11,11,1
41,1521,20241109,3,3,1
41,1523,20241109,46,44,0.9565217391304348
41,1524,20241109,11,11,1
41,1525,20241109,39,39,1
41,1527,20241109,27,27,1
41,1528,20241109,16,16,1
41,1529,20241109,24,24,1
41,1530,20241109,6,6,1
41,1601,20241109,28,27,0.9642857142857143
41,1603,20241109,16,14,0.875
41,1604,20241109,55,48,0.8727272727272727
41,1606,20241109,28,27,0.9642857142857143
41,1608,20241109,33,33,1
41,1610,20241109,67,67,1
41,1612,20241109,17,17,1
41,1613,20241109,14,14,1
41,1614,20241109,31,28,0.9032258064516129
41,1615,20241109,16,15,0.9375
41,1617,20241109,4,4,1
41,1622,20241109,38,38,1
41,1623,20241109,31,31,1
41,1624,20241109,48,48,1
41,1625,20241109,37,33,0.8918918918918919
41,1628,20241109,9,9,1
41,1629,20241109,27,27,1
41,1630,20241109,13,13,1
41,1631,20241109,21,21,1
41,1632,20241109,14,14,1
41,1633,20241109,17,17,1
41,1634,20241109,12,12,1
41,1635,20241109,20,19,0.95
41,1636,20241109,22,21,0.9545454545454546
41,1637,20241109,12,12,1
41,1638,20241109,35,34,0.9714285714285714
41,1703,20241109,59,59,1
41,1704,20241109,34,34,1
41,1706,20241109,66,66,1
41,1707,20241109,65,61,0.9384615384615385
41,1708,20241109,8,8,1
41,1709,20241109,90,90,1
41,1710,20241109,40,39,0.975
41,1711,20241109,23,22,0.9565217391304348
41,1712,20241109,8,8,1
41,1713,20241109,39,37,0.9487179487179487
41,1714,20241109,67,64,0.9552238805970149
41,1715,20241109,28,28,1
41,1716,20241109,35,34,0.9714285714285714
41,1717,20241109,74,73,0.9864864864864865
41,1718,20241109,14,14,1
41,1719,20241109,16,16,1
41,1721,20241109,75,73,0.9733333333333334
41,1722,20241109,17,16,0.9411764705882353
41,1724,20241109,14,14,1
41,1726,20241109,35,35,1
41,1728,20241109,10,9,0.9
41,1730,20241109,8,7,0.875
41,1731,20241109,14,13,0.9285714285714286
41,1998,20241109,62,62,1
42,2002,20241109,3,3,1
42,2003,20241109,18,17,0.9444444444444444
42,2006,20241109,7,7,1
42,2008,20241109,3,1,0.3333333333333333
42,2011,20241109,17,17,1
42,2017,20241109,2,2,1
42,2021,20241109,13,13,1
42,2027,20241109,4,4,1
42,2028,20241109,4,4,1
42,2031,20241109,15,14,0.9333333333333333
42,2034,20241109,4,4,1
42,2035,20241109,1,1,1
42,2036,20241109,9,9,1
42,2037,20241109,15,15,1
42,2116,20241109,2,2,1
42,2120,20241109,4,4,1
42,2126,20241109,16,14,0.875
42,2132,20241109,2,1,0.5
42,2203,20241109,24,24,1
42,2204,20241109,4,3,0.75
42,2205,20241109,30,29,0.9666666666666667
42,2207,20241109,11,11,1
42,2208,20241109,8,8,1
42,2211,20241109,2,2,1
42,2212,20241109,19,17,0.8947368421052632
42,2213,20241109,19,19,1
42,2219,20241109,5,5,1
42,2220,20241109,11,11,1
42,2221,20241109,20,20,1
42,2222,20241109,7,7,1
42,2224,20241109,19,19,1
42,2303,20241109,81,81,1
42,2306,20241109,17,17,1
42,2309,20241109,13,13,1
42,2310,20241109,25,25,1
42,2317,20241109,28,27,0.9642857142857143
42,2327,20241109,13,13,1
42,2328,20241109,35,35,1
42,2331,20241109,22,22,1
42,2333,20241109,24,23,0.9583333333333334
42,2335,20241109,14,14,1
42,2505,20241109,10,9,0.9
42,2513,20241109,11,9,0.8181818181818182
42,2516,20241109,24,24,1
42,2517,20241109,20,20,1
42,2518,20241109,28,28,1
42,2523,20241109,57,57,1
42,2530,20241109,7,7,1
42,2532,20241109,10,10,1
42,2533,20241109,13,13,1
42,2534,20241109,6,6,1
42,2537,20241109,34,34,1
42,2538,20241109,14,14,1
42,2540,20241109,10,10,1
42,2605,20241109,24,24,1
42,2610,20241109,30,30,1
42,2611,20241109,25,25,1
42,2620,20241109,4,4,1
42,2621,20241109,16,15,0.9375
42,2626,20241109,14,14,1
42,2701,20241109,7,7,1
42,2702,20241109,70,69,0.9857142857142858
42,2703,20241109,31,31,1
42,2706,20241109,26,26,1
42,2708,20241109,78,77,0.9871794871794872
42,2710,20241109,38,38,1
42,2711,20241109,79,78,0.9873417721518988
42,2713,20241109,35,35,1
42,2722,20241109,38,38,1
42,2725,20241109,60,59,0.9833333333333333
42,2727,20241109,46,46,1
42,2728,20241109,32,31,0.96875
42,2729,20241109,34,34,1
42,2730,20241109,76,76,1
42,2733,20241109,10,10,1
42,2734,20241109,14,14,1
42,2736,20241109,36,36,1
42,2740,20241109,22,22,1
42,2741,20241109,6,6,1
42,2750,20241109,38,38,1
42,2751,20241109,9,9,1
42,2753,20241109,9,9,1
42,2754,20241109,28,28,1
42,2761,20241109,10,10,1
42,2764,20241109,72,72,1
42,2769,20241109,141,131,0.9290780141843972
42,2772,20241109,77,76,0.987012987012987
42,2774,20241109,13,13,1
42,2776,20241109,42,42,1
42,2780,20241109,32,32,1
42,2782,20241109,12,12,1
42,2785,20241109,2,2,1
42,2790,20241109,71,70,0.9859154929577465
42,2794,20241109,34,34,1
42,2796,20241109,34,33,0.9705882352941176
42,2801,20241109,6,6,1
42,2802,20241109,1,1,1
42,2803,20241109,12,12,1
42,2811,20241109,2,2,1
42,2812,20241109,10,10,1
42,2817,20241109,6,6,1
42,2821,20241109,42,42,1
42,2822,20241109,69,69,1
42,2823,20241109,34,34,1
42,2832,20241109,2,2,1
42,2833,20241109,23,23,1
42,2841,20241109,13,13,1
42,2842,20241109,11,11,1
42,2905,20241109,4,4,1
42,2926,20241109,10,8,0.8
42,2927,20241109,13,12,0.9230769230769231
43,3001,20241109,56,56,1
43,3003,20241109,43,43,1
43,3004,20241109,30,30,1
43,3005,20241109,10,10,1
43,3006,20241109,14,14,1
43,3007,20241109,26,26,1
43,3008,20241109,16,16,1
43,3009,20241109,25,25,1
43,3011,20241109,36,36,1
43,3012,20241109,51,51,1
43,3013,20241109,62,62,1
43,3014,20241109,21,21,1
43,3015,20241109,20,20,1
43,3017,20241109,32,32,1
43,3019,20241109,8,8,1
43,3020,20241109,18,15,0.8333333333333334
43,3021,20241109,24,24,1
43,3022,20241109,74,74,1
43,3023,20241109,34,34,1
43,3024,20241109,42,42,1
43,3025,20241109,54,50,0.9259259259259259
43,3026,20241109,52,38,0.7307692307692307
43,3027,20241109,17,17,1
43,3028,20241109,17,16,0.9411764705882353
43,3029,20241109,18,17,0.9444444444444444
43,3030,20241109,18,18,1
43,3033,20241109,12,11,0.9166666666666666
43,3034,20241109,25,24,0.96
43,3037,20241109,18,18,1
43,3038,20241109,24,24,1
43,3040,20241109,37,37,1
43,3041,20241109,32,32,1
43,3101,20241109,64,64,1
43,3103,20241109,42,42,1
43,3104,20241109,20,20,1
43,3105,20241109,68,68,1
43,3108,20241109,64,62,0.96875
43,3109,20241109,8,8,1
43,3110,20241109,6,6,1
43,3111,20241109,32,29,0.90625
43,3112,20241109,64,64,1
43,3113,20241109,65,65,1
43,3114,20241109,26,25,0.9615384615384616
43,3118,20241109,12,12,1
43,3119,20241109,22,22,1
43,3120,20241109,12,12,1
43,3201,20241109,9,9,1
43,3203,20241109,4,4,1
43,3204,20241109,3,3,1
43,3205,20241109,6,6,1
43,3208,20241109,8,8,1
43,3210,20241109,8,8,1
43,3212,20241109,3,3,1
43,3213,20241109,6,6,1
43,3218,20241109,8,7,0.875
43,3220,20241109,15,15,1
43,3221,20241109,2,2,1
43,3222,20241109,12,12,1
43,3502,20241109,15,15,1
43,3503,20241109,28,28,1
43,3504,20241109,30,29,0.9666666666666667
43,3505,20241109,11,11,1
43,3506,20241109,38,37,0.9736842105263158
43,3507,20241109,31,31,1
43,3508,20241109,53,53,1
43,3509,20241109,17,17,1
43,3510,20241109,7,7,1
43,3511,20241109,8,8,1
43,3512,20241109,44,44,1
43,3513,20241109,44,42,0.9545454545454546
43,3514,20241109,21,21,1
43,3515,20241109,30,30,1
43,3516,20241109,36,36,1
43,3517,20241109,22,22,1
43,3521,20241109,27,27,1
43,3523,20241109,3,3,1
43,3524,20241109,20,20,1
43,3525,20241109,38,38,1
43,3526,20241109,40,40,1
43,3535,20241109,4,4,1
43,3536,20241109,20,20,1
43,3541,20241109,10,10,1
43,3544,20241109,4,4,1
43,3545,20241109,9,9,1
43,3549,20241109,4,4,1
43,3620,20241109,66,66,1
43,3626,20241109,16,16,1
43,3635,20241109,13,13,1
43,3642,20241109,14,14,1
43,3703,20241109,61,58,0.9508196721311475
43,3705,20241109,30,30,1
43,3706,20241109,12,9,0.75
43,3708,20241109,12,12,1
43,3710,20241109,66,66,1
43,3715,20241109,14,14,1
43,3716,20241109,24,24,1
43,3717,20241109,32,32,1
43,3721,20241109,20,20,1
44,4426,20241109,46,46,1
44,4440,20241109,16,16,1
44,4702,20241109,44,44,1
44,4441,20241109,28,28,1
44,4540,20241109,7,7,1
44,4524,20241109,9,9,1
44,4901,20241109,8,8,1
44,4001,20241109,13,13,1
44,4407,20241109,2,2,1
44,4408,20241109,1,1,1
44,4604,20241109,8,8,1
44,4704,20241109,21,21,1
44,4434,20241109,22,22,1
44,4504,20241109,22,22,1
44,4102,20241109,10,10,1
44,4705,20241109,44,44,1
44,4464,20241109,3,3,1
44,4710,20241109,17,17,1
44,4427,20241109,16,16,1
44,4429,20241109,14,14,1
44,4542,20241109,12,12,1
44,4701,20241109,84,84,1
44,4463,20241109,3,3,1
44,4207,20241109,8,8,1
44,4544,20241109,4,4,1
44,4415,20241109,2,2,1
44,4632,20241109,11,11,1
44,4512,20241109,27,27,1
44,4428,20241109,4,4,1
44,4204,20241109,6,6,1
44,4409,20241109,12,12,1
44,4706,20241109,8,8,1
44,4621,20241109,12,11,0.9166666666666666
44,4103,20241109,4,4,1
44,4439,20241109,8,8,1
44,4516,20241109,12,11,0.9166666666666666
44,4501,20241109,24,24,1
44,4421,20241109,21,21,1
44,4730,20241109,26,26,1
44,4562,20241109,36,36,1
44,4107,20241109,3,2,0.6666666666666666
44,4403,20241109,34,34,1
44,4514,20241109,8,8,1
44,4453,20241109,10,10,1
44,4612,20241109,9,9,1
44,4482,20241109,6,6,1
44,4203,20241109,23,23,1
44,4422,20241109,28,28,1
44,4521,20241109,8,8,1
44,4602,20241109,38,36,0.9473684210526315
44,4320,20241109,6,6,1
44,4515,20241109,2,2,1
44,4725,20241109,44,43,0.9772727272727273
44,4715,20241109,8,8,1
44,4600,20241109,54,53,0.9814814814814815
44,4905,20241109,2,2,1
44,4531,20241109,4,4,1
44,4401,20241109,12,12,1
44,4513,20241109,8,7,0.875
44,4002,20241109,9,9,1
44,4404,20241109,37,35,0.9459459459459459
44,4481,20241109,6,6,1
44,4543,20241109,3,3,1
44,4472,20241109,6,6,1
44,4551,20241109,6,6,1
44,4707,20241109,6,6,1
44,4438,20241109,18,18,1
44,4412,20241109,32,32,1
44,4720,20241109,37,37,1
44,4436,20241109,28,28,1
44,4414,20241109,4,4,1
44,4106,20241109,2,2,1
41,1001,20241110,17,14,0.8235294117647058
41,1002,20241110,8,7,0.875
41,1003,20241110,20,17,0.85
41,1005,20241110,66,66,1
41,1006,20241110,6,5,0.8333333333333334
41,1009,20241110,4,4,1
41,1011,20241110,8,8,1
41,1014,20241110,11,11,1
41,1101,20241110,15,14,0.9333333333333333
41,1103,20241110,53,53,1
41,1105,20241110,24,24,1
41,1106,20241110,4,4,1
41,1107,20241110,14,14,1
41,1119,20241110,26,23,0.8846153846153846
41,1120,20241110,70,64,0.9142857142857143
41,1124,20241110,13,12,0.9230769230769231
41,1204,20241110,15,15,1
41,1205,20241110,27,27,1
41,1206,20241110,24,23,0.9583333333333334
41,1209,20241110,28,28,1
41,1210,20241110,12,12,1
41,1211,20241110,32,32,1
41,1212,20241110,73,71,0.9726027397260274
41,1213,20241110,14,14,1
41,1215,20241110,13,13,1
41,1216,20241110,12,12,1
41,1217,20241110,24,24,1
41,1218,20241110,56,56,1
41,1219,20241110,46,44,0.9565217391304348
41,1220,20241110,13,13,1
41,1221,20241110,13,13,1
41,1222,20241110,14,13,0.9285714285714286
41,1223,20241110,34,34,1
41,1224,20241110,16,16,1
41,1226,20241110,28,28,1
41,1228,20241110,13,13,1
41,1229,20241110,24,24,1
41,1230,20241110,17,16,0.9411764705882353
41,1232,20241110,13,13,1
41,1234,20241110,14,14,1
41,1235,20241110,26,25,0.9615384615384616
41,1236,20241110,26,25,0.9615384615384616
41,1240,20241110,14,14,1
41,1241,20241110,24,24,1
41,1242,20241110,19,19,1
41,1245,20241110,28,28,1
41,1247,20241110,12,12,1
41,1248,20241110,28,28,1
41,1249,20241110,26,26,1
41,1250,20241110,16,16,1
41,1251,20241110,48,46,0.9583333333333334
41,1252,20241110,39,35,0.8974358974358975
41,1253,20241110,35,34,0.9714285714285714
41,1254,20241110,27,27,1
41,1255,20241110,10,10,1
41,1502,20241110,50,50,1
41,1504,20241110,29,28,0.9655172413793104
41,1506,20241110,8,8,1
41,1507,20241110,19,19,1
41,1508,20241110,14,14,1
41,1509,20241110,12,12,1
41,1510,20241110,30,25,0.8333333333333334
41,1511,20241110,10,10,1
41,1512,20241110,14,14,1
41,1513,20241110,4,4,1
41,1514,20241110,38,38,1
41,1515,20241110,63,62,0.9841269841269841
41,1516,20241110,15,15,1
41,1517,20241110,16,16,1
41,1518,20241110,52,50,0.9615384615384616
41,1519,20241110,30,28,0.9333333333333333
41,1520,20241110,11,11,1
41,1521,20241110,3,3,1
41,1523,20241110,34,34,1
41,1524,20241110,11,11,1
41,1525,20241110,35,35,1
41,1527,20241110,24,24,1
41,1528,20241110,15,15,1
41,1529,20241110,15,15,1
41,1530,20241110,6,6,1
41,1601,20241110,26,26,1
41,1603,20241110,15,15,1
41,1604,20241110,54,50,0.9259259259259259
41,1606,20241110,28,28,1
41,1608,20241110,26,25,0.9615384615384616
41,1610,20241110,63,63,1
41,1612,20241110,12,12,1
41,1613,20241110,14,14,1
41,1614,20241110,30,29,0.9666666666666667
41,1615,20241110,16,15,0.9375
41,1622,20241110,36,36,1
41,1623,20241110,30,27,0.9
41,1624,20241110,44,44,1
41,1625,20241110,37,36,0.972972972972973
41,1628,20241110,9,9,1
41,1629,20241110,23,21,0.9130434782608695
41,1630,20241110,11,11,1
41,1631,20241110,21,21,1
41,1632,20241110,12,12,1
41,1633,20241110,14,14,1
41,1634,20241110,12,12,1
41,1635,20241110,16,14,0.875
41,1636,20241110,22,22,1
41,1637,20241110,12,12,1
41,1638,20241110,31,27,0.8709677419354839
41,1703,20241110,59,59,1
41,1704,20241110,32,32,1
41,1706,20241110,66,65,0.9848484848484849
41,1707,20241110,58,56,0.9655172413793104
41,1708,20241110,7,7,1
41,1709,20241110,85,83,0.9764705882352941
41,1710,20241110,36,33,0.9166666666666666
41,1711,20241110,23,23,1
41,1712,20241110,4,4,1
41,1713,20241110,37,37,1
41,1714,20241110,62,49,0.7903225806451613
41,1715,20241110,26,26,1
41,1716,20241110,15,15,1
41,1717,20241110,68,65,0.9558823529411765
41,1718,20241110,14,14,1
41,1719,20241110,14,14,1
41,1721,20241110,68,63,0.9264705882352942
41,1722,20241110,16,16,1
41,1724,20241110,14,14,1
41,1726,20241110,35,34,0.9714285714285714
41,1728,20241110,10,10,1
41,1730,20241110,4,4,1
41,1731,20241110,14,13,0.9285714285714286
41,1998,20241110,69,69,1
42,2002,20241110,3,3,1
42,2003,20241110,18,12,0.6666666666666666
42,2006,20241110,4,3,0.75
42,2008,20241110,2,1,0.5
42,2011,20241110,10,9,0.9
42,2021,20241110,13,13,1
42,2027,20241110,4,4,1
42,2028,20241110,4,4,1
42,2036,20241110,8,8,1
42,2116,20241110,2,2,1
42,2120,20241110,4,4,1
42,2126,20241110,14,14,1
42,2132,20241110,2,1,0.5
42,2203,20241110,19,18,0.9473684210526315
42,2205,20241110,5,5,1
42,2207,20241110,3,3,1
42,2208,20241110,4,4,1
42,2211,20241110,2,2,1
42,2212,20241110,18,18,1
42,2213,20241110,16,16,1
42,2221,20241110,27,25,0.9259259259259259
42,2224,20241110,19,19,1
42,2303,20241110,56,56,1
42,2306,20241110,9,9,1
42,2310,20241110,10,10,1
42,2317,20241110,24,24,1
42,2327,20241110,12,12,1
42,2328,20241110,35,35,1
42,2331,20241110,10,10,1
42,2333,20241110,35,35,1
42,2335,20241110,13,12,0.9230769230769231
42,2505,20241110,2,2,1
42,2513,20241110,8,8,1
42,2516,20241110,11,11,1
42,2517,20241110,20,20,1
42,2518,20241110,26,26,1
42,2519,20241110,4,4,1
42,2523,20241110,38,37,0.9736842105263158
42,2533,20241110,14,14,1
42,2538,20241110,46,46,1
42,2540,20241110,8,8,1
42,2605,20241110,24,24,1
42,2610,20241110,29,29,1
42,2611,20241110,24,24,1
42,2620,20241110,5,5,1
42,2621,20241110,11,11,1
42,2626,20241110,14,14,1
42,2702,20241110,66,66,1
42,2703,20241110,28,28,1
42,2706,20241110,26,26,1
42,2708,20241110,56,55,0.9821428571428571
42,2710,20241110,34,34,1
42,2711,20241110,57,55,0.9649122807017544
42,2713,20241110,33,33,1
42,2722,20241110,34,34,1
42,2725,20241110,52,51,0.9807692307692307
42,2727,20241110,37,36,0.972972972972973
42,2728,20241110,30,30,1
42,2729,20241110,30,30,1
42,2730,20241110,72,72,1
42,2733,20241110,7,7,1
42,2734,20241110,10,10,1
42,2736,20241110,33,32,0.9696969696969697
42,2740,20241110,13,13,1
42,2741,20241110,4,4,1
42,2750,20241110,38,38,1
42,2751,20241110,11,10,0.9090909090909091
42,2753,20241110,9,9,1
42,2754,20241110,26,25,0.9615384615384616
42,2761,20241110,10,10,1
42,2764,20241110,46,46,1
42,2769,20241110,140,134,0.9571428571428572
42,2772,20241110,77,76,0.987012987012987
42,2774,20241110,8,8,1
42,2776,20241110,41,41,1
42,2780,20241110,26,26,1
42,2782,20241110,12,12,1
42,2785,20241110,2,2,1
42,2790,20241110,69,68,0.9855072463768116
42,2794,20241110,32,32,1
42,2796,20241110,18,18,1
42,2801,20241110,6,6,1
42,2803,20241110,8,8,1
42,2812,20241110,14,14,1
42,2821,20241110,41,40,0.975609756097561
42,2822,20241110,67,67,1
42,2823,20241110,30,30,1
42,2833,20241110,17,17,1
42,2841,20241110,9,9,1
42,2842,20241110,3,3,1
42,2926,20241110,8,8,1
42,2927,20241110,8,8,1
43,3001,20241110,56,42,0.75
43,3003,20241110,40,40,1
43,3004,20241110,20,20,1
43,3007,20241110,24,13,0.5416666666666666
43,3008,20241110,14,12,0.8571428571428571
43,3009,20241110,21,16,0.7619047619047619
43,3011,20241110,30,24,0.8
43,3012,20241110,48,43,0.8958333333333334
43,3013,20241110,62,62,1
43,3014,20241110,19,17,0.8947368421052632
43,3015,20241110,20,20,1
43,3017,20241110,20,18,0.9
43,3019,20241110,7,7,1
43,3021,20241110,14,11,0.7857142857142857
43,3022,20241110,74,64,0.8648648648648649
43,3023,20241110,22,22,1
43,3024,20241110,24,21,0.875
43,3025,20241110,52,40,0.7692307692307693
43,3026,20241110,52,40,0.7692307692307693
43,3027,20241110,14,8,0.5714285714285714
43,3030,20241110,16,16,1
43,3034,20241110,23,18,0.782608695652174
43,3038,20241110,24,12,0.5
43,3040,20241110,37,36,0.972972972972973
43,3041,20241110,28,26,0.9285714285714286
43,3101,20241110,58,58,1
43,3103,20241110,27,27,1
43,3104,20241110,20,20,1
43,3105,20241110,62,60,0.967741935483871
43,3108,20241110,58,55,0.9482758620689655
43,3109,20241110,4,4,1
43,3111,20241110,32,32,1
43,3112,20241110,60,59,0.9833333333333333
43,3113,20241110,61,60,0.9836065573770492
43,3114,20241110,26,26,1
43,3118,20241110,10,10,1
43,3119,20241110,20,20,1
43,3120,20241110,4,4,1
43,3201,20241110,8,3,0.375
43,3203,20241110,6,4,0.6666666666666666
43,3204,20241110,3,2,0.6666666666666666
43,3205,20241110,6,6,1
43,3210,20241110,8,8,1
43,3212,20241110,3,3,1
43,3213,20241110,5,5,1
43,3220,20241110,15,15,1
43,3221,20241110,2,2,1
43,3222,20241110,12,10,0.8333333333333334
43,3502,20241110,15,15,1
43,3503,20241110,28,28,1
43,3504,20241110,20,20,1
43,3505,20241110,11,11,1
43,3506,20241110,28,28,1
43,3507,20241110,29,24,0.8275862068965517
43,3508,20241110,51,51,1
43,3509,20241110,16,16,1
43,3510,20241110,7,7,1
43,3511,20241110,8,8,1
43,3512,20241110,40,39,0.975
43,3513,20241110,35,32,0.9142857142857143
43,3514,20241110,20,20,1
43,3515,20241110,30,30,1
43,3516,20241110,26,26,1
43,3517,20241110,19,19,1
43,3521,20241110,17,17,1
43,3523,20241110,3,3,1
43,3524,20241110,15,14,0.9333333333333333
43,3525,20241110,30,27,0.9
43,3526,20241110,20,20,1
43,3535,20241110,4,4,1
43,3536,20241110,20,20,1
43,3541,20241110,10,10,1
43,3544,20241110,4,4,1
43,3545,20241110,8,8,1
43,3549,20241110,5,5,1
43,3620,20241110,64,64,1
43,3626,20241110,12,12,1
43,3635,20241110,12,12,1
43,3642,20241110,14,14,1
43,3703,20241110,60,54,0.9
43,3705,20241110,20,15,0.75
43,3706,20241110,12,8,0.6666666666666666
43,3708,20241110,12,12,1
43,3710,20241110,64,64,1
43,3715,20241110,14,14,1
43,3716,20241110,22,20,0.9090909090909091
43,3717,20241110,32,30,0.9375
43,3721,20241110,20,20,1
44,4440,20241110,16,16,1
44,4702,20241110,44,44,1
44,4441,20241110,28,28,1
44,4540,20241110,5,5,1
44,4524,20241110,9,9,1
44,4901,20241110,6,6,1
44,4001,20241110,8,8,1
44,4407,20241110,2,2,1
44,4408,20241110,1,1,1
44,4604,20241110,8,8,1
44,4704,20241110,21,21,1
44,4434,20241110,22,20,0.9090909090909091
44,4102,20241110,8,8,1
44,4504,20241110,17,17,1
44,4705,20241110,44,44,1
44,4464,20241110,3,3,1
44,4710,20241110,20,20,1
44,4427,20241110,8,8,1
44,4429,20241110,8,8,1
44,4463,20241110,3,3,1
44,4207,20241110,8,8,1
44,4544,20241110,3,3,1
44,4632,20241110,11,11,1
44,4512,20241110,21,21,1
44,4428,20241110,2,2,1
44,4204,20241110,4,4,1
44,4409,20241110,8,8,1
44,4706,20241110,8,8,1
44,4621,20241110,4,4,1
44,4720,20241110,37,37,1
44,4439,20241110,8,8,1
44,4516,20241110,8,8,1
44,4501,20241110,18,18,1
44,4421,20241110,21,21,1
44,4730,20241110,26,24,0.9230769230769231
44,4107,20241110,3,3,1
44,4403,20241110,24,24,1
44,4426,20241110,46,46,1
44,4514,20241110,6,6,1
44,4453,20241110,6,6,1
44,4612,20241110,4,4,1
44,4482,20241110,4,4,1
44,4203,20241110,16,16,1
44,4422,20241110,25,24,0.96
44,4562,20241110,36,36,1
44,4521,20241110,8,8,1
44,4602,20241110,38,38,1
44,4320,20241110,6,6,1
44,4725,20241110,44,42,0.9545454545454546
44,4715,20241110,8,8,1
44,4600,20241110,53,53,1
44,4401,20241110,8,8,1
44,4542,20241110,6,6,1
44,4605,20241110,4,4,1
44,4513,20241110,8,8,1
44,4701,20241110,72,72,1
44,4002,20241110,4,4,1
44,4404,20241110,37,36,0.972972972972973
44,4481,20241110,4,4,1
44,4543,20241110,3,3,1
44,4472,20241110,6,6,1
44,4551,20241110,6,6,1
44,4707,20241110,6,6,1
44,4438,20241110,18,18,1
44,4412,20241110,32,32,1
44,4436,20241110,28,28,1
44,4414,20241110,4,4,1
44,4106,20241110,2,2,1
41,1001,20241111,40,38,0.95
41,1002,20241111,21,18,0.8571428571428571
41,1003,20241111,80,72,0.9
41,1004,20241111,10,10,1
41,1005,20241111,87,85,0.9770114942528736
41,1006,20241111,9,9,1
41,1008,20241111,23,23,1
41,1009,20241111,15,15,1
41,1010,20241111,10,9,0.9
41,1011,20241111,20,18,0.9
41,1012,20241111,23,21,0.9130434782608695
41,1013,20241111,12,11,0.9166666666666666
41,1014,20241111,42,42,1
41,1015,20241111,20,18,0.9
41,1101,20241111,50,50,1
41,1103,20241111,76,74,0.9736842105263158
41,1105,20241111,13,13,1
41,1106,20241111,52,48,0.9230769230769231
41,1107,20241111,23,23,1
41,1109,20241111,10,10,1
41,1110,20241111,10,9,0.9
41,1111,20241111,18,14,0.7777777777777778
41,1113,20241111,10,10,1
41,1114,20241111,9,7,0.7777777777777778
41,1115,20241111,26,22,0.8461538461538461
41,1117,20241111,10,8,0.8
41,1119,20241111,2,2,1
41,1120,20241111,99,99,1
41,1121,20241111,14,11,0.7857142857142857
41,1122,20241111,18,18,1
41,1123,20241111,59,59,1
41,1124,20241111,27,22,0.8148148148148148
41,1125,20241111,14,14,1
41,1201,20241111,10,10,1
41,1204,20241111,45,45,1
41,1205,20241111,51,49,0.9607843137254902
41,1206,20241111,60,57,0.95
41,1208,20241111,18,18,1
41,1209,20241111,68,67,0.9852941176470589
41,1210,20241111,19,16,0.8421052631578947
41,1211,20241111,78,77,0.9871794871794872
41,1212,20241111,111,111,1
41,1213,20241111,40,39,0.975
41,1215,20241111,16,16,1
41,1216,20241111,25,25,1
41,1217,20241111,66,64,0.9696969696969697
41,1218,20241111,57,57,1
41,1219,20241111,59,59,1
41,1220,20241111,15,14,0.9333333333333333
41,1221,20241111,26,26,1
41,1222,20241111,28,27,0.9642857142857143
41,1223,20241111,58,58,1
41,1224,20241111,24,22,0.9166666666666666
41,1225,20241111,7,7,1
41,1226,20241111,78,75,0.9615384615384616
41,1228,20241111,26,25,0.9615384615384616
41,1229,20241111,45,41,0.9111111111111111
41,1230,20241111,42,39,0.9285714285714286
41,1231,20241111,4,4,1
41,1232,20241111,28,26,0.9285714285714286
41,1233,20241111,7,7,1
41,1234,20241111,43,43,1
41,1235,20241111,46,45,0.9782608695652174
41,1236,20241111,39,34,0.8717948717948718
41,1240,20241111,29,29,1
41,1241,20241111,48,47,0.9791666666666666
41,1242,20241111,40,39,0.975
41,1244,20241111,2,2,1
41,1245,20241111,56,55,0.9821428571428571
41,1247,20241111,21,21,1
41,1248,20241111,63,63,1
41,1249,20241111,58,58,1
41,1250,20241111,21,21,1
41,1251,20241111,69,68,0.9855072463768116
41,1252,20241111,45,45,1
41,1253,20241111,35,35,1
41,1254,20241111,52,52,1
41,1255,20241111,20,20,1
41,1501,20241111,20,18,0.9
41,1502,20241111,97,95,0.979381443298969
41,1503,20241111,43,41,0.9534883720930233
41,1506,20241111,33,33,1
41,1507,20241111,42,40,0.9523809523809523
41,1508,20241111,22,22,1
41,1509,20241111,43,40,0.9302325581395349
41,1510,20241111,64,57,0.890625
41,1511,20241111,21,21,1
41,1512,20241111,26,26,1
41,1513,20241111,29,29,1
41,1514,20241111,58,57,0.9827586206896551
41,1515,20241111,1,1,1
41,1516,20241111,32,32,1
41,1517,20241111,44,44,1
41,1518,20241111,80,78,0.975
41,1519,20241111,39,36,0.9230769230769231
41,1520,20241111,14,11,0.7857142857142857
41,1521,20241111,6,6,1
41,1522,20241111,46,41,0.8913043478260869
41,1523,20241111,70,68,0.9714285714285714
41,1524,20241111,48,48,1
41,1525,20241111,80,72,0.9
41,1527,20241111,45,42,0.9333333333333333
41,1528,20241111,34,33,0.9705882352941176
41,1529,20241111,45,42,0.9333333333333333
41,1530,20241111,6,6,1
41,1531,20241111,5,5,1
41,1601,20241111,85,82,0.9647058823529412
41,1603,20241111,28,26,0.9285714285714286
41,1604,20241111,86,85,0.9883720930232558
41,1605,20241111,12,12,1
41,1606,20241111,29,28,0.9655172413793104
41,1608,20241111,62,62,1
41,1609,20241111,6,5,0.8333333333333334
41,1610,20241111,34,34,1
41,1611,20241111,11,9,0.8181818181818182
41,1612,20241111,40,40,1
41,1613,20241111,32,32,1
41,1614,20241111,69,67,0.9710144927536232
41,1615,20241111,42,40,0.9523809523809523
41,1616,20241111,58,56,0.9655172413793104
41,1617,20241111,55,55,1
41,1622,20241111,61,61,1
41,1623,20241111,47,47,1
41,1624,20241111,60,60,1
41,1625,20241111,59,58,0.9830508474576272
41,1626,20241111,24,24,1
41,1627,20241111,29,28,0.9655172413793104
41,1628,20241111,12,12,1
41,1629,20241111,28,28,1
41,1630,20241111,14,14,1
41,1631,20241111,31,31,1
41,1632,20241111,24,24,1
41,1633,20241111,41,41,1
41,1634,20241111,19,19,1
41,1635,20241111,41,41,1
41,1636,20241111,39,35,0.8974358974358975
41,1637,20241111,18,18,1
41,1638,20241111,58,58,1
41,1701,20241111,26,26,1
41,1703,20241111,78,77,0.9871794871794872
41,1704,20241111,54,52,0.9629629629629629
41,1706,20241111,97,96,0.9896907216494846
41,1707,20241111,86,83,0.9651162790697675
41,1708,20241111,10,10,1
41,1709,20241111,145,139,0.9586206896551724
41,1710,20241111,95,94,0.9894736842105263
41,1711,20241111,66,66,1
41,1712,20241111,57,54,0.9473684210526315
41,1713,20241111,55,55,1
41,1714,20241111,92,89,0.967391304347826
41,1715,20241111,98,96,0.9795918367346939
41,1716,20241111,66,66,1
41,1717,20241111,94,93,0.9893617021276596
41,1718,20241111,24,23,0.9583333333333334
41,1719,20241111,33,33,1
41,1720,20241111,78,77,0.9871794871794872
41,1721,20241111,96,95,0.9895833333333334
41,1722,20241111,49,49,1
41,1723,20241111,65,63,0.9692307692307692
41,1724,20241111,87,87,1
41,1725,20241111,18,18,1
41,1726,20241111,48,48,1
41,1728,20241111,7,7,1
41,1729,20241111,19,19,1
41,1730,20241111,13,13,1
41,1731,20241111,20,20,1
41,1733,20241111,34,34,1
41,1998,20241111,50,50,1
42,2002,20241111,4,3,0.75
42,2003,20241111,23,21,0.9130434782608695
42,2004,20241111,14,13,0.9285714285714286
42,2006,20241111,30,30,1
42,2008,20241111,14,14,1
42,2011,20241111,20,17,0.85
42,2013,20241111,2,1,0.5
42,2014,20241111,6,6,1
42,2015,20241111,2,2,1
42,2016,20241111,16,15,0.9375
42,2017,20241111,4,4,1
42,2020,20241111,21,21,1
42,2026,20241111,30,30,1
42,2027,20241111,10,10,1
42,2028,20241111,9,9,1
42,2029,20241111,41,41,1
42,2030,20241111,38,36,0.9473684210526315
42,2031,20241111,35,34,0.9714285714285714
42,2032,20241111,18,18,1
42,2034,20241111,20,20,1
42,2035,20241111,17,17,1
42,2036,20241111,8,8,1
42,2037,20241111,16,16,1
42,2038,20241111,9,9,1
42,2039,20241111,29,29,1
42,2101,20241111,2,2,1
42,2102,20241111,2,2,1
42,2103,20241111,13,12,0.9230769230769231
42,2106,20241111,13,13,1
42,2107,20241111,3,3,1
42,2108,20241111,5,5,1
42,2109,20241111,3,3,1
42,2110,20241111,5,5,1
42,2111,20241111,2,2,1
42,2112,20241111,2,2,1
42,2113,20241111,2,2,1
42,2114,20241111,2,2,1
42,2115,20241111,2,2,1
42,2116,20241111,2,2,1
42,2117,20241111,17,16,0.9411764705882353
42,2118,20241111,7,6,0.8571428571428571
42,2119,20241111,4,3,0.75
42,2120,20241111,8,7,0.875
42,2121,20241111,4,3,0.75
42,2122,20241111,1,1,1
42,2124,20241111,6,6,1
42,2125,20241111,10,10,1
42,2126,20241111,32,32,1
42,2127,20241111,1,1,1
42,2128,20241111,3,3,1
42,2129,20241111,1,1,1
42,2130,20241111,2,2,1
42,2131,20241111,1,1,1
42,2132,20241111,2,2,1
42,2133,20241111,10,10,1
42,2134,20241111,4,2,0.5
42,2135,20241111,11,10,0.9090909090909091
42,2136,20241111,10,8,0.8
42,2137,20241111,2,2,1
42,2138,20241111,2,2,1
42,2139,20241111,2,2,1
42,2140,20241111,2,2,1
42,2141,20241111,12,12,1
42,2142,20241111,12,12,1
42,2144,20241111,4,4,1
42,2145,20241111,2,2,1
42,2146,20241111,7,7,1
42,2147,20241111,2,1,0.5
42,2148,20241111,2,2,1
42,2149,20241111,2,2,1
42,2150,20241111,2,2,1
42,2151,20241111,8,8,1
42,2152,20241111,6,6,1
42,2201,20241111,7,7,1
42,2202,20241111,47,47,1
42,2203,20241111,27,27,1
42,2204,20241111,12,12,1
42,2205,20241111,4,4,1
42,2206,20241111,40,40,1
42,2207,20241111,50,50,1
42,2208,20241111,15,15,1
42,2209,20241111,37,37,1
42,2210,20241111,14,14,1
42,2211,20241111,5,5,1
42,2212,20241111,37,35,0.9459459459459459
42,2213,20241111,7,7,1
42,2215,20241111,64,63,0.984375
42,2216,20241111,32,32,1
42,2217,20241111,20,20,1
42,2218,20241111,34,34,1
42,2219,20241111,37,37,1
42,2220,20241111,20,20,1
42,2221,20241111,5,5,1
42,2222,20241111,26,26,1
42,2223,20241111,40,40,1
42,2224,20241111,23,23,1
42,2225,20241111,18,18,1
42,2303,20241111,165,160,0.9696969696969697
42,2304,20241111,4,4,1
42,2306,20241111,35,34,0.9714285714285714
42,2307,20241111,28,27,0.9642857142857143
42,2309,20241111,38,36,0.9473684210526315
42,2310,20241111,38,38,1
42,2315,20241111,9,9,1
42,2316,20241111,3,3,1
42,2317,20241111,44,44,1
42,2318,20241111,34,34,1
42,2319,20241111,4,4,1
42,2325,20241111,19,19,1
42,2327,20241111,37,37,1
42,2328,20241111,56,54,0.9642857142857143
42,2329,20241111,12,12,1
42,2331,20241111,60,60,1
42,2333,20241111,61,60,0.9836065573770492
42,2335,20241111,35,35,1
42,2336,20241111,34,33,0.9705882352941176
42,2337,20241111,30,24,0.8
42,2502,20241111,6,6,1
42,2504,20241111,6,6,1
42,2505,20241111,14,14,1
42,2506,20241111,6,6,1
42,2511,20241111,19,17,0.8947368421052632
42,2513,20241111,18,17,0.9444444444444444
42,2515,20241111,51,49,0.9607843137254902
42,2516,20241111,9,9,1
42,2517,20241111,4,4,1
42,2518,20241111,30,30,1
42,2519,20241111,1,1,1
42,2521,20241111,1,1,1
42,2522,20241111,58,58,1
42,2523,20241111,20,20,1
42,2524,20241111,29,29,1
42,2525,20241111,21,21,1
42,2530,20241111,23,23,1
42,2532,20241111,46,45,0.9782608695652174
42,2533,20241111,23,21,0.9130434782608695
42,2534,20241111,12,12,1
42,2535,20241111,6,6,1
42,2536,20241111,21,21,1
42,2537,20241111,48,48,1
42,2538,20241111,12,12,1
42,2539,20241111,17,17,1
42,2540,20241111,16,16,1
42,2601,20241111,61,61,1
42,2605,20241111,50,49,0.98
42,2610,20241111,27,27,1
42,2611,20241111,18,18,1
42,2620,20241111,11,11,1
42,2621,20241111,7,6,0.8571428571428571
42,2625,20241111,4,4,1
42,2626,20241111,24,24,1
42,2627,20241111,8,7,0.875
42,2630,20241111,21,21,1
42,2632,20241111,52,51,0.9807692307692307
42,2701,20241111,33,33,1
42,2703,20241111,48,42,0.875
42,2706,20241111,115,115,1
42,2708,20241111,114,114,1
42,2709,20241111,8,8,1
42,2710,20241111,56,15,0.26785714285714285
42,2711,20241111,124,118,0.9516129032258065
42,2713,20241111,57,54,0.9473684210526315
42,2714,20241111,22,21,0.9545454545454546
42,2715,20241111,16,15,0.9375
42,2716,20241111,8,8,1
42,2717,20241111,24,24,1
42,2718,20241111,23,23,1
42,2719,20241111,28,28,1
42,2720,20241111,34,34,1
42,2722,20241111,70,68,0.9714285714285714
42,2723,20241111,13,13,1
42,2724,20241111,11,11,1
42,2725,20241111,103,98,0.9514563106796117
42,2726,20241111,10,10,1
42,2727,20241111,76,76,1
42,2728,20241111,68,68,1
42,2729,20241111,75,73,0.9733333333333334
42,2730,20241111,84,83,0.9880952380952381
42,2731,20241111,32,30,0.9375
42,2733,20241111,22,22,1
42,2734,20241111,23,23,1
42,2735,20241111,23,23,1
42,2736,20241111,59,56,0.9491525423728814
42,2740,20241111,39,39,1
42,2741,20241111,4,4,1
42,2742,20241111,2,2,1
42,2743,20241111,2,2,1
42,2744,20241111,11,10,0.9090909090909091
42,2745,20241111,2,2,1
42,2746,20241111,9,9,1
42,2750,20241111,38,37,0.9736842105263158
42,2751,20241111,16,16,1
42,2752,20241111,2,2,1
42,2753,20241111,9,9,1
42,2754,20241111,41,41,1
42,2755,20241111,7,7,1
42,2756,20241111,5,5,1
42,2758,20241111,7,7,1
42,2761,20241111,29,29,1
42,2762,20241111,30,30,1
42,2764,20241111,77,77,1
42,2765,20241111,11,11,1
42,2768,20241111,2,2,1
42,2769,20241111,176,132,0.75
42,2772,20241111,105,98,0.9333333333333333
42,2774,20241111,37,36,0.972972972972973
42,2776,20241111,64,63,0.984375
42,2780,20241111,11,11,1
42,2781,20241111,65,65,1
42,2785,20241111,14,14,1
42,2790,20241111,95,94,0.9894736842105263
42,2791,20241111,32,30,0.9375
42,2792,20241111,30,29,0.9666666666666667
42,2794,20241111,81,78,0.9629629629629629
42,2795,20241111,65,61,0.9384615384615385
42,2796,20241111,40,40,1
42,2797,20241111,68,68,1
42,2801,20241111,38,38,1
42,2802,20241111,20,20,1
42,2803,20241111,31,31,1
42,2804,20241111,39,38,0.9743589743589743
42,2805,20241111,13,13,1
42,2806,20241111,2,2,1
42,2807,20241111,4,4,1
42,2810,20241111,4,4,1
42,2811,20241111,15,15,1
42,2812,20241111,95,95,1
42,2813,20241111,2,2,1
42,2814,20241111,41,39,0.9512195121951219
42,2816,20241111,4,4,1
42,2818,20241111,2,2,1
42,2819,20241111,4,4,1
42,2820,20241111,4,4,1
42,2821,20241111,32,32,1
42,2822,20241111,14,14,1
42,2823,20241111,69,67,0.9710144927536232
42,2824,20241111,83,79,0.9518072289156626
42,2830,20241111,2,2,1
42,2831,20241111,79,76,0.9620253164556962
42,2833,20241111,7,7,1
42,2841,20241111,27,27,1
42,2842,20241111,11,11,1
42,2900,20241111,1,1,1
42,2901,20241111,8,7,0.875
42,2905,20241111,6,6,1
42,2906,20241111,6,4,0.6666666666666666
42,2908,20241111,4,4,1
42,2910,20241111,3,1,0.3333333333333333
42,2911,20241111,5,5,1
42,2913,20241111,4,4,1
42,2914,20241111,2,2,1
42,2915,20241111,1,1,1
42,2920,20241111,6,6,1
42,2921,20241111,28,28,1
42,2926,20241111,9,9,1
42,2927,20241111,24,22,0.9166666666666666
42,2928,20241111,9,9,1
43,3001,20241111,58,47,0.8103448275862069
43,3003,20241111,59,58,0.9830508474576272
43,3004,20241111,53,51,0.9622641509433962
43,3005,20241111,16,15,0.9375
43,3006,20241111,26,26,1
43,3007,20241111,61,57,0.9344262295081968
43,3008,20241111,24,23,0.9583333333333334
43,3009,20241111,54,53,0.9814814814814815
43,3011,20241111,56,55,0.9821428571428571
43,3012,20241111,76,76,1
43,3013,20241111,94,93,0.9893617021276596
43,3014,20241111,27,27,1
43,3015,20241111,20,19,0.95
43,3017,20241111,64,64,1
43,3018,20241111,4,4,1
43,3019,20241111,9,9,1
43,3020,20241111,18,11,0.6111111111111112
43,3021,20241111,46,46,1
43,3022,20241111,95,95,1
43,3023,20241111,52,50,0.9615384615384616
43,3024,20241111,61,60,0.9836065573770492
43,3025,20241111,68,60,0.8823529411764706
43,3026,20241111,81,75,0.9259259259259259
43,3027,20241111,51,47,0.9215686274509803
43,3028,20241111,18,18,1
43,3029,20241111,18,17,0.9444444444444444
43,3030,20241111,24,23,0.9583333333333334
43,3033,20241111,24,24,1
43,3034,20241111,37,36,0.972972972972973
43,3037,20241111,18,11,0.6111111111111112
43,3038,20241111,44,31,0.7045454545454546
43,3040,20241111,65,65,1
43,3041,20241111,52,52,1
43,3101,20241111,103,103,1
43,3103,20241111,70,70,1
43,3104,20241111,34,32,0.9411764705882353
43,3105,20241111,90,90,1
43,3106,20241111,21,21,1
43,3107,20241111,12,12,1
43,3108,20241111,103,103,1
43,3109,20241111,8,8,1
43,3110,20241111,15,15,1
43,3111,20241111,77,76,0.987012987012987
43,3112,20241111,82,82,1
43,3113,20241111,85,85,1
43,3114,20241111,36,35,0.9722222222222222
43,3116,20241111,49,48,0.9795918367346939
43,3118,20241111,52,52,1
43,3119,20241111,45,45,1
43,3120,20241111,16,16,1
43,3121,20241111,18,18,1
43,3201,20241111,13,13,1
43,3202,20241111,2,2,1
43,3203,20241111,8,7,0.875
43,3204,20241111,10,10,1
43,3205,20241111,6,5,0.8333333333333334
43,3206,20241111,3,3,1
43,3207,20241111,10,10,1
43,3208,20241111,14,14,1
43,3209,20241111,8,8,1
43,3210,20241111,7,7,1
43,3211,20241111,13,13,1
43,3212,20241111,9,7,0.7777777777777778
43,3213,20241111,14,14,1
43,3214,20241111,11,11,1
43,3215,20241111,9,9,1
43,3216,20241111,10,10,1
43,3217,20241111,11,11,1
43,3218,20241111,10,9,0.9
43,3220,20241111,20,20,1
43,3221,20241111,20,20,1
43,3222,20241111,27,26,0.9629629629629629
43,3502,20241111,1,1,1
43,3503,20241111,28,28,1
43,3504,20241111,54,52,0.9629629629629629
43,3505,20241111,19,19,1
43,3506,20241111,68,66,0.9705882352941176
43,3507,20241111,44,43,0.9772727272727273
43,3508,20241111,76,74,0.9736842105263158
43,3509,20241111,16,16,1
43,3510,20241111,9,9,1
43,3511,20241111,8,8,1
43,3512,20241111,60,55,0.9166666666666666
43,3513,20241111,58,57,0.9827586206896551
43,3514,20241111,34,34,1
43,3515,20241111,54,54,1
43,3516,20241111,58,55,0.9482758620689655
43,3517,20241111,59,58,0.9830508474576272
43,3518,20241111,12,12,1
43,3521,20241111,68,68,1
43,3523,20241111,30,30,1
43,3524,20241111,30,27,0.9
43,3525,20241111,54,51,0.9444444444444444
43,3526,20241111,80,80,1
43,3527,20241111,8,8,1
43,3528,20241111,10,10,1
43,3535,20241111,8,8,1
43,3536,20241111,30,28,0.9333333333333333
43,3540,20241111,10,10,1
43,3541,20241111,21,21,1
43,3543,20241111,14,14,1
43,3544,20241111,13,13,1
43,3545,20241111,17,16,0.9411764705882353
43,3546,20241111,14,13,0.9285714285714286
43,3547,20241111,16,16,1
43,3548,20241111,6,6,1
43,3549,20241111,15,14,0.9333333333333333
43,3601,20241111,42,42,1
43,3605,20241111,26,26,1
43,3615,20241111,30,30,1
43,3620,20241111,95,95,1
43,3625,20241111,8,8,1
43,3626,20241111,34,34,1
43,3635,20241111,21,21,1
43,3641,20241111,3,3,1
43,3642,20241111,24,24,1
43,3701,20241111,50,50,1
43,3702,20241111,43,43,1
43,3703,20241111,73,72,0.9863013698630136
43,3704,20241111,30,30,1
43,3705,20241111,56,56,1
43,3706,20241111,12,8,0.6666666666666666
43,3708,20241111,12,11,0.9166666666666666
43,3709,20241111,16,16,1
43,3710,20241111,82,82,1
43,3711,20241111,26,25,0.9615384615384616
43,3715,20241111,40,40,1
43,3716,20241111,47,44,0.9361702127659575
43,3717,20241111,55,55,1
43,3720,20241111,2,2,1
43,3721,20241111,51,51,1
44,4322,20241111,18,18,1
44,4440,20241111,8,8,1
44,4525,20241111,3,3,1
44,4702,20241111,96,96,1
44,4530,20241111,9,9,1
44,4540,20241111,19,19,1
44,4524,20241111,13,13,1
44,4532,20241111,15,15,1
44,4406,20241111,26,26,1
44,4427,20241111,27,25,0.9259259259259259
44,4901,20241111,11,11,1
44,4409,20241111,32,32,1
44,4001,20241111,15,15,1
44,4604,20241111,26,24,0.9230769230769231
44,4704,20241111,44,44,1
44,4433,20241111,2,2,1
44,4434,20241111,24,23,0.9583333333333334
44,4102,20241111,20,20,1
44,4620,20241111,12,12,1
44,4641,20241111,17,16,0.9411764705882353
44,4705,20241111,75,74,0.9866666666666667
44,4464,20241111,9,9,1
44,4710,20241111,55,51,0.9272727272727272
44,4541,20241111,2,2,1
44,4429,20241111,18,18,1
44,4545,20241111,4,4,1
44,4463,20241111,9,8,0.8888888888888888
44,4302,20241111,6,6,1
44,4207,20241111,11,9,0.8181818181818182
44,4544,20241111,16,16,1
44,4415,20241111,11,10,0.9090909090909091
44,4435,20241111,12,12,1
44,4632,20241111,25,25,1
44,4512,20241111,63,63,1
44,4428,20241111,24,22,0.9166666666666666
44,4204,20241111,18,18,1
44,4546,20241111,5,5,1
44,4548,20241111,5,5,1
44,4706,20241111,41,41,1
44,4549,20241111,6,5,0.8333333333333334
44,4621,20241111,30,29,0.9666666666666667
44,4310,20241111,7,7,1
44,4701,20241111,129,128,0.9922480620155039
44,4720,20241111,85,83,0.9764705882352941
44,4103,20241111,15,15,1
44,4202,20241111,9,9,1
44,4439,20241111,18,18,1
44,4516,20241111,22,21,0.9545454545454546
44,4307,20241111,22,22,1
44,4501,20241111,46,46,1
44,4431,20241111,17,15,0.8823529411764706
44,4503,20241111,8,8,1
44,4421,20241111,34,34,1
44,4107,20241111,6,6,1
44,4403,20241111,78,76,0.9743589743589743
44,4514,20241111,19,19,1
44,4426,20241111,66,65,0.9848484848484849
44,4453,20241111,2,2,1
44,4206,20241111,5,5,1
44,4612,20241111,15,15,1
44,4437,20241111,36,35,0.9722222222222222
44,4482,20241111,15,15,1
44,4203,20241111,43,43,1
44,4422,20241111,43,43,1
44,4504,20241111,48,47,0.9791666666666666
44,4562,20241111,72,72,1
44,4521,20241111,18,18,1
44,4313,20241111,6,6,1
44,4602,20241111,65,63,0.9692307692307692
44,4320,20241111,12,12,1
44,4303,20241111,9,9,1
44,4308,20241111,11,11,1
44,4560,20241111,34,34,1
44,4438,20241111,56,56,1
44,4730,20241111,26,26,1
44,4430,20241111,16,10,0.625
44,4402,20241111,7,6,0.8571428571428571
44,4416,20241111,5,5,1
44,4451,20241111,7,5,0.7142857142857143
44,4515,20241111,8,8,1
44,4725,20241111,66,66,1
44,4715,20241111,8,8,1
44,4520,20241111,3,3,1
44,4321,20241111,18,18,1
44,4600,20241111,100,100,1
44,4905,20241111,10,10,1
44,4906,20241111,4,4,1
44,4442,20241111,6,6,1
44,4305,20241111,19,19,1
44,4412,20241111,53,53,1
44,4531,20241111,19,18,0.9473684210526315
44,4205,20241111,9,8,0.8888888888888888
44,4401,20241111,24,18,0.75
44,4610,20241111,4,4,1
44,4410,20241111,27,26,0.9629629629629629
44,4542,20241111,16,16,1
44,4420,20241111,19,18,0.9473684210526315
44,4513,20241111,9,9,1
44,4104,20241111,8,8,1
44,4002,20241111,9,9,1
44,4404,20241111,38,38,1
44,4481,20241111,15,15,1
44,4312,20241111,18,18,1
44,4543,20241111,16,16,1
44,4472,20241111,6,6,1
44,4311,20241111,6,5,0.8333333333333334
44,4550,20241111,6,6,1
44,4551,20241111,21,21,1
44,4707,20241111,22,18,0.8181818181818182
44,4467,20241111,1,1,1
44,4468,20241111,2,2,1
44,4432,20241111,24,24,1
44,4441,20241111,53,53,1
44,4443,20241111,12,12,1
44,4465,20241111,2,2,1
44,4466,20241111,1,1,1
44,4304,20241111,10,10,1
44,4552,20241111,6,6,1
44,4611,20241111,21,20,0.9523809523809523
44,4419,20241111,2,2,1
44,4417,20241111,4,4,1
44,4208,20241111,4,4,1
44,4424,20241111,1,0,0
44,4425,20241111,2,2,1
44,4517,20241111,2,2,1
44,4902,20241111,3,3,1
44,4522,20241111,2,2,1
44,4523,20241111,2,2,1
44,4101,20241111,6,6,1
44,4105,20241111,7,7,1
44,4407,20241111,5,5,1
44,4436,20241111,53,51,0.9622641509433962
44,4711,20241111,3,3,1
44,4414,20241111,4,4,1
44,4301,20241111,5,5,1
44,4452,20241111,5,5,1
44,4106,20241111,5,5,1
44,4211,20241111,3,3,1
44,4212,20241111,3,3,1
41,1001,20241112,40,37,0.925
41,1002,20241112,21,17,0.8095238095238095
41,1003,20241112,80,74,0.925
41,1004,20241112,10,10,1
41,1005,20241112,87,84,0.9655172413793104
41,1006,20241112,9,8,0.8888888888888888
41,1008,20241112,23,23,1
41,1009,20241112,15,15,1
41,1010,20241112,10,10,1
41,1011,20241112,20,19,0.95
41,1012,20241112,23,20,0.8695652173913043
41,1013,20241112,12,11,0.9166666666666666
41,1014,20241112,42,42,1
41,1015,20241112,20,18,0.9
41,1101,20241112,50,50,1
41,1103,20241112,76,71,0.9342105263157895
41,1105,20241112,13,10,0.7692307692307693
41,1106,20241112,52,47,0.9038461538461539
41,1107,20241112,23,20,0.8695652173913043
41,1109,20241112,10,10,1
41,1110,20241112,10,9,0.9
41,1111,20241112,18,18,1
41,1113,20241112,10,10,1
41,1114,20241112,9,8,0.8888888888888888
41,1115,20241112,26,25,0.9615384615384616
41,1117,20241112,10,10,1
41,1119,20241112,2,1,0.5
41,1120,20241112,99,99,1
41,1121,20241112,14,12,0.8571428571428571
41,1122,20241112,18,18,1
41,1123,20241112,59,59,1
41,1124,20241112,27,27,1
41,1125,20241112,14,14,1
41,1201,20241112,10,10,1
41,1204,20241112,45,43,0.9555555555555556
41,1205,20241112,51,46,0.9019607843137255
41,1206,20241112,60,58,0.9666666666666667
41,1208,20241112,18,17,0.9444444444444444
41,1209,20241112,68,68,1
41,1210,20241112,19,17,0.8947368421052632
41,1211,20241112,78,78,1
41,1212,20241112,111,106,0.954954954954955
41,1213,20241112,40,40,1
41,1215,20241112,16,16,1
41,1216,20241112,25,24,0.96
41,1217,20241112,66,64,0.9696969696969697
41,1218,20241112,57,55,0.9649122807017544
41,1219,20241112,59,57,0.9661016949152542
41,1220,20241112,15,14,0.9333333333333333
41,1221,20241112,26,25,0.9615384615384616
41,1222,20241112,28,27,0.9642857142857143
41,1223,20241112,58,56,0.9655172413793104
41,1224,20241112,24,24,1
41,1225,20241112,7,7,1
41,1226,20241112,78,77,0.9871794871794872
41,1228,20241112,26,24,0.9230769230769231
41,1229,20241112,45,41,0.9111111111111111
41,1230,20241112,42,39,0.9285714285714286
41,1231,20241112,4,3,0.75
41,1232,20241112,28,27,0.9642857142857143
41,1233,20241112,7,6,0.8571428571428571
41,1234,20241112,43,43,1
41,1235,20241112,46,46,1
41,1236,20241112,39,38,0.9743589743589743
41,1240,20241112,29,29,1
41,1241,20241112,48,48,1
41,1242,20241112,40,34,0.85
41,1244,20241112,2,2,1
41,1245,20241112,56,56,1
41,1247,20241112,21,21,1
41,1248,20241112,63,62,0.9841269841269841
41,1249,20241112,58,58,1
41,1250,20241112,21,20,0.9523809523809523
41,1251,20241112,69,65,0.9420289855072463
41,1252,20241112,45,41,0.9111111111111111
41,1253,20241112,35,33,0.9428571428571428
41,1254,20241112,52,51,0.9807692307692307
41,1255,20241112,20,20,1
41,1501,20241112,20,19,0.95
41,1502,20241112,97,96,0.9896907216494846
41,1503,20241112,43,41,0.9534883720930233
41,1506,20241112,33,33,1
41,1507,20241112,42,40,0.9523809523809523
41,1508,20241112,22,22,1
41,1509,20241112,43,41,0.9534883720930233
41,1510,20241112,64,59,0.921875
41,1511,20241112,21,21,1
41,1512,20241112,26,25,0.9615384615384616
41,1513,20241112,29,29,1
41,1514,20241112,58,55,0.9482758620689655
41,1515,20241112,1,0,0
41,1516,20241112,32,32,1
41,1517,20241112,44,43,0.9772727272727273
41,1518,20241112,80,79,0.9875
41,1519,20241112,39,39,1
41,1520,20241112,14,13,0.9285714285714286
41,1521,20241112,6,4,0.6666666666666666
41,1522,20241112,46,42,0.9130434782608695
41,1523,20241112,70,65,0.9285714285714286
41,1524,20241112,48,45,0.9375
41,1525,20241112,80,77,0.9625
41,1527,20241112,45,44,0.9777777777777777
41,1528,20241112,34,33,0.9705882352941176
41,1529,20241112,45,42,0.9333333333333333
41,1530,20241112,6,6,1
41,1531,20241112,5,5,1
41,1601,20241112,85,83,0.9764705882352941
41,1603,20241112,28,28,1
41,1604,20241112,86,86,1
41,1605,20241112,12,12,1
41,1606,20241112,29,28,0.9655172413793104
41,1608,20241112,62,62,1
41,1609,20241112,6,6,1
41,1610,20241112,34,33,0.9705882352941176
41,1611,20241112,11,8,0.7272727272727273
41,1612,20241112,40,38,0.95
41,1613,20241112,32,31,0.96875
41,1614,20241112,69,67,0.9710144927536232
41,1615,20241112,42,39,0.9285714285714286
41,1616,20241112,58,57,0.9827586206896551
41,1617,20241112,55,55,1
41,1622,20241112,61,53,0.8688524590163934
41,1623,20241112,47,47,1
41,1624,20241112,60,60,1
41,1625,20241112,59,59,1
41,1626,20241112,24,24,1
41,1627,20241112,29,27,0.9310344827586207
41,1628,20241112,12,11,0.9166666666666666
41,1629,20241112,28,28,1
41,1630,20241112,14,14,1
41,1631,20241112,31,31,1
41,1632,20241112,24,24,1
41,1633,20241112,41,41,1
41,1634,20241112,19,19,1
41,1635,20241112,41,41,1
41,1636,20241112,39,35,0.8974358974358975
41,1637,20241112,18,18,1
41,1638,20241112,58,57,0.9827586206896551
41,1701,20241112,26,26,1
41,1703,20241112,78,76,0.9743589743589743
41,1704,20241112,54,45,0.8333333333333334
41,1706,20241112,97,84,0.865979381443299
41,1707,20241112,86,78,0.9069767441860465
41,1708,20241112,10,10,1
41,1709,20241112,145,141,0.9724137931034482
41,1710,20241112,95,92,0.968421052631579
41,1711,20241112,66,63,0.9545454545454546
41,1712,20241112,57,53,0.9298245614035088
41,1713,20241112,55,55,1
41,1714,20241112,92,91,0.9891304347826086
41,1715,20241112,98,98,1
41,1716,20241112,66,63,0.9545454545454546
41,1717,20241112,94,89,0.9468085106382979
41,1718,20241112,24,22,0.9166666666666666
41,1719,20241112,33,33,1
41,1720,20241112,78,77,0.9871794871794872
41,1721,20241112,96,94,0.9791666666666666
41,1722,20241112,49,48,0.9795918367346939
41,1723,20241112,65,59,0.9076923076923077
41,1724,20241112,87,81,0.9310344827586207
41,1725,20241112,18,18,1
41,1726,20241112,48,46,0.9583333333333334
41,1728,20241112,7,7,1
41,1729,20241112,19,18,0.9473684210526315
41,1730,20241112,13,13,1
41,1731,20241112,20,20,1
41,1733,20241112,34,34,1
41,1998,20241112,50,50,1
42,2002,20241112,4,4,1
42,2003,20241112,23,23,1
42,2004,20241112,14,13,0.9285714285714286
42,2006,20241112,30,30,1
42,2008,20241112,14,12,0.8571428571428571
42,2011,20241112,20,20,1
42,2013,20241112,2,2,1
42,2014,20241112,6,6,1
42,2015,20241112,2,2,1
42,2016,20241112,16,16,1
42,2017,20241112,4,4,1
42,2020,20241112,21,21,1
42,2026,20241112,30,30,1
42,2027,20241112,10,9,0.9
42,2028,20241112,9,9,1
42,2029,20241112,41,39,0.9512195121951219
42,2030,20241112,38,37,0.9736842105263158
42,2031,20241112,35,32,0.9142857142857143
42,2032,20241112,18,18,1
42,2034,20241112,20,20,1
42,2035,20241112,17,16,0.9411764705882353
42,2036,20241112,8,8,1
42,2037,20241112,16,15,0.9375
42,2038,20241112,9,9,1
42,2039,20241112,29,29,1
42,2101,20241112,2,2,1
42,2102,20241112,2,2,1
42,2103,20241112,13,12,0.9230769230769231
42,2106,20241112,13,13,1
42,2107,20241112,3,3,1
42,2108,20241112,5,5,1
42,2109,20241112,3,3,1
42,2110,20241112,5,5,1
42,2111,20241112,2,2,1
42,2112,20241112,2,2,1
42,2113,20241112,2,2,1
42,2114,20241112,2,2,1
42,2115,20241112,2,2,1
42,2116,20241112,2,2,1
42,2117,20241112,17,15,0.8823529411764706
42,2118,20241112,7,5,0.7142857142857143
42,2119,20241112,4,4,1
42,2120,20241112,8,8,1
42,2121,20241112,4,4,1
42,2122,20241112,1,1,1
42,2124,20241112,6,5,0.8333333333333334
42,2125,20241112,10,10,1
42,2126,20241112,32,31,0.96875
42,2127,20241112,1,1,1
42,2128,20241112,3,3,1
42,2129,20241112,1,1,1
42,2130,20241112,2,2,1
42,2131,20241112,1,1,1
42,2132,20241112,2,2,1
42,2133,20241112,10,10,1
42,2134,20241112,4,3,0.75
42,2135,20241112,11,11,1
42,2136,20241112,10,9,0.9
42,2137,20241112,2,2,1
42,2138,20241112,2,2,1
42,2139,20241112,2,2,1
42,2140,20241112,2,2,1
42,2141,20241112,12,11,0.9166666666666666
42,2142,20241112,12,12,1
42,2144,20241112,4,4,1
42,2145,20241112,2,2,1
42,2146,20241112,7,7,1
42,2147,20241112,2,2,1
42,2148,20241112,2,2,1
42,2149,20241112,2,2,1
42,2150,20241112,2,1,0.5
42,2151,20241112,8,8,1
42,2152,20241112,6,6,1
42,2201,20241112,7,6,0.8571428571428571
42,2202,20241112,47,47,1
42,2203,20241112,27,25,0.9259259259259259
42,2204,20241112,12,12,1
42,2205,20241112,4,4,1
42,2206,20241112,40,39,0.975
42,2207,20241112,50,50,1
42,2208,20241112,15,10,0.6666666666666666
42,2209,20241112,37,35,0.9459459459459459
42,2210,20241112,14,14,1
42,2211,20241112,5,5,1
42,2212,20241112,37,34,0.918918918918919
42,2213,20241112,7,7,1
42,2215,20241112,64,60,0.9375
42,2216,20241112,32,30,0.9375
42,2217,20241112,20,20,1
42,2218,20241112,34,30,0.8823529411764706
42,2219,20241112,37,31,0.8378378378378378
42,2220,20241112,20,19,0.95
42,2221,20241112,5,4,0.8
42,2222,20241112,26,25,0.9615384615384616
42,2223,20241112,40,40,1
42,2224,20241112,23,23,1
42,2225,20241112,18,17,0.9444444444444444
42,2303,20241112,165,158,0.9575757575757575
42,2304,20241112,4,4,1
42,2306,20241112,35,35,1
42,2307,20241112,28,28,1
42,2309,20241112,38,38,1
42,2310,20241112,38,37,0.9736842105263158
42,2315,20241112,9,9,1
42,2316,20241112,3,2,0.6666666666666666
42,2317,20241112,44,44,1
42,2318,20241112,34,34,1
42,2319,20241112,4,4,1
42,2325,20241112,19,16,0.8421052631578947
42,2327,20241112,37,34,0.918918918918919
42,2328,20241112,56,55,0.9821428571428571
42,2329,20241112,12,12,1
42,2331,20241112,60,59,0.9833333333333333
42,2333,20241112,61,61,1
42,2335,20241112,35,35,1
42,2336,20241112,34,34,1
42,2337,20241112,30,30,1
42,2502,20241112,6,6,1
42,2504,20241112,6,6,1
42,2505,20241112,14,14,1
42,2506,20241112,6,6,1
42,2511,20241112,19,19,1
42,2513,20241112,18,18,1
42,2515,20241112,51,50,0.9803921568627451
42,2516,20241112,9,9,1
42,2517,20241112,4,4,1
42,2518,20241112,30,30,1
42,2519,20241112,1,0,0
42,2521,20241112,1,1,1
42,2522,20241112,58,56,0.9655172413793104
42,2523,20241112,20,20,1
42,2524,20241112,29,28,0.9655172413793104
42,2525,20241112,21,21,1
42,2530,20241112,23,21,0.9130434782608695
42,2532,20241112,46,45,0.9782608695652174
42,2533,20241112,23,23,1
42,2534,20241112,12,12,1
42,2535,20241112,6,6,1
42,2536,20241112,21,21,1
42,2537,20241112,48,47,0.9791666666666666
42,2538,20241112,12,12,1
42,2539,20241112,17,15,0.8823529411764706
42,2540,20241112,16,15,0.9375
42,2601,20241112,61,60,0.9836065573770492
42,2605,20241112,50,49,0.98
42,2610,20241112,27,27,1
42,2611,20241112,18,17,0.9444444444444444
42,2620,20241112,11,11,1
42,2621,20241112,7,7,1
42,2625,20241112,4,4,1
42,2626,20241112,24,24,1
42,2627,20241112,8,8,1
42,2630,20241112,21,21,1
42,2632,20241112,52,51,0.9807692307692307
42,2701,20241112,33,33,1
42,2703,20241112,48,42,0.875
42,2706,20241112,115,113,0.9826086956521739
42,2708,20241112,114,111,0.9736842105263158
42,2709,20241112,8,7,0.875
42,2710,20241112,56,15,0.26785714285714285
42,2711,20241112,124,121,0.9758064516129032
42,2713,20241112,57,55,0.9649122807017544
42,2714,20241112,22,19,0.8636363636363636
42,2715,20241112,16,15,0.9375
42,2716,20241112,8,8,1
42,2717,20241112,24,24,1
42,2718,20241112,23,22,0.9565217391304348
42,2719,20241112,28,28,1
42,2720,20241112,34,34,1
42,2722,20241112,70,67,0.9571428571428572
42,2723,20241112,13,13,1
42,2724,20241112,11,11,1
42,2725,20241112,103,102,0.9902912621359223
42,2726,20241112,10,10,1
42,2727,20241112,76,74,0.9736842105263158
42,2728,20241112,68,67,0.9852941176470589
42,2729,20241112,75,75,1
42,2730,20241112,84,80,0.9523809523809523
42,2731,20241112,32,30,0.9375
42,2733,20241112,22,22,1
42,2734,20241112,23,22,0.9565217391304348
42,2735,20241112,23,23,1
42,2736,20241112,59,56,0.9491525423728814
42,2740,20241112,39,39,1
42,2741,20241112,4,4,1
42,2742,20241112,2,2,1
42,2743,20241112,2,2,1
42,2744,20241112,11,10,0.9090909090909091
42,2745,20241112,2,2,1
42,2746,20241112,9,9,1
42,2750,20241112,38,36,0.9473684210526315
42,2751,20241112,16,16,1
42,2752,20241112,2,2,1
42,2753,20241112,9,9,1
42,2754,20241112,41,40,0.975609756097561
42,2755,20241112,7,7,1
42,2756,20241112,5,5,1
42,2758,20241112,7,7,1
42,2761,20241112,29,29,1
42,2762,20241112,30,30,1
42,2764,20241112,77,73,0.948051948051948
42,2765,20241112,11,9,0.8181818181818182
42,2768,20241112,2,1,0.5
42,2769,20241112,176,131,0.7443181818181818
42,2772,20241112,105,97,0.9238095238095239
42,2774,20241112,37,36,0.972972972972973
42,2776,20241112,64,60,0.9375
42,2780,20241112,11,11,1
42,2781,20241112,65,65,1
42,2785,20241112,14,14,1
42,2790,20241112,95,89,0.9368421052631579
42,2791,20241112,32,31,0.96875
42,2792,20241112,30,30,1
42,2794,20241112,81,80,0.9876543209876543
42,2795,20241112,65,62,0.9538461538461539
42,2796,20241112,40,40,1
42,2797,20241112,68,67,0.9852941176470589
42,2801,20241112,38,37,0.9736842105263158
42,2802,20241112,20,19,0.95
42,2803,20241112,31,31,1
42,2804,20241112,39,39,1
42,2805,20241112,13,13,1
42,2806,20241112,2,2,1
42,2807,20241112,4,4,1
42,2810,20241112,4,3,0.75
42,2811,20241112,15,15,1
42,2812,20241112,95,86,0.9052631578947369
42,2813,20241112,2,1,0.5
42,2814,20241112,41,41,1
42,2816,20241112,4,3,0.75
42,2818,20241112,2,1,0.5
42,2819,20241112,4,3,0.75
42,2820,20241112,4,4,1
42,2821,20241112,32,30,0.9375
42,2822,20241112,14,14,1
42,2823,20241112,69,69,1
42,2824,20241112,83,79,0.9518072289156626
42,2830,20241112,2,2,1
42,2831,20241112,79,78,0.9873417721518988
42,2833,20241112,7,7,1
42,2841,20241112,27,27,1
42,2842,20241112,11,11,1
42,2900,20241112,1,1,1
42,2901,20241112,8,8,1
42,2905,20241112,6,6,1
42,2906,20241112,6,4,0.6666666666666666
42,2908,20241112,4,3,0.75
42,2910,20241112,3,3,1
42,2911,20241112,5,5,1
42,2913,20241112,4,4,1
42,2914,20241112,2,2,1
42,2915,20241112,1,1,1
42,2920,20241112,6,6,1
42,2921,20241112,28,24,0.8571428571428571
42,2926,20241112,9,9,1
42,2927,20241112,24,24,1
42,2928,20241112,9,5,0.5555555555555556
43,3001,20241112,58,58,1
43,3003,20241112,59,58,0.9830508474576272
43,3004,20241112,53,52,0.9811320754716981
43,3005,20241112,16,15,0.9375
43,3006,20241112,26,26,1
43,3007,20241112,61,60,0.9836065573770492
43,3008,20241112,24,23,0.9583333333333334
43,3009,20241112,54,48,0.8888888888888888
43,3011,20241112,56,54,0.9642857142857143
43,3012,20241112,76,76,1
43,3013,20241112,94,94,1
43,3014,20241112,27,27,1
43,3015,20241112,20,20,1
43,3017,20241112,64,60,0.9375
43,3018,20241112,4,4,1
43,3019,20241112,9,9,1
43,3020,20241112,18,13,0.7222222222222222
43,3021,20241112,46,43,0.9347826086956522
43,3022,20241112,95,95,1
43,3023,20241112,52,51,0.9807692307692307
43,3024,20241112,61,59,0.9672131147540983
43,3025,20241112,68,60,0.8823529411764706
43,3026,20241112,81,81,1
43,3027,20241112,51,49,0.9607843137254902
43,3028,20241112,18,18,1
43,3029,20241112,18,11,0.6111111111111112
43,3030,20241112,24,24,1
43,3033,20241112,24,24,1
43,3034,20241112,37,37,1
43,3037,20241112,18,18,1
43,3038,20241112,44,44,1
43,3040,20241112,65,65,1
43,3041,20241112,52,52,1
43,3101,20241112,103,101,0.9805825242718447
43,3103,20241112,70,68,0.9714285714285714
43,3104,20241112,34,33,0.9705882352941176
43,3105,20241112,90,90,1
43,3106,20241112,21,21,1
43,3107,20241112,12,12,1
43,3108,20241112,103,103,1
43,3109,20241112,8,7,0.875
43,3110,20241112,15,15,1
43,3111,20241112,77,74,0.961038961038961
43,3112,20241112,82,82,1
43,3113,20241112,85,85,1
43,3114,20241112,36,35,0.9722222222222222
43,3116,20241112,49,49,1
43,3118,20241112,52,50,0.9615384615384616
43,3119,20241112,45,44,0.9777777777777777
43,3120,20241112,16,16,1
43,3121,20241112,18,14,0.7777777777777778
43,3201,20241112,13,13,1
43,3202,20241112,2,2,1
43,3203,20241112,8,8,1
43,3204,20241112,10,10,1
43,3205,20241112,6,6,1
43,3206,20241112,3,3,1
43,3207,20241112,10,10,1
43,3208,20241112,14,14,1
43,3209,20241112,8,8,1
43,3210,20241112,7,7,1
43,3211,20241112,13,13,1
43,3212,20241112,9,8,0.8888888888888888
43,3213,20241112,14,14,1
43,3214,20241112,11,11,1
43,3215,20241112,9,9,1
43,3216,20241112,10,10,1
43,3217,20241112,11,11,1
43,3218,20241112,10,10,1
43,3220,20241112,20,20,1
43,3221,20241112,20,20,1
43,3222,20241112,27,25,0.9259259259259259
43,3502,20241112,1,1,1
43,3503,20241112,28,28,1
43,3504,20241112,54,53,0.9814814814814815
43,3505,20241112,19,18,0.9473684210526315
43,3506,20241112,68,68,1
43,3507,20241112,44,41,0.9318181818181818
43,3508,20241112,76,75,0.9868421052631579
43,3509,20241112,16,16,1
43,3510,20241112,9,8,0.8888888888888888
43,3511,20241112,8,8,1
43,3512,20241112,60,58,0.9666666666666667
43,3513,20241112,58,55,0.9482758620689655
43,3514,20241112,34,34,1
43,3515,20241112,54,54,1
43,3516,20241112,58,56,0.9655172413793104
43,3517,20241112,59,59,1
43,3518,20241112,12,12,1
43,3521,20241112,68,68,1
43,3523,20241112,30,28,0.9333333333333333
43,3524,20241112,30,27,0.9
43,3525,20241112,54,52,0.9629629629629629
43,3526,20241112,80,80,1
43,3527,20241112,8,8,1
43,3528,20241112,10,10,1
43,3535,20241112,8,8,1
43,3536,20241112,30,30,1
43,3540,20241112,10,10,1
43,3541,20241112,21,21,1
43,3543,20241112,14,14,1
43,3544,20241112,13,13,1
43,3545,20241112,17,17,1
43,3546,20241112,14,14,1
43,3547,20241112,16,16,1
43,3548,20241112,6,6,1
43,3549,20241112,15,15,1
43,3601,20241112,42,42,1
43,3605,20241112,26,26,1
43,3615,20241112,30,29,0.9666666666666667
43,3620,20241112,95,95,1
43,3625,20241112,8,8,1
43,3626,20241112,34,34,1
43,3635,20241112,21,21,1
43,3641,20241112,3,3,1
43,3642,20241112,24,23,0.9583333333333334
43,3701,20241112,50,50,1
43,3702,20241112,43,43,1
43,3703,20241112,73,73,1
43,3704,20241112,30,29,0.9666666666666667
43,3705,20241112,56,55,0.9821428571428571
43,3706,20241112,12,12,1
43,3708,20241112,12,12,1
43,3709,20241112,16,16,1
43,3710,20241112,82,80,0.975609756097561
43,3711,20241112,26,26,1
43,3715,20241112,40,40,1
43,3716,20241112,47,46,0.9787234042553191
43,3717,20241112,55,55,1
43,3720,20241112,2,2,1
43,3721,20241112,51,51,1
44,4322,20241112,18,18,1
44,4440,20241112,8,8,1
44,4525,20241112,3,3,1
44,4530,20241112,9,9,1
44,4540,20241112,19,19,1
44,4524,20241112,13,13,1
44,4532,20241112,15,15,1
44,4406,20241112,26,26,1
44,4427,20241112,27,23,0.8518518518518519
44,4409,20241112,32,31,0.96875
44,4001,20241112,15,15,1
44,4704,20241112,44,44,1
44,4433,20241112,2,2,1
44,4434,20241112,24,24,1
44,4102,20241112,20,20,1
44,4560,20241112,34,32,0.9411764705882353
44,4604,20241112,26,26,1
44,4620,20241112,12,12,1
44,4641,20241112,17,17,1
44,4705,20241112,75,75,1
44,4464,20241112,9,9,1
44,4710,20241112,55,52,0.9454545454545454
44,4541,20241112,2,2,1
44,4429,20241112,18,16,0.8888888888888888
44,4545,20241112,4,4,1
44,4463,20241112,9,9,1
44,4302,20241112,6,6,1
44,4207,20241112,11,11,1
44,4544,20241112,16,16,1
44,4415,20241112,11,11,1
44,4435,20241112,12,12,1
44,4632,20241112,25,25,1
44,4512,20241112,63,63,1
44,4428,20241112,24,23,0.9583333333333334
44,4204,20241112,18,18,1
44,4546,20241112,5,5,1
44,4548,20241112,5,5,1
44,4549,20241112,6,6,1
44,4706,20241112,41,41,1
44,4621,20241112,30,30,1
44,4310,20241112,7,7,1
44,4701,20241112,129,129,1
44,4105,20241112,7,7,1
44,4103,20241112,15,15,1
44,4720,20241112,85,82,0.9647058823529412
44,4202,20241112,9,9,1
44,4439,20241112,18,18,1
44,4516,20241112,22,21,0.9545454545454546
44,4307,20241112,22,22,1
44,4501,20241112,46,46,1
44,4431,20241112,17,17,1
44,4503,20241112,8,6,0.75
44,4421,20241112,34,34,1
44,4107,20241112,6,6,1
44,4403,20241112,78,77,0.9871794871794872
44,4514,20241112,19,19,1
44,4426,20241112,66,65,0.9848484848484849
44,4203,20241112,43,43,1
44,4453,20241112,2,2,1
44,4206,20241112,5,5,1
44,4612,20241112,15,15,1
44,4436,20241112,53,53,1
44,4437,20241112,36,36,1
44,4482,20241112,15,14,0.9333333333333333
44,4422,20241112,43,43,1
44,4504,20241112,48,48,1
44,4562,20241112,72,71,0.9861111111111112
44,4521,20241112,18,18,1
44,4313,20241112,6,6,1
44,4602,20241112,65,64,0.9846153846153847
44,4320,20241112,12,12,1
44,4303,20241112,9,9,1
44,4308,20241112,11,11,1
44,4438,20241112,56,56,1
44,4730,20241112,26,26,1
44,4430,20241112,16,14,0.875
44,4402,20241112,7,7,1
44,4416,20241112,5,5,1
44,4451,20241112,7,7,1
44,4515,20241112,8,8,1
44,4715,20241112,8,8,1
44,4520,20241112,3,3,1
44,4321,20241112,18,18,1
44,4600,20241112,100,100,1
44,4905,20241112,10,10,1
44,4906,20241112,4,4,1
44,4442,20241112,6,6,1
44,4412,20241112,53,53,1
44,4531,20241112,19,19,1
44,4205,20241112,9,8,0.8888888888888888
44,4401,20241112,24,19,0.7916666666666666
44,4610,20241112,4,4,1
44,4305,20241112,19,19,1
44,4542,20241112,16,16,1
44,4420,20241112,19,19,1
44,4513,20241112,9,9,1
44,4104,20241112,8,8,1
44,4002,20241112,9,9,1
44,4725,20241112,66,66,1
44,4404,20241112,38,38,1
44,4481,20241112,15,14,0.9333333333333333
44,4312,20241112,18,18,1
44,4543,20241112,16,16,1
44,4472,20241112,6,6,1
44,4311,20241112,6,5,0.8333333333333334
44,4550,20241112,6,6,1
44,4551,20241112,21,21,1
44,4707,20241112,22,22,1
44,4901,20241112,11,11,1
44,4467,20241112,1,1,1
44,4468,20241112,2,2,1
44,4432,20241112,24,24,1
44,4441,20241112,53,53,1
44,4443,20241112,12,12,1
44,4465,20241112,2,2,1
44,4466,20241112,1,1,1
44,4304,20241112,10,10,1
44,4552,20241112,6,5,0.8333333333333334
44,4611,20241112,21,21,1
44,4419,20241112,2,2,1
44,4417,20241112,4,4,1
44,4410,20241112,27,27,1
44,4208,20241112,4,3,0.75
44,4424,20241112,1,0,0
44,4425,20241112,2,2,1
44,4517,20241112,2,2,1
44,4902,20241112,3,3,1
44,4522,20241112,2,2,1
44,4523,20241112,2,2,1
44,4101,20241112,6,6,1
44,4407,20241112,5,5,1
44,4711,20241112,3,3,1
44,4414,20241112,4,4,1
44,4702,20241112,96,96,1
44,4301,20241112,5,4,0.8
44,4452,20241112,5,5,1
44,4106,20241112,5,5,1
44,4211,20241112,3,3,1
44,4212,20241112,3,3,1
41,1001,20241113,40,40,1
41,1002,20241113,21,19,0.9047619047619048
41,1003,20241113,80,76,0.95
41,1004,20241113,10,10,1
41,1005,20241113,87,82,0.9425287356321839
41,1006,20241113,9,9,1
41,1008,20241113,23,23,1
41,1009,20241113,15,15,1
41,1010,20241113,10,8,0.8
41,1011,20241113,20,18,0.9
41,1012,20241113,23,21,0.9130434782608695
41,1013,20241113,12,7,0.5833333333333334
41,1014,20241113,42,42,1
41,1015,20241113,20,20,1
41,1101,20241113,50,50,1
41,1103,20241113,76,71,0.9342105263157895
41,1105,20241113,13,13,1
41,1106,20241113,52,48,0.9230769230769231
41,1107,20241113,23,23,1
41,1109,20241113,10,9,0.9
41,1110,20241113,10,7,0.7
41,1111,20241113,18,18,1
41,1113,20241113,10,10,1
41,1114,20241113,9,8,0.8888888888888888
41,1115,20241113,26,26,1
41,1117,20241113,10,10,1
41,1119,20241113,2,2,1
41,1120,20241113,99,97,0.9797979797979798
41,1121,20241113,14,13,0.9285714285714286
41,1122,20241113,18,18,1
41,1123,20241113,59,59,1
41,1124,20241113,27,26,0.9629629629629629
41,1125,20241113,14,13,0.9285714285714286
41,1201,20241113,10,10,1
41,1204,20241113,45,42,0.9333333333333333
41,1205,20241113,51,51,1
41,1206,20241113,60,60,1
41,1208,20241113,18,16,0.8888888888888888
41,1209,20241113,68,64,0.9411764705882353
41,1210,20241113,19,18,0.9473684210526315
41,1211,20241113,78,71,0.9102564102564102
41,1212,20241113,111,109,0.9819819819819819
41,1213,20241113,40,40,1
41,1215,20241113,16,16,1
41,1216,20241113,25,24,0.96
41,1217,20241113,66,66,1
41,1218,20241113,57,53,0.9298245614035088
41,1219,20241113,59,58,0.9830508474576272
41,1220,20241113,15,14,0.9333333333333333
41,1221,20241113,26,26,1
41,1222,20241113,28,27,0.9642857142857143
41,1223,20241113,58,58,1
41,1224,20241113,24,24,1
41,1225,20241113,7,7,1
41,1226,20241113,78,78,1
41,1228,20241113,26,25,0.9615384615384616
41,1229,20241113,45,42,0.9333333333333333
41,1230,20241113,42,40,0.9523809523809523
41,1231,20241113,4,4,1
41,1232,20241113,28,28,1
41,1233,20241113,7,7,1
41,1234,20241113,43,43,1
41,1235,20241113,46,41,0.8913043478260869
41,1236,20241113,39,35,0.8974358974358975
41,1240,20241113,29,29,1
41,1241,20241113,48,48,1
41,1242,20241113,40,39,0.975
41,1244,20241113,2,2,1
41,1245,20241113,56,56,1
41,1247,20241113,21,21,1
41,1248,20241113,63,63,1
41,1249,20241113,58,58,1
41,1250,20241113,21,21,1
41,1251,20241113,69,68,0.9855072463768116
41,1252,20241113,45,45,1
41,1253,20241113,35,35,1
41,1254,20241113,52,52,1
41,1255,20241113,20,20,1
41,1501,20241113,20,18,0.9
41,1502,20241113,97,90,0.9278350515463918
41,1503,20241113,43,40,0.9302325581395349
41,1506,20241113,33,33,1
41,1507,20241113,42,39,0.9285714285714286
41,1508,20241113,22,22,1
41,1509,20241113,43,41,0.9534883720930233
41,1510,20241113,64,57,0.890625
41,1511,20241113,21,21,1
41,1512,20241113,26,24,0.9230769230769231
41,1513,20241113,29,29,1
41,1514,20241113,58,55,0.9482758620689655
41,1515,20241113,1,1,1
41,1516,20241113,32,32,1
41,1517,20241113,44,44,1
41,1518,20241113,80,80,1
41,1519,20241113,39,39,1
41,1520,20241113,14,13,0.9285714285714286
41,1521,20241113,6,5,0.8333333333333334
41,1522,20241113,46,43,0.9347826086956522
41,1523,20241113,70,69,0.9857142857142858
41,1524,20241113,48,48,1
41,1525,20241113,80,78,0.975
41,1527,20241113,45,45,1
41,1528,20241113,34,33,0.9705882352941176
41,1529,20241113,45,44,0.9777777777777777
41,1530,20241113,6,6,1
41,1531,20241113,5,5,1
41,1601,20241113,85,83,0.9764705882352941
41,1603,20241113,28,28,1
41,1604,20241113,86,80,0.9302325581395349
41,1605,20241113,12,12,1
41,1606,20241113,29,28,0.9655172413793104
41,1608,20241113,62,62,1
41,1609,20241113,6,6,1
41,1610,20241113,34,34,1
41,1611,20241113,11,11,1
41,1612,20241113,40,37,0.925
41,1613,20241113,32,32,1
41,1614,20241113,69,66,0.9565217391304348
41,1615,20241113,42,40,0.9523809523809523
41,1616,20241113,58,56,0.9655172413793104
41,1617,20241113,55,55,1
41,1622,20241113,61,58,0.9508196721311475
41,1623,20241113,47,47,1
41,1624,20241113,60,60,1
41,1625,20241113,59,58,0.9830508474576272
41,1626,20241113,24,24,1
41,1627,20241113,29,28,0.9655172413793104
41,1628,20241113,12,12,1
41,1629,20241113,28,28,1
41,1630,20241113,14,14,1
41,1631,20241113,31,31,1
41,1632,20241113,24,22,0.9166666666666666
41,1633,20241113,41,41,1
41,1634,20241113,19,19,1
41,1635,20241113,41,41,1
41,1636,20241113,39,34,0.8717948717948718
41,1637,20241113,18,18,1
41,1638,20241113,58,58,1
41,1701,20241113,26,26,1
41,1703,20241113,78,78,1
41,1704,20241113,54,51,0.9444444444444444
41,1706,20241113,97,95,0.979381443298969
41,1707,20241113,86,73,0.8488372093023255
41,1708,20241113,10,10,1
41,1709,20241113,145,133,0.9172413793103448
41,1710,20241113,95,94,0.9894736842105263
41,1711,20241113,66,65,0.9848484848484849
41,1712,20241113,57,56,0.9824561403508771
41,1713,20241113,55,55,1
41,1714,20241113,92,83,0.9021739130434783
41,1715,20241113,98,93,0.9489795918367347
41,1716,20241113,66,66,1
41,1717,20241113,94,91,0.9680851063829787
41,1718,20241113,24,22,0.9166666666666666
41,1719,20241113,33,31,0.9393939393939394
41,1720,20241113,78,76,0.9743589743589743
41,1721,20241113,96,94,0.9791666666666666
41,1722,20241113,49,49,1
41,1723,20241113,65,60,0.9230769230769231
41,1724,20241113,87,85,0.9770114942528736
41,1725,20241113,18,18,1
41,1726,20241113,48,48,1
41,1728,20241113,7,7,1
41,1729,20241113,19,19,1
41,1730,20241113,13,13,1
41,1731,20241113,20,20,1
41,1733,20241113,34,34,1
41,1998,20241113,50,50,1
42,2002,20241113,4,4,1
42,2003,20241113,23,23,1
42,2004,20241113,14,14,1
42,2006,20241113,30,30,1
42,2008,20241113,14,14,1
42,2011,20241113,20,20,1
42,2013,20241113,2,2,1
42,2014,20241113,6,6,1
42,2015,20241113,2,2,1
42,2016,20241113,16,16,1
42,2017,20241113,4,4,1
42,2020,20241113,21,21,1
42,2026,20241113,30,29,0.9666666666666667
42,2027,20241113,10,9,0.9
42,2028,20241113,9,9,1
42,2029,20241113,41,40,0.975609756097561
42,2030,20241113,38,38,1
42,2031,20241113,35,33,0.9428571428571428
42,2032,20241113,18,17,0.9444444444444444
42,2034,20241113,20,19,0.95
42,2035,20241113,17,17,1
42,2036,20241113,8,8,1
42,2037,20241113,16,15,0.9375
42,2038,20241113,9,9,1
42,2039,20241113,29,29,1
42,2101,20241113,2,2,1
42,2102,20241113,2,2,1
42,2103,20241113,13,12,0.9230769230769231
42,2106,20241113,13,13,1
42,2107,20241113,3,3,1
42,2108,20241113,5,5,1
42,2109,20241113,3,2,0.6666666666666666
42,2110,20241113,5,4,0.8
42,2111,20241113,2,2,1
42,2112,20241113,2,2,1
42,2113,20241113,2,2,1
42,2114,20241113,2,2,1
42,2115,20241113,2,2,1
42,2116,20241113,2,2,1
42,2117,20241113,17,17,1
42,2118,20241113,6,5,0.8333333333333334
42,2119,20241113,4,3,0.75
42,2120,20241113,8,8,1
42,2121,20241113,4,3,0.75
42,2122,20241113,1,1,1
42,2124,20241113,6,6,1
42,2125,20241113,10,10,1
42,2126,20241113,32,32,1
42,2127,20241113,1,1,1
42,2128,20241113,3,3,1
42,2129,20241113,1,1,1
42,2130,20241113,2,2,1
42,2131,20241113,1,1,1
42,2132,20241113,2,2,1
42,2133,20241113,10,10,1
42,2134,20241113,4,2,0.5
42,2135,20241113,11,11,1
42,2136,20241113,10,9,0.9
42,2137,20241113,2,2,1
42,2138,20241113,2,2,1
42,2139,20241113,2,2,1
42,2140,20241113,2,2,1
42,2141,20241113,12,11,0.9166666666666666
42,2142,20241113,12,12,1
42,2144,20241113,4,4,1
42,2145,20241113,2,2,1
42,2146,20241113,7,7,1
42,2147,20241113,2,2,1
42,2148,20241113,2,2,1
42,2149,20241113,2,2,1
42,2150,20241113,2,2,1
42,2151,20241113,8,8,1
42,2152,20241113,6,6,1
42,2201,20241113,7,7,1
42,2202,20241113,47,44,0.9361702127659575
42,2203,20241113,27,27,1
42,2204,20241113,12,12,1
42,2205,20241113,4,4,1
42,2206,20241113,40,40,1
42,2207,20241113,50,50,1
42,2208,20241113,15,13,0.8666666666666667
42,2209,20241113,37,37,1
42,2210,20241113,14,13,0.9285714285714286
42,2211,20241113,5,5,1
42,2212,20241113,37,29,0.7837837837837838
42,2213,20241113,7,7,1
42,2215,20241113,64,54,0.84375
42,2216,20241113,32,31,0.96875
42,2217,20241113,20,20,1
42,2218,20241113,34,33,0.9705882352941176
42,2219,20241113,37,35,0.9459459459459459
42,2220,20241113,20,19,0.95
42,2221,20241113,5,5,1
42,2222,20241113,26,25,0.9615384615384616
42,2223,20241113,40,38,0.95
42,2224,20241113,23,23,1
42,2225,20241113,18,18,1
42,2303,20241113,165,165,1
42,2304,20241113,4,4,1
42,2306,20241113,35,34,0.9714285714285714
42,2307,20241113,28,27,0.9642857142857143
42,2309,20241113,38,38,1
42,2310,20241113,38,38,1
42,2315,20241113,9,9,1
42,2316,20241113,3,2,0.6666666666666666
42,2317,20241113,44,44,1
42,2318,20241113,34,34,1
42,2319,20241113,4,4,1
42,2325,20241113,19,19,1
42,2327,20241113,37,35,0.9459459459459459
42,2328,20241113,56,56,1
42,2329,20241113,12,12,1
42,2331,20241113,60,60,1
42,2333,20241113,61,61,1
42,2335,20241113,35,35,1
42,2336,20241113,34,34,1
42,2337,20241113,30,29,0.9666666666666667
42,2502,20241113,6,6,1
42,2504,20241113,6,6,1
42,2505,20241113,14,14,1
42,2506,20241113,6,6,1
42,2511,20241113,19,19,1
42,2513,20241113,18,17,0.9444444444444444
42,2515,20241113,51,49,0.9607843137254902
42,2516,20241113,9,9,1
42,2517,20241113,4,4,1
42,2518,20241113,30,30,1
42,2519,20241113,1,1,1
42,2521,20241113,1,1,1
42,2522,20241113,58,58,1
42,2523,20241113,20,20,1
42,2524,20241113,29,29,1
42,2525,20241113,21,21,1
42,2530,20241113,23,23,1
42,2532,20241113,46,46,1
42,2533,20241113,23,23,1
42,2534,20241113,12,12,1
42,2535,20241113,6,6,1
42,2536,20241113,21,21,1
42,2537,20241113,48,46,0.9583333333333334
42,2538,20241113,12,12,1
42,2539,20241113,17,16,0.9411764705882353
42,2540,20241113,16,16,1
42,2601,20241113,61,58,0.9508196721311475
42,2605,20241113,50,50,1
42,2610,20241113,27,27,1
42,2611,20241113,18,18,1
42,2620,20241113,11,11,1
42,2621,20241113,7,7,1
42,2625,20241113,4,4,1
42,2626,20241113,23,23,1
42,2627,20241113,8,8,1
42,2630,20241113,21,21,1
42,2632,20241113,52,52,1
42,2701,20241113,33,33,1
42,2703,20241113,48,42,0.875
42,2706,20241113,115,113,0.9826086956521739
42,2708,20241113,114,113,0.9912280701754386
42,2709,20241113,8,8,1
42,2710,20241113,56,16,0.2857142857142857
42,2711,20241113,124,119,0.9596774193548387
42,2713,20241113,57,55,0.9649122807017544
42,2714,20241113,22,18,0.8181818181818182
42,2715,20241113,16,15,0.9375
42,2716,20241113,8,8,1
42,2717,20241113,24,24,1
42,2718,20241113,23,22,0.9565217391304348
42,2719,20241113,28,28,1
42,2720,20241113,34,32,0.9411764705882353
42,2722,20241113,70,69,0.9857142857142858
42,2723,20241113,13,13,1
42,2724,20241113,11,11,1
42,2725,20241113,103,102,0.9902912621359223
42,2726,20241113,10,10,1
42,2727,20241113,76,76,1
42,2728,20241113,68,61,0.8970588235294118
42,2729,20241113,75,72,0.96
42,2730,20241113,84,83,0.9880952380952381
42,2731,20241113,32,25,0.78125
42,2733,20241113,22,22,1
42,2734,20241113,23,23,1
42,2735,20241113,23,23,1
42,2736,20241113,59,57,0.9661016949152542
42,2740,20241113,39,39,1
42,2741,20241113,4,4,1
42,2742,20241113,2,2,1
42,2743,20241113,2,2,1
42,2744,20241113,11,11,1
42,2745,20241113,2,2,1
42,2746,20241113,9,9,1
42,2750,20241113,38,37,0.9736842105263158
42,2751,20241113,16,16,1
42,2752,20241113,2,2,1
42,2753,20241113,9,9,1
42,2754,20241113,41,40,0.975609756097561
42,2755,20241113,7,7,1
42,2756,20241113,5,5,1
42,2758,20241113,7,7,1
42,2761,20241113,29,29,1
42,2762,20241113,30,30,1
42,2764,20241113,77,75,0.974025974025974
42,2765,20241113,11,10,0.9090909090909091
42,2768,20241113,2,2,1
42,2769,20241113,176,125,0.7102272727272727
42,2772,20241113,105,99,0.9428571428571428
42,2774,20241113,37,37,1
42,2776,20241113,64,62,0.96875
42,2780,20241113,11,11,1
42,2781,20241113,65,64,0.9846153846153847
42,2785,20241113,14,14,1
42,2790,20241113,95,94,0.9894736842105263
42,2791,20241113,32,32,1
42,2792,20241113,30,30,1
42,2794,20241113,81,80,0.9876543209876543
42,2795,20241113,65,63,0.9692307692307692
42,2796,20241113,40,40,1
42,2797,20241113,68,67,0.9852941176470589
42,2801,20241113,38,36,0.9473684210526315
42,2802,20241113,20,18,0.9
42,2803,20241113,31,31,1
42,2804,20241113,39,39,1
42,2805,20241113,13,13,1
42,2806,20241113,2,2,1
42,2807,20241113,4,4,1
42,2810,20241113,4,4,1
42,2811,20241113,15,15,1
42,2812,20241113,95,92,0.968421052631579
42,2813,20241113,2,2,1
42,2814,20241113,41,40,0.975609756097561
42,2816,20241113,4,4,1
42,2818,20241113,2,2,1
42,2819,20241113,4,4,1
42,2820,20241113,4,4,1
42,2821,20241113,32,32,1
42,2822,20241113,14,14,1
42,2823,20241113,69,67,0.9710144927536232
42,2824,20241113,83,78,0.9397590361445783
42,2830,20241113,2,2,1
42,2831,20241113,79,79,1
42,2833,20241113,7,7,1
42,2841,20241113,27,27,1
42,2842,20241113,11,11,1
42,2900,20241113,1,1,1
42,2901,20241113,8,8,1
42,2905,20241113,6,6,1
42,2906,20241113,6,5,0.8333333333333334
42,2908,20241113,4,3,0.75
42,2910,20241113,3,3,1
42,2911,20241113,5,4,0.8
42,2913,20241113,4,4,1
42,2914,20241113,2,2,1
42,2915,20241113,1,1,1
42,2920,20241113,6,6,1
42,2921,20241113,28,26,0.9285714285714286
42,2926,20241113,9,9,1
42,2927,20241113,24,21,0.875
42,2928,20241113,9,7,0.7777777777777778
43,3001,20241113,58,54,0.9310344827586207
43,3003,20241113,59,59,1
43,3004,20241113,53,53,1
43,3005,20241113,16,16,1
43,3006,20241113,26,26,1
43,3007,20241113,61,60,0.9836065573770492
43,3008,20241113,24,24,1
43,3009,20241113,54,53,0.9814814814814815
43,3011,20241113,56,54,0.9642857142857143
43,3012,20241113,76,73,0.9605263157894737
43,3013,20241113,94,92,0.9787234042553191
43,3014,20241113,27,27,1
43,3015,20241113,20,20,1
43,3017,20241113,64,64,1
43,3018,20241113,4,4,1
43,3019,20241113,9,8,0.8888888888888888
43,3020,20241113,18,15,0.8333333333333334
43,3021,20241113,46,46,1
43,3022,20241113,95,95,1
43,3023,20241113,52,47,0.9038461538461539
43,3024,20241113,61,61,1
43,3025,20241113,68,58,0.8529411764705882
43,3026,20241113,81,81,1
43,3027,20241113,51,48,0.9411764705882353
43,3028,20241113,18,17,0.9444444444444444
43,3029,20241113,18,11,0.6111111111111112
43,3030,20241113,24,24,1
43,3033,20241113,24,24,1
43,3034,20241113,37,37,1
43,3037,20241113,18,15,0.8333333333333334
43,3038,20241113,44,44,1
43,3040,20241113,65,65,1
43,3041,20241113,52,52,1
43,3101,20241113,103,103,1
43,3103,20241113,70,70,1
43,3104,20241113,34,34,1
43,3105,20241113,90,90,1
43,3106,20241113,21,21,1
43,3107,20241113,12,12,1
43,3108,20241113,103,103,1
43,3109,20241113,8,8,1
43,3110,20241113,15,15,1
43,3111,20241113,77,77,1
43,3112,20241113,82,81,0.9878048780487805
43,3113,20241113,85,84,0.9882352941176471
43,3114,20241113,36,35,0.9722222222222222
43,3116,20241113,49,47,0.9591836734693877
43,3118,20241113,52,51,0.9807692307692307
43,3119,20241113,45,45,1
43,3120,20241113,16,16,1
43,3121,20241113,18,18,1
43,3201,20241113,13,13,1
43,3202,20241113,2,2,1
43,3203,20241113,8,7,0.875
43,3204,20241113,10,10,1
43,3205,20241113,6,6,1
43,3206,20241113,3,3,1
43,3207,20241113,10,10,1
43,3208,20241113,14,14,1
43,3209,20241113,8,8,1
43,3210,20241113,7,7,1
43,3211,20241113,13,13,1
43,3212,20241113,9,8,0.8888888888888888
43,3213,20241113,14,12,0.8571428571428571
43,3214,20241113,11,11,1
43,3215,20241113,9,9,1
43,3216,20241113,10,10,1
43,3217,20241113,11,11,1
43,3218,20241113,10,9,0.9
43,3220,20241113,20,20,1
43,3221,20241113,20,19,0.95
43,3222,20241113,27,25,0.9259259259259259
43,3502,20241113,1,1,1
43,3503,20241113,28,27,0.9642857142857143
43,3504,20241113,54,53,0.9814814814814815
43,3505,20241113,19,19,1
43,3506,20241113,68,66,0.9705882352941176
43,3507,20241113,44,43,0.9772727272727273
43,3508,20241113,76,74,0.9736842105263158
43,3509,20241113,16,16,1
43,3510,20241113,9,9,1
43,3511,20241113,8,8,1
43,3512,20241113,60,59,0.9833333333333333
43,3513,20241113,58,57,0.9827586206896551
43,3514,20241113,34,34,1
43,3515,20241113,54,54,1
43,3516,20241113,58,58,1
43,3517,20241113,59,58,0.9830508474576272
43,3518,20241113,12,12,1
43,3521,20241113,68,68,1
43,3523,20241113,30,29,0.9666666666666667
43,3524,20241113,30,30,1
43,3525,20241113,54,51,0.9444444444444444
43,3526,20241113,80,78,0.975
43,3527,20241113,8,8,1
43,3528,20241113,10,10,1
43,3535,20241113,8,8,1
43,3536,20241113,30,29,0.9666666666666667
43,3540,20241113,10,10,1
43,3541,20241113,21,21,1
43,3543,20241113,14,14,1
43,3544,20241113,13,13,1
43,3545,20241113,17,17,1
43,3546,20241113,14,14,1
43,3547,20241113,16,16,1
43,3548,20241113,6,6,1
43,3549,20241113,15,15,1
43,3601,20241113,42,41,0.9761904761904762
43,3605,20241113,26,26,1
43,3615,20241113,30,30,1
43,3620,20241113,95,95,1
43,3625,20241113,8,8,1
43,3626,20241113,34,34,1
43,3635,20241113,21,20,0.9523809523809523
43,3641,20241113,3,3,1
43,3642,20241113,24,24,1
43,3701,20241113,50,49,0.98
43,3702,20241113,43,41,0.9534883720930233
43,3703,20241113,73,70,0.958904109589041
43,3704,20241113,30,30,1
43,3705,20241113,56,56,1
43,3706,20241113,12,11,0.9166666666666666
43,3708,20241113,12,12,1
43,3709,20241113,16,16,1
43,3710,20241113,82,82,1
43,3711,20241113,26,26,1
43,3715,20241113,40,39,0.975
43,3716,20241113,47,47,1
43,3717,20241113,55,54,0.9818181818181818
43,3720,20241113,2,2,1
43,3721,20241113,51,51,1
44,4322,20241113,18,17,0.9444444444444444
44,4403,20241113,78,74,0.9487179487179487
44,4440,20241113,8,8,1
44,4525,20241113,3,3,1
44,4530,20241113,9,9,1
44,4540,20241113,19,18,0.9473684210526315
44,4524,20241113,13,13,1
44,4203,20241113,43,43,1
44,4532,20241113,15,15,1
44,4427,20241113,27,27,1
44,4406,20241113,26,26,1
44,4001,20241113,15,15,1
44,4704,20241113,44,44,1
44,4433,20241113,2,2,1
44,4434,20241113,24,23,0.9583333333333334
44,4102,20241113,20,20,1
44,4560,20241113,34,31,0.9117647058823529
44,4620,20241113,12,12,1
44,4641,20241113,17,17,1
44,4705,20241113,75,73,0.9733333333333334
44,4710,20241113,55,53,0.9636363636363636
44,4541,20241113,2,2,1
44,4429,20241113,18,17,0.9444444444444444
44,4545,20241113,4,4,1
44,4463,20241113,9,7,0.7777777777777778
44,4302,20241113,6,6,1
44,4207,20241113,11,10,0.9090909090909091
44,4544,20241113,16,16,1
44,4415,20241113,11,11,1
44,4435,20241113,12,12,1
44,4464,20241113,9,9,1
44,4632,20241113,25,25,1
44,4428,20241113,24,23,0.9583333333333334
44,4204,20241113,18,18,1
44,4546,20241113,5,5,1
44,4548,20241113,5,5,1
44,4549,20241113,6,5,0.8333333333333334
44,4706,20241113,41,41,1
44,4621,20241113,30,28,0.9333333333333333
44,4310,20241113,6,6,1
44,4701,20241113,129,127,0.9844961240310077
44,4105,20241113,7,7,1
44,4720,20241113,85,84,0.9882352941176471
44,4202,20241113,9,9,1
44,4439,20241113,18,18,1
44,4516,20241113,22,22,1
44,4307,20241113,22,22,1
44,4431,20241113,17,14,0.8235294117647058
44,4501,20241113,46,46,1
44,4421,20241113,34,34,1
44,4107,20241113,6,6,1
44,4514,20241113,19,19,1
44,4426,20241113,66,66,1
44,4453,20241113,2,2,1
44,4206,20241113,5,5,1
44,4409,20241113,32,32,1
44,4612,20241113,15,15,1
44,4436,20241113,53,53,1
44,4482,20241113,15,14,0.9333333333333333
44,4552,20241113,6,5,0.8333333333333334
44,4504,20241113,48,48,1
44,4562,20241113,72,72,1
44,4521,20241113,18,18,1
44,4313,20241113,6,6,1
44,4503,20241113,8,6,0.75
44,4320,20241113,12,12,1
44,4602,20241113,65,64,0.9846153846153847
44,4303,20241113,9,9,1
44,4308,20241113,11,11,1
44,4438,20241113,56,55,0.9821428571428571
44,4730,20241113,26,26,1
44,4430,20241113,16,10,0.625
44,4402,20241113,7,7,1
44,4416,20241113,5,5,1
44,4451,20241113,7,7,1
44,4515,20241113,8,8,1
44,4715,20241113,8,8,1
44,4520,20241113,2,2,1
44,4321,20241113,18,18,1
44,4600,20241113,100,100,1
44,4905,20241113,10,10,1
44,4906,20241113,4,4,1
44,4442,20241113,6,6,1
44,4412,20241113,53,53,1
44,4531,20241113,19,19,1
44,4205,20241113,9,8,0.8888888888888888
44,4610,20241113,4,4,1
44,4401,20241113,24,20,0.8333333333333334
44,4422,20241113,43,43,1
44,4305,20241113,19,19,1
44,4542,20241113,16,16,1
44,4420,20241113,19,19,1
44,4512,20241113,63,61,0.9682539682539683
44,4513,20241113,9,9,1
44,4104,20241113,8,8,1
44,4002,20241113,9,8,0.8888888888888888
44,4103,20241113,15,14,0.9333333333333333
44,4725,20241113,66,64,0.9696969696969697
44,4481,20241113,15,13,0.8666666666666667
44,4312,20241113,18,18,1
44,4437,20241113,36,36,1
44,4543,20241113,16,16,1
44,4472,20241113,6,6,1
44,4311,20241113,5,4,0.8
44,4550,20241113,6,5,0.8333333333333334
44,4551,20241113,21,21,1
44,4707,20241113,22,22,1
44,4901,20241113,11,11,1
44,4467,20241113,1,1,1
44,4468,20241113,2,2,1
44,4441,20241113,53,53,1
44,4432,20241113,24,24,1
44,4407,20241113,5,5,1
44,4443,20241113,12,12,1
44,4465,20241113,2,2,1
44,4466,20241113,1,1,1
44,4304,20241113,10,10,1
44,4611,20241113,21,21,1
44,4419,20241113,2,2,1
44,4417,20241113,4,4,1
44,4410,20241113,27,27,1
44,4404,20241113,38,35,0.9210526315789473
44,4208,20241113,4,4,1
44,4424,20241113,1,0,0
44,4425,20241113,2,2,1
44,4517,20241113,2,2,1
44,4604,20241113,26,26,1
44,4902,20241113,3,3,1
44,4522,20241113,2,2,1
44,4523,20241113,2,2,1
44,4101,20241113,6,6,1
44,4711,20241113,3,3,1
44,4414,20241113,4,4,1
44,4702,20241113,96,95,0.9895833333333334
44,4301,20241113,5,5,1
44,4452,20241113,5,5,1
44,4106,20241113,5,5,1
44,4211,20241113,3,3,1
44,4212,20241113,2,2,1
41,1001,20241114,40,38,0.95
41,1002,20241114,21,17,0.8095238095238095
41,1003,20241114,80,73,0.9125
41,1004,20241114,10,10,1
41,1005,20241114,87,87,1
41,1006,20241114,9,9,1
41,1008,20241114,23,23,1
41,1009,20241114,15,15,1
41,1010,20241114,10,9,0.9
41,1011,20241114,20,16,0.8
41,1012,20241114,23,20,0.8695652173913043
41,1013,20241114,12,12,1
41,1014,20241114,42,41,0.9761904761904762
41,1015,20241114,20,18,0.9
41,1101,20241114,50,46,0.92
41,1103,20241114,76,69,0.9078947368421053
41,1105,20241114,13,12,0.9230769230769231
41,1106,20241114,52,43,0.8269230769230769
41,1107,20241114,23,23,1
41,1109,20241114,10,10,1
41,1110,20241114,10,10,1
41,1111,20241114,18,18,1
41,1113,20241114,10,7,0.7
41,1114,20241114,9,5,0.5555555555555556
41,1115,20241114,26,26,1
41,1117,20241114,10,10,1
41,1119,20241114,2,2,1
41,1120,20241114,99,97,0.9797979797979798
41,1121,20241114,14,13,0.9285714285714286
41,1122,20241114,18,18,1
41,1123,20241114,59,59,1
41,1124,20241114,27,27,1
41,1125,20241114,14,14,1
41,1201,20241114,10,10,1
41,1204,20241114,45,44,0.9777777777777777
41,1205,20241114,51,50,0.9803921568627451
41,1206,20241114,60,59,0.9833333333333333
41,1208,20241114,18,18,1
41,1209,20241114,68,68,1
41,1210,20241114,19,18,0.9473684210526315
41,1211,20241114,78,78,1
41,1212,20241114,111,106,0.954954954954955
41,1213,20241114,40,40,1
41,1215,20241114,16,15,0.9375
41,1216,20241114,25,25,1
41,1217,20241114,66,66,1
41,1218,20241114,57,57,1
41,1219,20241114,59,58,0.9830508474576272
41,1220,20241114,15,14,0.9333333333333333
41,1221,20241114,26,26,1
41,1222,20241114,28,27,0.9642857142857143
41,1223,20241114,58,55,0.9482758620689655
41,1224,20241114,24,20,0.8333333333333334
41,1225,20241114,7,7,1
41,1226,20241114,78,77,0.9871794871794872
41,1228,20241114,26,26,1
41,1229,20241114,45,41,0.9111111111111111
41,1230,20241114,42,40,0.9523809523809523
41,1231,20241114,4,4,1
41,1232,20241114,28,28,1
41,1233,20241114,7,7,1
41,1234,20241114,43,37,0.8604651162790697
41,1235,20241114,46,46,1
41,1236,20241114,39,37,0.9487179487179487
41,1240,20241114,29,29,1
41,1241,20241114,48,48,1
41,1242,20241114,40,38,0.95
41,1244,20241114,2,2,1
41,1245,20241114,56,56,1
41,1247,20241114,21,21,1
41,1248,20241114,63,60,0.9523809523809523
41,1249,20241114,58,58,1
41,1250,20241114,21,21,1
41,1251,20241114,69,69,1
41,1252,20241114,45,45,1
41,1253,20241114,35,33,0.9428571428571428
41,1254,20241114,52,52,1
41,1255,20241114,20,20,1
41,1501,20241114,20,17,0.85
41,1502,20241114,97,97,1
41,1503,20241114,43,42,0.9767441860465116
41,1506,20241114,33,33,1
41,1507,20241114,42,38,0.9047619047619048
41,1508,20241114,22,22,1
41,1509,20241114,43,42,0.9767441860465116
41,1510,20241114,64,62,0.96875
41,1511,20241114,21,21,1
41,1512,20241114,26,26,1
41,1513,20241114,29,29,1
41,1514,20241114,58,55,0.9482758620689655
41,1515,20241114,1,1,1
41,1516,20241114,32,32,1
41,1517,20241114,44,37,0.8409090909090909
41,1518,20241114,80,79,0.9875
41,1519,20241114,39,39,1
41,1520,20241114,14,13,0.9285714285714286
41,1521,20241114,6,4,0.6666666666666666
41,1522,20241114,46,41,0.8913043478260869
41,1523,20241114,70,69,0.9857142857142858
41,1524,20241114,48,48,1
41,1525,20241114,80,78,0.975
41,1527,20241114,45,45,1
41,1528,20241114,34,33,0.9705882352941176
41,1529,20241114,45,44,0.9777777777777777
41,1530,20241114,6,6,1
41,1531,20241114,5,4,0.8
41,1601,20241114,85,85,1
41,1603,20241114,28,28,1
41,1604,20241114,86,84,0.9767441860465116
41,1605,20241114,12,12,1
41,1606,20241114,29,28,0.9655172413793104
41,1608,20241114,62,62,1
41,1609,20241114,6,6,1
41,1610,20241114,34,34,1
41,1611,20241114,11,11,1
41,1612,20241114,40,40,1
41,1613,20241114,32,31,0.96875
41,1614,20241114,69,69,1
41,1615,20241114,42,42,1
41,1616,20241114,58,57,0.9827586206896551
41,1617,20241114,55,55,1
41,1622,20241114,61,61,1
41,1623,20241114,47,47,1
41,1624,20241114,60,59,0.9833333333333333
41,1625,20241114,59,59,1
41,1626,20241114,24,24,1
41,1627,20241114,29,27,0.9310344827586207
41,1628,20241114,12,12,1
41,1629,20241114,28,28,1
41,1630,20241114,14,14,1
41,1631,20241114,31,31,1
41,1632,20241114,24,24,1
41,1633,20241114,41,41,1
41,1634,20241114,19,19,1
41,1635,20241114,41,40,0.975609756097561
41,1636,20241114,39,36,0.9230769230769231
41,1637,20241114,18,18,1
41,1638,20241114,58,58,1
41,1701,20241114,26,26,1
41,1703,20241114,78,77,0.9871794871794872
41,1704,20241114,54,47,0.8703703703703703
41,1706,20241114,97,92,0.9484536082474226
41,1707,20241114,86,80,0.9302325581395349
41,1708,20241114,10,10,1
41,1709,20241114,145,138,0.9517241379310345
41,1710,20241114,95,95,1
41,1711,20241114,66,66,1
41,1712,20241114,57,55,0.9649122807017544
41,1713,20241114,55,55,1
41,1714,20241114,92,90,0.9782608695652174
41,1715,20241114,98,98,1
41,1716,20241114,66,65,0.9848484848484849
41,1717,20241114,94,92,0.9787234042553191
41,1718,20241114,24,23,0.9583333333333334
41,1719,20241114,33,33,1
41,1720,20241114,78,75,0.9615384615384616
41,1721,20241114,96,95,0.9895833333333334
41,1722,20241114,49,42,0.8571428571428571
41,1723,20241114,65,62,0.9538461538461539
41,1724,20241114,87,83,0.9540229885057471
41,1725,20241114,18,18,1
41,1726,20241114,48,48,1
41,1728,20241114,7,7,1
41,1729,20241114,19,18,0.9473684210526315
41,1730,20241114,13,13,1
41,1731,20241114,20,20,1
41,1733,20241114,34,34,1
41,1998,20241114,50,44,0.88
42,2002,20241114,4,4,1
42,2003,20241114,23,22,0.9565217391304348
42,2004,20241114,14,14,1
42,2006,20241114,30,29,0.9666666666666667
42,2008,20241114,14,13,0.9285714285714286
42,2011,20241114,20,19,0.95
42,2013,20241114,2,2,1
42,2014,20241114,6,6,1
42,2015,20241114,2,2,1
42,2016,20241114,16,16,1
42,2017,20241114,4,3,0.75
42,2020,20241114,21,21,1
42,2026,20241114,30,30,1
42,2027,20241114,10,10,1
42,2028,20241114,9,9,1
42,2029,20241114,41,41,1
42,2030,20241114,38,35,0.9210526315789473
42,2031,20241114,35,32,0.9142857142857143
42,2032,20241114,18,17,0.9444444444444444
42,2034,20241114,20,18,0.9
42,2035,20241114,17,14,0.8235294117647058
42,2036,20241114,8,8,1
42,2037,20241114,16,16,1
42,2038,20241114,9,9,1
42,2039,20241114,29,29,1
42,2101,20241114,2,2,1
42,2102,20241114,2,2,1
42,2103,20241114,13,13,1
42,2106,20241114,13,13,1
42,2107,20241114,3,3,1
42,2108,20241114,5,5,1
42,2109,20241114,3,3,1
42,2110,20241114,5,5,1
42,2111,20241114,2,2,1
42,2112,20241114,2,1,0.5
42,2113,20241114,2,2,1
42,2114,20241114,2,2,1
42,2115,20241114,2,2,1
42,2116,20241114,2,2,1
42,2117,20241114,17,16,0.9411764705882353
42,2118,20241114,7,6,0.8571428571428571
42,2119,20241114,4,4,1
42,2120,20241114,8,8,1
42,2121,20241114,4,4,1
42,2122,20241114,1,1,1
42,2124,20241114,6,6,1
42,2125,20241114,10,10,1
42,2126,20241114,32,31,0.96875
42,2127,20241114,1,1,1
42,2128,20241114,3,2,0.6666666666666666
42,2129,20241114,1,1,1
42,2130,20241114,2,2,1
42,2131,20241114,1,1,1
42,2132,20241114,2,2,1
42,2133,20241114,10,10,1
42,2134,20241114,4,4,1
42,2135,20241114,11,9,0.8181818181818182
42,2136,20241114,10,9,0.9
42,2137,20241114,2,2,1
42,2138,20241114,2,2,1
42,2139,20241114,2,2,1
42,2140,20241114,2,2,1
42,2141,20241114,12,12,1
42,2142,20241114,12,11,0.9166666666666666
42,2144,20241114,4,4,1
42,2145,20241114,2,2,1
42,2146,20241114,7,7,1
42,2147,20241114,2,1,0.5
42,2148,20241114,2,2,1
42,2149,20241114,2,2,1
42,2150,20241114,2,2,1
42,2151,20241114,8,7,0.875
42,2152,20241114,6,6,1
42,2201,20241114,7,7,1
42,2202,20241114,47,42,0.8936170212765957
42,2203,20241114,27,26,0.9629629629629629
42,2204,20241114,12,11,0.9166666666666666
42,2205,20241114,4,4,1
42,2206,20241114,40,40,1
42,2207,20241114,50,49,0.98
42,2208,20241114,15,15,1
42,2209,20241114,37,37,1
42,2210,20241114,14,13,0.9285714285714286
42,2211,20241114,5,5,1
42,2212,20241114,37,35,0.9459459459459459
42,2213,20241114,7,7,1
42,2215,20241114,64,63,0.984375
42,2216,20241114,32,32,1
42,2217,20241114,20,19,0.95
42,2218,20241114,34,33,0.9705882352941176
42,2219,20241114,37,37,1
42,2220,20241114,20,20,1
42,2221,20241114,5,5,1
42,2222,20241114,26,26,1
42,2223,20241114,40,40,1
42,2224,20241114,23,22,0.9565217391304348
42,2225,20241114,18,18,1
42,2303,20241114,165,164,0.9939393939393939
42,2304,20241114,4,4,1
42,2306,20241114,35,20,0.5714285714285714
42,2307,20241114,28,27,0.9642857142857143
42,2309,20241114,38,38,1
42,2310,20241114,38,37,0.9736842105263158
42,2315,20241114,9,9,1
42,2316,20241114,3,3,1
42,2317,20241114,44,44,1
42,2318,20241114,34,34,1
42,2319,20241114,4,4,1
42,2325,20241114,19,19,1
42,2327,20241114,37,36,0.972972972972973
42,2328,20241114,56,56,1
42,2329,20241114,12,12,1
42,2331,20241114,60,59,0.9833333333333333
42,2333,20241114,61,59,0.9672131147540983
42,2335,20241114,35,35,1
42,2336,20241114,34,33,0.9705882352941176
42,2337,20241114,30,30,1
42,2501,20241114,2,2,1
42,2502,20241114,6,6,1
42,2504,20241114,6,6,1
42,2505,20241114,14,14,1
42,2506,20241114,6,6,1
42,2511,20241114,19,19,1
42,2513,20241114,18,18,1
42,2515,20241114,51,49,0.9607843137254902
42,2516,20241114,9,9,1
42,2517,20241114,4,4,1
42,2518,20241114,30,30,1
42,2519,20241114,1,1,1
42,2521,20241114,1,1,1
42,2522,20241114,58,58,1
42,2523,20241114,20,20,1
42,2524,20241114,29,29,1
42,2525,20241114,21,21,1
42,2530,20241114,23,23,1
42,2532,20241114,46,46,1
42,2533,20241114,23,23,1
42,2534,20241114,12,8,0.6666666666666666
42,2535,20241114,6,5,0.8333333333333334
42,2536,20241114,21,21,1
42,2537,20241114,48,48,1
42,2538,20241114,12,12,1
42,2539,20241114,17,16,0.9411764705882353
42,2540,20241114,16,16,1
42,2601,20241114,61,59,0.9672131147540983
42,2605,20241114,50,50,1
42,2610,20241114,27,27,1
42,2611,20241114,18,18,1
42,2620,20241114,11,10,0.9090909090909091
42,2621,20241114,7,7,1
42,2625,20241114,4,4,1
42,2626,20241114,24,24,1
42,2627,20241114,8,8,1
42,2630,20241114,21,21,1
42,2632,20241114,52,51,0.9807692307692307
42,2701,20241114,33,30,0.9090909090909091
42,2703,20241114,48,44,0.9166666666666666
42,2706,20241114,115,112,0.9739130434782609
42,2708,20241114,114,114,1
42,2709,20241114,8,8,1
42,2710,20241114,56,16,0.2857142857142857
42,2711,20241114,124,117,0.9435483870967742
42,2713,20241114,57,56,0.9824561403508771
42,2714,20241114,22,16,0.7272727272727273
42,2715,20241114,16,16,1
42,2716,20241114,8,8,1
42,2717,20241114,24,24,1
42,2718,20241114,23,23,1
42,2719,20241114,28,28,1
42,2720,20241114,34,34,1
42,2722,20241114,70,68,0.9714285714285714
42,2723,20241114,13,12,0.9230769230769231
42,2724,20241114,11,10,0.9090909090909091
42,2725,20241114,103,103,1
42,2726,20241114,10,10,1
42,2727,20241114,76,74,0.9736842105263158
42,2728,20241114,68,66,0.9705882352941176
42,2729,20241114,75,74,0.9866666666666667
42,2730,20241114,84,84,1
42,2731,20241114,32,31,0.96875
42,2733,20241114,22,21,0.9545454545454546
42,2734,20241114,23,23,1
42,2735,20241114,23,21,0.9130434782608695
42,2736,20241114,59,53,0.8983050847457628
42,2740,20241114,39,38,0.9743589743589743
42,2741,20241114,4,4,1
42,2742,20241114,2,2,1
42,2743,20241114,2,2,1
42,2744,20241114,11,10,0.9090909090909091
42,2745,20241114,2,2,1
42,2746,20241114,9,9,1
42,2750,20241114,38,37,0.9736842105263158
42,2751,20241114,16,16,1
42,2752,20241114,2,2,1
42,2753,20241114,9,8,0.8888888888888888
42,2754,20241114,41,40,0.975609756097561
42,2755,20241114,7,7,1
42,2756,20241114,5,5,1
42,2758,20241114,7,7,1
42,2761,20241114,29,28,0.9655172413793104
42,2762,20241114,30,30,1
42,2764,20241114,77,75,0.974025974025974
42,2765,20241114,11,10,0.9090909090909091
42,2768,20241114,2,2,1
42,2769,20241114,176,130,0.7386363636363636
42,2772,20241114,105,100,0.9523809523809523
42,2774,20241114,37,36,0.972972972972973
42,2776,20241114,64,60,0.9375
42,2780,20241114,11,11,1
42,2781,20241114,65,61,0.9384615384615385
42,2785,20241114,14,13,0.9285714285714286
42,2790,20241114,95,93,0.9789473684210527
42,2791,20241114,32,30,0.9375
42,2792,20241114,30,30,1
42,2794,20241114,81,78,0.9629629629629629
42,2795,20241114,65,61,0.9384615384615385
42,2796,20241114,40,39,0.975
42,2797,20241114,68,65,0.9558823529411765
42,2801,20241114,38,37,0.9736842105263158
42,2802,20241114,20,20,1
42,2803,20241114,31,31,1
42,2804,20241114,39,37,0.9487179487179487
42,2805,20241114,13,13,1
42,2806,20241114,2,2,1
42,2807,20241114,4,4,1
42,2810,20241114,4,4,1
42,2811,20241114,15,13,0.8666666666666667
42,2812,20241114,95,89,0.9368421052631579
42,2813,20241114,2,2,1
42,2814,20241114,41,41,1
42,2816,20241114,4,3,0.75
42,2818,20241114,2,2,1
42,2819,20241114,4,4,1
42,2820,20241114,4,4,1
42,2821,20241114,32,31,0.96875
42,2822,20241114,14,14,1
42,2823,20241114,69,68,0.9855072463768116
42,2824,20241114,83,75,0.9036144578313253
42,2830,20241114,2,2,1
42,2831,20241114,79,74,0.9367088607594937
42,2833,20241114,7,7,1
42,2841,20241114,27,27,1
42,2842,20241114,11,11,1
42,2900,20241114,1,1,1
42,2901,20241114,8,8,1
42,2905,20241114,6,6,1
42,2906,20241114,6,5,0.8333333333333334
42,2908,20241114,4,4,1
42,2910,20241114,4,4,1
42,2911,20241114,5,5,1
42,2913,20241114,4,4,1
42,2914,20241114,2,2,1
42,2915,20241114,1,1,1
42,2920,20241114,6,6,1
42,2921,20241114,28,27,0.9642857142857143
42,2926,20241114,9,9,1
42,2927,20241114,24,23,0.9583333333333334
42,2928,20241114,9,9,1
43,3001,20241114,58,58,1
43,3003,20241114,59,58,0.9830508474576272
43,3004,20241114,53,53,1
43,3005,20241114,16,15,0.9375
43,3006,20241114,26,26,1
43,3007,20241114,61,61,1
43,3008,20241114,24,22,0.9166666666666666
43,3009,20241114,54,54,1
43,3011,20241114,56,56,1
43,3012,20241114,76,75,0.9868421052631579
43,3013,20241114,94,94,1
43,3014,20241114,27,27,1
43,3015,20241114,20,19,0.95
43,3017,20241114,64,62,0.96875
43,3018,20241114,4,4,1
43,3019,20241114,9,9,1
43,3020,20241114,18,13,0.7222222222222222
43,3021,20241114,46,46,1
43,3022,20241114,95,95,1
43,3023,20241114,52,51,0.9807692307692307
43,3024,20241114,61,61,1
43,3025,20241114,68,63,0.9264705882352942
43,3026,20241114,81,80,0.9876543209876543
43,3027,20241114,51,50,0.9803921568627451
43,3028,20241114,18,18,1
43,3029,20241114,18,16,0.8888888888888888
43,3030,20241114,24,24,1
43,3033,20241114,24,24,1
43,3034,20241114,37,37,1
43,3037,20241114,18,15,0.8333333333333334
43,3038,20241114,44,42,0.9545454545454546
43,3040,20241114,65,64,0.9846153846153847
43,3041,20241114,52,51,0.9807692307692307
43,3101,20241114,103,103,1
43,3103,20241114,70,68,0.9714285714285714
43,3104,20241114,34,34,1
43,3105,20241114,90,90,1
43,3106,20241114,21,21,1
43,3107,20241114,12,12,1
43,3108,20241114,103,103,1
43,3109,20241114,8,8,1
43,3110,20241114,15,15,1
43,3111,20241114,77,75,0.974025974025974
43,3112,20241114,82,81,0.9878048780487805
43,3113,20241114,85,84,0.9882352941176471
43,3114,20241114,36,36,1
43,3116,20241114,49,49,1
43,3118,20241114,52,51,0.9807692307692307
43,3119,20241114,45,45,1
43,3120,20241114,16,16,1
43,3121,20241114,18,18,1
43,3201,20241114,13,12,0.9230769230769231
43,3202,20241114,2,2,1
43,3203,20241114,8,8,1
43,3204,20241114,10,10,1
43,3205,20241114,6,6,1
43,3206,20241114,3,3,1
43,3207,20241114,10,10,1
43,3208,20241114,14,14,1
43,3209,20241114,8,8,1
43,3210,20241114,7,7,1
43,3211,20241114,13,13,1
43,3212,20241114,9,9,1
43,3213,20241114,14,14,1
43,3214,20241114,11,11,1
43,3215,20241114,9,9,1
43,3216,20241114,10,10,1
43,3217,20241114,11,11,1
43,3218,20241114,10,6,0.6
43,3220,20241114,20,18,0.9
43,3221,20241114,20,20,1
43,3222,20241114,27,25,0.9259259259259259
43,3502,20241114,1,1,1
43,3503,20241114,28,28,1
43,3504,20241114,54,54,1
43,3505,20241114,19,19,1
43,3506,20241114,68,67,0.9852941176470589
43,3507,20241114,44,43,0.9772727272727273
43,3508,20241114,76,73,0.9605263157894737
43,3509,20241114,16,16,1
43,3510,20241114,9,7,0.7777777777777778
43,3511,20241114,8,8,1
43,3512,20241114,60,59,0.9833333333333333
43,3513,20241114,58,58,1
43,3514,20241114,34,34,1
43,3515,20241114,54,54,1
43,3516,20241114,58,58,1
43,3517,20241114,59,58,0.9830508474576272
43,3518,20241114,12,12,1
43,3521,20241114,68,68,1
43,3523,20241114,30,30,1
43,3524,20241114,30,29,0.9666666666666667
43,3525,20241114,54,53,0.9814814814814815
43,3526,20241114,80,79,0.9875
43,3527,20241114,8,8,1
43,3528,20241114,10,10,1
43,3535,20241114,8,8,1
43,3536,20241114,30,27,0.9
43,3540,20241114,10,10,1
43,3541,20241114,21,21,1
43,3543,20241114,14,14,1
43,3544,20241114,13,13,1
43,3545,20241114,17,17,1
43,3546,20241114,14,14,1
43,3547,20241114,16,16,1
43,3548,20241114,6,6,1
43,3549,20241114,15,14,0.9333333333333333
43,3601,20241114,42,42,1
43,3605,20241114,26,26,1
43,3615,20241114,30,30,1
43,3620,20241114,95,93,0.9789473684210527
43,3625,20241114,8,8,1
43,3626,20241114,34,34,1
43,3635,20241114,21,21,1
43,3641,20241114,3,3,1
43,3642,20241114,24,21,0.875
43,3701,20241114,50,50,1
43,3702,20241114,43,42,0.9767441860465116
43,3703,20241114,73,70,0.958904109589041
43,3704,20241114,30,29,0.9666666666666667
43,3705,20241114,56,56,1
43,3706,20241114,12,12,1
43,3708,20241114,12,11,0.9166666666666666
43,3709,20241114,16,16,1
43,3710,20241114,82,82,1
43,3711,20241114,26,26,1
43,3715,20241114,40,40,1
43,3716,20241114,47,46,0.9787234042553191
43,3717,20241114,55,55,1
43,3720,20241114,2,2,1
43,3721,20241114,51,51,1
44,4322,20241114,18,18,1
44,4403,20241114,78,75,0.9615384615384616
44,4425,20241114,2,2,1
44,4440,20241114,8,8,1
44,4525,20241114,3,3,1
44,4530,20241114,9,9,1
44,4524,20241114,13,13,1
44,4203,20241114,43,43,1
44,4532,20241114,15,15,1
44,4406,20241114,26,26,1
44,4001,20241114,15,15,1
44,4540,20241114,19,19,1
44,4704,20241114,44,44,1
44,4433,20241114,2,2,1
44,4434,20241114,24,23,0.9583333333333334
44,4551,20241114,21,21,1
44,4102,20241114,20,18,0.9
44,4560,20241114,34,32,0.9411764705882353
44,4620,20241114,12,12,1
44,4641,20241114,17,17,1
44,4705,20241114,75,74,0.9866666666666667
44,4710,20241114,55,55,1
44,4541,20241114,2,2,1
44,4429,20241114,18,17,0.9444444444444444
44,4545,20241114,4,4,1
44,4463,20241114,9,7,0.7777777777777778
44,4302,20241114,6,6,1
44,4207,20241114,11,9,0.8181818181818182
44,4544,20241114,16,16,1
44,4435,20241114,12,12,1
44,4464,20241114,9,9,1
44,4632,20241114,25,24,0.96
44,4428,20241114,24,22,0.9166666666666666
44,4204,20241114,18,18,1
44,4546,20241114,5,4,0.8
44,4548,20241114,5,5,1
44,4549,20241114,6,5,0.8333333333333334
44,4621,20241114,30,30,1
44,4706,20241114,41,41,1
44,4310,20241114,7,7,1
44,4701,20241114,129,129,1
44,4105,20241114,7,7,1
44,4202,20241114,9,9,1
44,4720,20241114,85,85,1
44,4439,20241114,18,16,0.8888888888888888
44,4516,20241114,22,22,1
44,4431,20241114,17,15,0.8823529411764706
44,4501,20241114,46,45,0.9782608695652174
44,4307,20241114,22,22,1
44,4421,20241114,34,33,0.9705882352941176
44,4107,20241114,6,6,1
44,4514,20241114,19,19,1
44,4426,20241114,66,62,0.9393939393939394
44,4600,20241114,100,99,0.99
44,4453,20241114,2,2,1
44,4206,20241114,5,5,1
44,4409,20241114,32,32,1
44,4427,20241114,27,23,0.8518518518518519
44,4612,20241114,15,15,1
44,4436,20241114,53,52,0.9811320754716981
44,4482,20241114,15,15,1
44,4552,20241114,6,5,0.8333333333333334
44,4504,20241114,48,47,0.9791666666666666
44,4562,20241114,72,72,1
44,4521,20241114,18,18,1
44,4313,20241114,6,6,1
44,4503,20241114,8,6,0.75
44,4320,20241114,12,11,0.9166666666666666
44,4602,20241114,65,62,0.9538461538461539
44,4303,20241114,9,8,0.8888888888888888
44,4308,20241114,11,11,1
44,4415,20241114,11,11,1
44,4438,20241114,56,55,0.9821428571428571
44,4730,20241114,26,26,1
44,4430,20241114,16,15,0.9375
44,4416,20241114,5,5,1
44,4402,20241114,7,7,1
44,4451,20241114,7,6,0.8571428571428571
44,4515,20241114,8,8,1
44,4715,20241114,8,7,0.875
44,4520,20241114,3,2,0.6666666666666666
44,4321,20241114,18,18,1
44,4905,20241114,10,10,1
44,4906,20241114,4,4,1
44,4442,20241114,6,6,1
44,4412,20241114,53,53,1
44,4531,20241114,19,19,1
44,4205,20241114,9,8,0.8888888888888888
44,4610,20241114,4,3,0.75
44,4401,20241114,24,19,0.7916666666666666
44,4422,20241114,43,41,0.9534883720930233
44,4305,20241114,19,19,1
44,4542,20241114,16,15,0.9375
44,4420,20241114,19,17,0.8947368421052632
44,4512,20241114,63,61,0.9682539682539683
44,4513,20241114,9,9,1
44,4104,20241114,8,7,0.875
44,4002,20241114,9,9,1
44,4103,20241114,15,14,0.9333333333333333
44,4725,20241114,66,65,0.9848484848484849
44,4481,20241114,15,14,0.9333333333333333
44,4312,20241114,18,18,1
44,4437,20241114,36,36,1
44,4543,20241114,16,16,1
44,4472,20241114,6,6,1
44,4311,20241114,6,5,0.8333333333333334
44,4550,20241114,6,6,1
44,4707,20241114,22,21,0.9545454545454546
44,4901,20241114,11,11,1
44,4467,20241114,1,1,1
44,4468,20241114,2,2,1
44,4432,20241114,24,24,1
44,4441,20241114,53,53,1
44,4407,20241114,5,5,1
44,4443,20241114,12,12,1
44,4465,20241114,2,2,1
44,4466,20241114,1,1,1
44,4304,20241114,10,10,1
44,4611,20241114,21,21,1
44,4419,20241114,2,2,1
44,4417,20241114,4,4,1
44,4410,20241114,27,27,1
44,4404,20241114,38,28,0.7368421052631579
44,4208,20241114,4,4,1
44,4424,20241114,1,0,0
44,4604,20241114,26,26,1
44,4517,20241114,2,2,1
44,4902,20241114,3,3,1
44,4522,20241114,2,2,1
44,4523,20241114,2,2,1
44,4101,20241114,6,6,1
44,4711,20241114,3,3,1
44,4414,20241114,4,4,1
44,4702,20241114,96,96,1
44,4301,20241114,5,5,1
44,4452,20241114,5,5,1
44,4106,20241114,5,5,1
44,4211,20241114,3,3,1
44,4212,20241114,3,3,1
41,1001,20241115,40,38,0.95
41,1002,20241115,21,18,0.8571428571428571
41,1003,20241115,80,73,0.9125
41,1004,20241115,10,10,1
41,1005,20241115,87,83,0.9540229885057471
41,1006,20241115,9,8,0.8888888888888888
41,1008,20241115,23,21,0.9130434782608695
41,1009,20241115,15,15,1
41,1010,20241115,10,9,0.9
41,1011,20241115,20,19,0.95
41,1012,20241115,23,22,0.9565217391304348
41,1013,20241115,12,11,0.9166666666666666
41,1014,20241115,42,42,1
41,1015,20241115,20,19,0.95
41,1101,20241115,50,50,1
41,1103,20241115,76,74,0.9736842105263158
41,1105,20241115,13,12,0.9230769230769231
41,1106,20241115,52,48,0.9230769230769231
41,1107,20241115,23,23,1
41,1109,20241115,10,10,1
41,1110,20241115,10,10,1
41,1111,20241115,18,15,0.8333333333333334
41,1113,20241115,10,9,0.9
41,1114,20241115,9,8,0.8888888888888888
41,1115,20241115,26,24,0.9230769230769231
41,1117,20241115,10,10,1
41,1119,20241115,2,2,1
41,1120,20241115,99,99,1
41,1121,20241115,14,14,1
41,1122,20241115,18,18,1
41,1123,20241115,59,56,0.9491525423728814
41,1124,20241115,27,26,0.9629629629629629
41,1125,20241115,14,14,1
41,1201,20241115,10,10,1
41,1204,20241115,45,44,0.9777777777777777
41,1205,20241115,51,47,0.9215686274509803
41,1206,20241115,60,59,0.9833333333333333
41,1208,20241115,18,16,0.8888888888888888
41,1209,20241115,68,68,1
41,1210,20241115,19,18,0.9473684210526315
41,1211,20241115,78,78,1
41,1212,20241115,111,106,0.954954954954955
41,1213,20241115,40,40,1
41,1215,20241115,16,16,1
41,1216,20241115,25,25,1
41,1217,20241115,66,65,0.9848484848484849
41,1218,20241115,57,55,0.9649122807017544
41,1219,20241115,59,58,0.9830508474576272
41,1220,20241115,15,15,1
41,1221,20241115,26,26,1
41,1222,20241115,28,28,1
41,1223,20241115,58,54,0.9310344827586207
41,1224,20241115,24,24,1
41,1225,20241115,7,7,1
41,1226,20241115,78,78,1
41,1228,20241115,26,24,0.9230769230769231
41,1229,20241115,45,43,0.9555555555555556
41,1230,20241115,42,41,0.9761904761904762
41,1231,20241115,4,4,1
41,1232,20241115,28,27,0.9642857142857143
41,1233,20241115,7,7,1
41,1234,20241115,43,41,0.9534883720930233
41,1235,20241115,46,46,1
41,1236,20241115,39,36,0.9230769230769231
41,1240,20241115,29,29,1
41,1241,20241115,48,48,1
41,1242,20241115,40,40,1
41,1244,20241115,2,2,1
41,1245,20241115,56,56,1
41,1247,20241115,21,21,1
41,1248,20241115,63,58,0.9206349206349206
41,1249,20241115,58,58,1
41,1250,20241115,21,21,1
41,1251,20241115,69,66,0.9565217391304348
41,1252,20241115,45,44,0.9777777777777777
41,1253,20241115,35,35,1
41,1254,20241115,52,52,1
41,1255,20241115,20,20,1
41,1501,20241115,20,19,0.95
41,1502,20241115,97,96,0.9896907216494846
41,1503,20241115,43,41,0.9534883720930233
41,1506,20241115,33,33,1
41,1507,20241115,42,36,0.8571428571428571
41,1508,20241115,22,22,1
41,1509,20241115,43,42,0.9767441860465116
41,1510,20241115,64,62,0.96875
41,1511,20241115,21,21,1
41,1512,20241115,26,26,1
41,1513,20241115,29,29,1
41,1514,20241115,58,57,0.9827586206896551
41,1515,20241115,1,1,1
41,1516,20241115,32,31,0.96875
41,1517,20241115,44,44,1
41,1518,20241115,80,80,1
41,1519,20241115,39,38,0.9743589743589743
41,1520,20241115,14,13,0.9285714285714286
41,1521,20241115,6,5,0.8333333333333334
41,1522,20241115,46,44,0.9565217391304348
41,1523,20241115,70,70,1
41,1524,20241115,48,48,1
41,1525,20241115,80,78,0.975
41,1527,20241115,45,44,0.9777777777777777
41,1528,20241115,34,33,0.9705882352941176
41,1529,20241115,45,45,1
41,1530,20241115,6,6,1
41,1531,20241115,5,5,1
41,1601,20241115,85,85,1
41,1603,20241115,28,28,1
41,1604,20241115,86,86,1
41,1605,20241115,12,11,0.9166666666666666
41,1606,20241115,29,29,1
41,1608,20241115,62,62,1
41,1609,20241115,6,6,1
41,1610,20241115,34,34,1
41,1611,20241115,11,11,1
41,1612,20241115,40,40,1
41,1613,20241115,32,32,1
41,1614,20241115,69,68,0.9855072463768116
41,1615,20241115,42,42,1
41,1616,20241115,58,58,1
41,1617,20241115,55,51,0.9272727272727272
41,1622,20241115,61,60,0.9836065573770492
41,1623,20241115,47,47,1
41,1624,20241115,60,60,1
41,1625,20241115,59,58,0.9830508474576272
41,1626,20241115,24,24,1
41,1627,20241115,29,29,1
41,1628,20241115,12,12,1
41,1629,20241115,28,28,1
41,1630,20241115,14,14,1
41,1631,20241115,31,31,1
41,1632,20241115,24,24,1
41,1633,20241115,41,41,1
41,1634,20241115,19,19,1
41,1635,20241115,41,40,0.975609756097561
41,1636,20241115,39,39,1
41,1637,20241115,18,18,1
41,1638,20241115,58,56,0.9655172413793104
41,1701,20241115,26,26,1
41,1703,20241115,78,78,1
41,1704,20241115,54,50,0.9259259259259259
41,1706,20241115,97,97,1
41,1707,20241115,86,80,0.9302325581395349
41,1708,20241115,10,10,1
41,1709,20241115,145,145,1
41,1710,20241115,95,92,0.968421052631579
41,1711,20241115,66,66,1
41,1712,20241115,57,57,1
41,1713,20241115,55,55,1
41,1714,20241115,92,92,1
41,1715,20241115,98,98,1
41,1716,20241115,66,64,0.9696969696969697
41,1717,20241115,94,93,0.9893617021276596
41,1718,20241115,24,23,0.9583333333333334
41,1719,20241115,33,33,1
41,1720,20241115,78,76,0.9743589743589743
41,1721,20241115,96,94,0.9791666666666666
41,1722,20241115,49,49,1
41,1723,20241115,65,53,0.8153846153846154
41,1724,20241115,87,74,0.8505747126436781
41,1725,20241115,18,15,0.8333333333333334
41,1726,20241115,48,47,0.9791666666666666
41,1728,20241115,7,7,1
41,1729,20241115,19,17,0.8947368421052632
41,1730,20241115,13,13,1
41,1731,20241115,20,20,1
41,1733,20241115,34,30,0.8823529411764706
41,1998,20241115,50,49,0.98
43,3001,20241115,58,54,0.9310344827586207
43,3003,20241115,59,59,1
43,3004,20241115,53,53,1
43,3005,20241115,16,15,0.9375
43,3006,20241115,26,26,1
43,3007,20241115,61,60,0.9836065573770492
43,3008,20241115,24,24,1
43,3009,20241115,54,54,1
43,3011,20241115,56,56,1
43,3012,20241115,76,75,0.9868421052631579
43,3013,20241115,94,93,0.9893617021276596
43,3014,20241115,27,27,1
43,3015,20241115,20,20,1
43,3017,20241115,64,64,1
43,3018,20241115,4,4,1
43,3019,20241115,9,9,1
43,3020,20241115,18,17,0.9444444444444444
43,3021,20241115,46,46,1
43,3022,20241115,95,95,1
43,3023,20241115,52,50,0.9615384615384616
43,3024,20241115,61,61,1
43,3025,20241115,68,68,1
43,3026,20241115,81,81,1
43,3027,20241115,51,51,1
43,3028,20241115,18,18,1
43,3029,20241115,18,18,1
43,3030,20241115,24,24,1
43,3033,20241115,24,24,1
43,3034,20241115,37,36,0.972972972972973
43,3037,20241115,18,17,0.9444444444444444
43,3038,20241115,44,44,1
43,3040,20241115,65,64,0.9846153846153847
43,3041,20241115,52,52,1
43,3101,20241115,103,100,0.970873786407767
43,3103,20241115,70,70,1
43,3104,20241115,34,33,0.9705882352941176
43,3105,20241115,90,90,1
43,3106,20241115,21,21,1
43,3107,20241115,12,12,1
43,3108,20241115,103,102,0.9902912621359223
43,3109,20241115,8,8,1
43,3110,20241115,15,15,1
43,3111,20241115,77,77,1
43,3112,20241115,82,82,1
43,3113,20241115,85,84,0.9882352941176471
43,3114,20241115,36,36,1
43,3116,20241115,49,47,0.9591836734693877
43,3118,20241115,52,51,0.9807692307692307
43,3119,20241115,45,45,1
43,3120,20241115,16,16,1
43,3121,20241115,18,17,0.9444444444444444
43,3201,20241115,13,13,1
43,3202,20241115,2,2,1
43,3203,20241115,8,8,1
43,3204,20241115,10,10,1
43,3205,20241115,6,6,1
43,3206,20241115,3,3,1
43,3207,20241115,10,10,1
43,3208,20241115,14,14,1
43,3209,20241115,8,8,1
43,3210,20241115,7,7,1
43,3211,20241115,13,13,1
43,3212,20241115,9,9,1
43,3213,20241115,14,14,1
43,3214,20241115,11,11,1
43,3215,20241115,9,9,1
43,3216,20241115,10,10,1
43,3217,20241115,11,11,1
43,3218,20241115,10,10,1
43,3220,20241115,20,20,1
43,3221,20241115,20,20,1
43,3222,20241115,27,25,0.9259259259259259
43,3502,20241115,1,1,1
43,3503,20241115,28,28,1
43,3504,20241115,54,54,1
43,3505,20241115,19,19,1
43,3506,20241115,68,66,0.9705882352941176
43,3507,20241115,44,44,1
43,3508,20241115,76,75,0.9868421052631579
43,3509,20241115,16,16,1
43,3510,20241115,9,9,1
43,3511,20241115,8,8,1
43,3512,20241115,60,60,1
43,3513,20241115,58,58,1
43,3514,20241115,34,34,1
43,3515,20241115,54,54,1
43,3516,20241115,58,58,1
43,3517,20241115,59,56,0.9491525423728814
43,3518,20241115,12,12,1
43,3521,20241115,68,68,1
43,3523,20241115,30,30,1
43,3524,20241115,30,30,1
43,3525,20241115,54,52,0.9629629629629629
43,3526,20241115,80,79,0.9875
43,3527,20241115,8,8,1
43,3528,20241115,10,10,1
43,3535,20241115,8,8,1
43,3536,20241115,30,30,1
43,3540,20241115,10,10,1
43,3541,20241115,21,21,1
43,3543,20241115,14,13,0.9285714285714286
43,3544,20241115,13,13,1
43,3545,20241115,17,17,1
43,3546,20241115,14,14,1
43,3547,20241115,16,16,1
43,3548,20241115,6,6,1
43,3549,20241115,15,15,1
43,3601,20241115,42,42,1
43,3605,20241115,26,26,1
43,3615,20241115,30,30,1
43,3620,20241115,95,94,0.9894736842105263
43,3625,20241115,8,8,1
43,3626,20241115,34,34,1
43,3635,20241115,21,21,1
43,3641,20241115,3,3,1
43,3642,20241115,24,23,0.9583333333333334
43,3701,20241115,50,48,0.96
43,3702,20241115,43,43,1
43,3703,20241115,73,72,0.9863013698630136
43,3704,20241115,30,29,0.9666666666666667
43,3705,20241115,56,56,1
43,3706,20241115,12,12,1
43,3708,20241115,12,12,1
43,3709,20241115,16,15,0.9375
43,3710,20241115,82,82,1
43,3711,20241115,26,26,1
43,3715,20241115,40,39,0.975
43,3716,20241115,47,47,1
43,3717,20241115,55,53,0.9636363636363636
43,3720,20241115,2,2,1
43,3721,20241115,51,51,1
44,4322,20241115,18,18,1
44,4403,20241115,78,75,0.9615384615384616
44,4425,20241115,2,2,1
44,4440,20241115,8,7,0.875
44,4525,20241115,3,3,1
44,4530,20241115,9,9,1
44,4524,20241115,13,13,1
44,4203,20241115,43,43,1
44,4532,20241115,15,12,0.8
44,4406,20241115,26,26,1
44,4001,20241115,15,15,1
44,4540,20241115,19,19,1
44,4704,20241115,44,44,1
44,4433,20241115,2,2,1
44,4434,20241115,24,21,0.875
44,4551,20241115,21,20,0.9523809523809523
44,4102,20241115,20,20,1
44,4560,20241115,34,34,1
44,4620,20241115,12,12,1
44,4641,20241115,17,17,1
44,4541,20241115,2,2,1
44,4710,20241115,55,54,0.9818181818181818
44,4545,20241115,4,4,1
44,4705,20241115,75,75,1
44,4463,20241115,9,9,1
44,4302,20241115,6,6,1
44,4207,20241115,11,11,1
44,4435,20241115,12,12,1
44,4544,20241115,16,16,1
44,4632,20241115,25,25,1
44,4464,20241115,9,9,1
44,4428,20241115,24,22,0.9166666666666666
44,4204,20241115,18,18,1
44,4546,20241115,5,5,1
44,4548,20241115,5,5,1
44,4431,20241115,17,17,1
44,4549,20241115,6,6,1
44,4621,20241115,30,30,1
44,4706,20241115,41,41,1
44,4310,20241115,7,7,1
44,4701,20241115,129,129,1
44,4105,20241115,7,7,1
44,4720,20241115,85,82,0.9647058823529412
44,4202,20241115,9,9,1
44,4439,20241115,18,16,0.8888888888888888
44,4516,20241115,22,19,0.8636363636363636
44,4307,20241115,22,22,1
44,4501,20241115,46,42,0.9130434782608695
44,4421,20241115,34,34,1
44,4107,20241115,6,6,1
44,4514,20241115,19,19,1
44,4426,20241115,67,65,0.9701492537313433
44,4600,20241115,100,98,0.98
44,4453,20241115,2,2,1
44,4205,20241115,9,8,0.8888888888888888
44,4206,20241115,5,5,1
44,4409,20241115,32,32,1
44,4427,20241115,27,27,1
44,4612,20241115,15,15,1
44,4412,20241115,53,53,1
44,4436,20241115,53,53,1
44,4482,20241115,15,15,1
44,4552,20241115,6,5,0.8333333333333334
44,4504,20241115,48,47,0.9791666666666666
44,4562,20241115,72,72,1
44,4313,20241115,6,6,1
44,4521,20241115,18,17,0.9444444444444444
44,4503,20241115,8,6,0.75
44,4320,20241115,12,12,1
44,4602,20241115,65,62,0.9538461538461539
44,4303,20241115,9,9,1
44,4308,20241115,11,10,0.9090909090909091
44,4415,20241115,11,11,1
44,4438,20241115,56,56,1
44,4730,20241115,26,26,1
44,4430,20241115,16,11,0.6875
44,4416,20241115,5,5,1
44,4402,20241115,8,8,1
44,4451,20241115,7,6,0.8571428571428571
44,4515,20241115,8,8,1
44,4702,20241115,96,96,1
44,4715,20241115,8,8,1
44,4520,20241115,3,3,1
44,4611,20241115,21,21,1
44,4321,20241115,18,18,1
44,4905,20241115,10,10,1
44,4906,20241115,4,4,1
44,4442,20241115,6,6,1
44,4902,20241115,3,3,1
44,4531,20241115,19,19,1
44,4610,20241115,4,3,0.75
44,4401,20241115,24,20,0.8333333333333334
44,4422,20241115,43,43,1
44,4305,20241115,19,19,1
44,4542,20241115,16,16,1
44,4420,20241115,19,17,0.8947368421052632
44,4512,20241115,63,63,1
44,4513,20241115,9,9,1
44,4104,20241115,8,8,1
44,4002,20241115,9,4,0.4444444444444444
44,4103,20241115,15,14,0.9333333333333333
44,4725,20241115,66,63,0.9545454545454546
44,4481,20241115,15,13,0.8666666666666667
44,4312,20241115,18,18,1
44,4437,20241115,36,36,1
44,4543,20241115,16,16,1
44,4472,20241115,6,6,1
44,4311,20241115,6,5,0.8333333333333334
44,4550,20241115,6,6,1
44,4707,20241115,22,22,1
44,4901,20241115,11,11,1
44,4467,20241115,1,1,1
44,4468,20241115,2,2,1
44,4432,20241115,24,24,1
44,4441,20241115,53,52,0.9811320754716981
44,4407,20241115,5,5,1
44,4443,20241115,12,10,0.8333333333333334
44,4465,20241115,2,2,1
44,4466,20241115,1,1,1
44,4304,20241115,10,10,1
44,4419,20241115,2,2,1
44,4417,20241115,4,4,1
44,4410,20241115,27,27,1
44,4429,20241115,24,21,0.875
44,4208,20241115,4,4,1
44,4424,20241115,1,0,0
44,4604,20241115,26,22,0.8461538461538461
44,4517,20241115,2,2,1
44,4522,20241115,2,2,1
44,4523,20241115,2,2,1
44,4101,20241115,6,6,1
44,4404,20241115,38,34,0.8947368421052632
44,4711,20241115,3,3,1
44,4414,20241115,4,4,1
44,4301,20241115,5,5,1
44,4452,20241115,5,4,0.8
44,4106,20241115,5,4,0.8
44,4211,20241115,3,3,1
44,4212,20241115,3,3,1
42,2002,20241115,4,4,1
42,2003,20241115,23,22,0.9565217391304348
42,2004,20241115,14,13,0.9285714285714286
42,2006,20241115,30,30,1
42,2008,20241115,14,14,1
42,2011,20241115,20,20,1
42,2013,20241115,2,2,1
42,2014,20241115,6,6,1
42,2015,20241115,2,2,1
42,2016,20241115,16,16,1
42,2017,20241115,4,4,1
42,2020,20241115,21,21,1
42,2026,20241115,30,28,0.9333333333333333
42,2027,20241115,10,9,0.9
42,2028,20241115,9,9,1
42,2029,20241115,41,41,1
42,2030,20241115,38,37,0.9736842105263158
42,2031,20241115,35,34,0.9714285714285714
42,2032,20241115,18,18,1
42,2034,20241115,20,20,1
42,2035,20241115,17,10,0.5882352941176471
42,2036,20241115,8,8,1
42,2037,20241115,16,16,1
42,2038,20241115,9,9,1
42,2039,20241115,29,29,1
42,2101,20241115,2,2,1
42,2102,20241115,2,2,1
42,2103,20241115,13,13,1
42,2106,20241115,13,13,1
42,2107,20241115,3,3,1
42,2108,20241115,5,5,1
42,2109,20241115,3,3,1
42,2110,20241115,5,5,1
42,2111,20241115,2,2,1
42,2112,20241115,2,2,1
42,2113,20241115,2,2,1
42,2114,20241115,2,2,1
42,2115,20241115,2,2,1
42,2116,20241115,2,2,1
42,2117,20241115,17,17,1
42,2118,20241115,7,7,1
42,2119,20241115,4,4,1
42,2120,20241115,8,7,0.875
42,2121,20241115,4,4,1
42,2122,20241115,1,1,1
42,2124,20241115,6,6,1
42,2125,20241115,10,10,1
42,2126,20241115,32,31,0.96875
42,2127,20241115,1,1,1
42,2128,20241115,3,3,1
42,2129,20241115,1,1,1
42,2130,20241115,2,2,1
42,2131,20241115,1,1,1
42,2132,20241115,2,2,1
42,2133,20241115,10,10,1
42,2134,20241115,4,4,1
42,2135,20241115,11,9,0.8181818181818182
42,2136,20241115,10,9,0.9
42,2137,20241115,2,2,1
42,2138,20241115,2,2,1
42,2139,20241115,2,2,1
42,2140,20241115,2,2,1
42,2141,20241115,12,12,1
42,2142,20241115,12,12,1
42,2144,20241115,4,4,1
42,2145,20241115,2,2,1
42,2146,20241115,7,7,1
42,2147,20241115,2,2,1
42,2148,20241115,2,2,1
42,2149,20241115,2,2,1
42,2150,20241115,2,2,1
42,2151,20241115,8,8,1
42,2152,20241115,6,6,1
42,2201,20241115,7,7,1
42,2202,20241115,47,47,1
42,2203,20241115,27,27,1
42,2204,20241115,12,12,1
42,2205,20241115,4,4,1
42,2206,20241115,40,40,1
42,2207,20241115,50,50,1
42,2208,20241115,15,15,1
42,2209,20241115,37,37,1
42,2210,20241115,14,14,1
42,2211,20241115,5,5,1
42,2212,20241115,37,34,0.918918918918919
42,2213,20241115,7,7,1
42,2215,20241115,64,63,0.984375
42,2216,20241115,32,32,1
42,2217,20241115,20,20,1
42,2218,20241115,34,34,1
42,2219,20241115,37,36,0.972972972972973
42,2220,20241115,20,17,0.85
42,2221,20241115,5,5,1
42,2222,20241115,26,26,1
42,2223,20241115,40,39,0.975
42,2224,20241115,23,23,1
42,2225,20241115,18,18,1
42,2303,20241115,165,164,0.9939393939393939
42,2304,20241115,4,4,1
42,2306,20241115,35,35,1
42,2307,20241115,28,28,1
42,2309,20241115,38,38,1
42,2310,20241115,38,38,1
42,2315,20241115,9,9,1
42,2316,20241115,3,3,1
42,2317,20241115,44,44,1
42,2318,20241115,34,33,0.9705882352941176
42,2319,20241115,4,4,1
42,2325,20241115,19,19,1
42,2327,20241115,37,36,0.972972972972973
42,2328,20241115,56,56,1
42,2329,20241115,12,11,0.9166666666666666
42,2331,20241115,60,60,1
42,2333,20241115,61,61,1
42,2335,20241115,35,35,1
42,2336,20241115,34,34,1
42,2337,20241115,30,30,1
42,2502,20241115,6,6,1
42,2504,20241115,6,6,1
42,2505,20241115,14,14,1
42,2506,20241115,6,6,1
42,2511,20241115,19,19,1
42,2513,20241115,18,18,1
42,2515,20241115,51,51,1
42,2516,20241115,9,8,0.8888888888888888
42,2517,20241115,4,4,1
42,2518,20241115,30,30,1
42,2519,20241115,1,1,1
42,2521,20241115,1,1,1
42,2522,20241115,58,58,1
42,2523,20241115,20,20,1
42,2524,20241115,29,28,0.9655172413793104
42,2525,20241115,21,21,1
42,2530,20241115,23,23,1
42,2532,20241115,46,43,0.9347826086956522
42,2533,20241115,23,23,1
42,2534,20241115,12,12,1
42,2535,20241115,6,6,1
42,2536,20241115,21,21,1
42,2537,20241115,48,48,1
42,2538,20241115,12,12,1
42,2539,20241115,17,17,1
42,2540,20241115,16,16,1
42,2601,20241115,61,61,1
42,2605,20241115,50,50,1
42,2610,20241115,27,27,1
42,2611,20241115,18,18,1
42,2620,20241115,11,11,1
42,2621,20241115,7,7,1
42,2625,20241115,4,4,1
42,2626,20241115,24,24,1
42,2627,20241115,8,8,1
42,2630,20241115,21,20,0.9523809523809523
42,2632,20241115,52,52,1
42,2701,20241115,33,32,0.9696969696969697
42,2703,20241115,48,47,0.9791666666666666
42,2706,20241115,115,115,1
42,2708,20241115,114,113,0.9912280701754386
42,2709,20241115,8,6,0.75
42,2711,20241115,124,122,0.9838709677419355
42,2713,20241115,57,55,0.9649122807017544
42,2714,20241115,22,22,1
42,2715,20241115,16,14,0.875
42,2716,20241115,8,8,1
42,2717,20241115,24,21,0.875
42,2718,20241115,23,22,0.9565217391304348
42,2719,20241115,28,28,1
42,2720,20241115,34,33,0.9705882352941176
42,2722,20241115,70,69,0.9857142857142858
42,2723,20241115,13,13,1
42,2724,20241115,11,11,1
42,2725,20241115,103,103,1
42,2726,20241115,10,10,1
42,2727,20241115,76,75,0.9868421052631579
42,2728,20241115,68,67,0.9852941176470589
42,2729,20241115,75,74,0.9866666666666667
42,2730,20241115,84,83,0.9880952380952381
42,2731,20241115,32,30,0.9375
42,2733,20241115,22,22,1
42,2734,20241115,23,23,1
42,2735,20241115,23,23,1
42,2736,20241115,59,55,0.9322033898305084
42,2740,20241115,39,39,1
42,2741,20241115,4,4,1
42,2742,20241115,2,2,1
42,2743,20241115,2,2,1
42,2744,20241115,11,11,1
42,2745,20241115,2,2,1
42,2746,20241115,9,9,1
42,2750,20241115,38,38,1
42,2751,20241115,16,16,1
42,2752,20241115,2,2,1
42,2753,20241115,9,9,1
42,2754,20241115,41,40,0.975609756097561
42,2755,20241115,7,7,1
42,2756,20241115,5,5,1
42,2758,20241115,7,7,1
42,2761,20241115,29,29,1
42,2762,20241115,30,30,1
42,2764,20241115,77,75,0.974025974025974
42,2765,20241115,11,11,1
42,2768,20241115,2,2,1
42,2769,20241115,176,169,0.9602272727272727
42,2772,20241115,105,99,0.9428571428571428
42,2774,20241115,37,37,1
42,2776,20241115,64,63,0.984375
42,2780,20241115,11,11,1
42,2781,20241115,65,65,1
42,2785,20241115,14,14,1
42,2790,20241115,95,95,1
42,2791,20241115,32,32,1
42,2792,20241115,30,30,1
42,2794,20241115,81,81,1
42,2795,20241115,65,63,0.9692307692307692
42,2796,20241115,40,40,1
42,2797,20241115,68,68,1
42,2801,20241115,38,37,0.9736842105263158
42,2802,20241115,20,19,0.95
42,2803,20241115,31,31,1
42,2804,20241115,39,39,1
42,2805,20241115,13,13,1
42,2806,20241115,2,2,1
42,2807,20241115,4,4,1
42,2810,20241115,4,4,1
42,2811,20241115,15,15,1
42,2812,20241115,95,92,0.968421052631579
42,2813,20241115,2,2,1
42,2814,20241115,41,41,1
42,2816,20241115,4,4,1
42,2818,20241115,2,2,1
42,2819,20241115,4,4,1
42,2820,20241115,4,4,1
42,2821,20241115,32,32,1
42,2822,20241115,14,14,1
42,2823,20241115,69,69,1
42,2824,20241115,83,81,0.9759036144578314
42,2830,20241115,2,2,1
42,2831,20241115,79,77,0.9746835443037974
42,2833,20241115,7,7,1
42,2841,20241115,27,27,1
42,2842,20241115,11,11,1
42,2900,20241115,1,1,1
42,2901,20241115,8,8,1
42,2905,20241115,6,6,1
42,2906,20241115,6,5,0.8333333333333334
42,2908,20241115,4,4,1
42,2910,20241115,3,3,1
42,2911,20241115,5,5,1
42,2913,20241115,4,4,1
42,2914,20241115,2,2,1
42,2915,20241115,1,1,1
42,2920,20241115,6,6,1
42,2921,20241115,28,28,1
42,2926,20241115,9,9,1
42,2927,20241115,24,24,1
42,2928,20241115,9,6,0.6666666666666666
42,2710,20241115,71,71,1
41,1001,20241116,24,24,1
41,1002,20241116,8,6,0.75
41,1003,20241116,40,39,0.975
41,1005,20241116,66,66,1
41,1006,20241116,8,7,0.875
41,1008,20241116,11,9,0.8181818181818182
41,1009,20241116,8,8,1
41,1011,20241116,8,7,0.875
41,1012,20241116,11,8,0.7272727272727273
41,1014,20241116,16,14,0.875
41,1015,20241116,12,10,0.8333333333333334
41,1101,20241116,16,15,0.9375
41,1103,20241116,51,46,0.9019607843137255
41,1105,20241116,25,22,0.88
41,1106,20241116,10,7,0.7
41,1107,20241116,17,15,0.8823529411764706
41,1115,20241116,12,12,1
41,1119,20241116,28,27,0.9642857142857143
41,1120,20241116,74,71,0.9594594594594594
41,1124,20241116,14,13,0.9285714285714286
41,1204,20241116,15,14,0.9333333333333333
41,1205,20241116,27,26,0.9629629629629629
41,1206,20241116,24,24,1
41,1209,20241116,40,39,0.975
41,1210,20241116,12,12,1
41,1211,20241116,52,51,0.9807692307692307
41,1212,20241116,77,73,0.948051948051948
41,1213,20241116,21,21,1
41,1215,20241116,18,18,1
41,1216,20241116,14,13,0.9285714285714286
41,1217,20241116,27,27,1
41,1218,20241116,57,49,0.8596491228070176
41,1219,20241116,43,35,0.813953488372093
41,1220,20241116,18,18,1
41,1221,20241116,22,20,0.9090909090909091
41,1222,20241116,23,23,1
41,1223,20241116,34,31,0.9117647058823529
41,1224,20241116,19,19,1
41,1226,20241116,28,28,1
41,1228,20241116,13,13,1
41,1229,20241116,24,24,1
41,1230,20241116,21,17,0.8095238095238095
41,1232,20241116,13,12,0.9230769230769231
41,1234,20241116,15,15,1
41,1235,20241116,27,27,1
41,1236,20241116,26,23,0.8846153846153846
41,1240,20241116,16,16,1
41,1241,20241116,22,22,1
41,1242,20241116,19,19,1
41,1245,20241116,28,28,1
41,1247,20241116,12,12,1
41,1248,20241116,32,32,1
41,1249,20241116,26,26,1
41,1250,20241116,16,16,1
41,1251,20241116,50,50,1
41,1252,20241116,41,38,0.926829268292683
41,1253,20241116,35,35,1
41,1254,20241116,27,27,1
41,1255,20241116,12,12,1
41,1501,20241116,15,11,0.7333333333333333
41,1502,20241116,66,66,1
41,1504,20241116,29,29,1
41,1506,20241116,18,18,1
41,1507,20241116,22,21,0.9545454545454546
41,1508,20241116,16,16,1
41,1509,20241116,18,18,1
41,1510,20241116,30,29,0.9666666666666667
41,1511,20241116,10,10,1
41,1512,20241116,14,14,1
41,1513,20241116,6,6,1
41,1514,20241116,38,37,0.9736842105263158
41,1515,20241116,65,65,1
41,1516,20241116,15,15,1
41,1517,20241116,16,16,1
41,1518,20241116,54,54,1
41,1519,20241116,37,36,0.972972972972973
41,1520,20241116,11,11,1
41,1521,20241116,3,3,1
41,1523,20241116,46,46,1
41,1524,20241116,11,11,1
41,1525,20241116,39,39,1
41,1527,20241116,27,27,1
41,1528,20241116,16,16,1
41,1529,20241116,24,24,1
41,1530,20241116,6,6,1
41,1601,20241116,28,27,0.9642857142857143
41,1603,20241116,16,16,1
41,1604,20241116,55,52,0.9454545454545454
41,1606,20241116,28,26,0.9285714285714286
41,1608,20241116,33,33,1
41,1610,20241116,67,67,1
41,1612,20241116,17,17,1
41,1613,20241116,14,14,1
41,1614,20241116,31,31,1
41,1615,20241116,16,16,1
41,1617,20241116,4,4,1
41,1622,20241116,38,35,0.9210526315789473
41,1623,20241116,31,31,1
41,1624,20241116,48,48,1
41,1625,20241116,37,36,0.972972972972973
41,1628,20241116,9,9,1
41,1629,20241116,27,27,1
41,1630,20241116,13,13,1
41,1631,20241116,21,21,1
41,1632,20241116,14,13,0.9285714285714286
41,1633,20241116,17,17,1
41,1634,20241116,12,12,1
41,1635,20241116,20,20,1
41,1636,20241116,22,22,1
41,1637,20241116,12,11,0.9166666666666666
41,1638,20241116,35,34,0.9714285714285714
41,1703,20241116,59,59,1
41,1704,20241116,34,32,0.9411764705882353
41,1706,20241116,66,58,0.8787878787878788
41,1707,20241116,65,61,0.9384615384615385
41,1708,20241116,8,8,1
41,1709,20241116,90,90,1
41,1710,20241116,40,40,1
41,1711,20241116,23,23,1
41,1712,20241116,8,8,1
41,1713,20241116,39,36,0.9230769230769231
41,1714,20241116,67,67,1
41,1715,20241116,28,28,1
41,1716,20241116,35,35,1
41,1717,20241116,74,72,0.972972972972973
41,1718,20241116,14,14,1
41,1719,20241116,16,16,1
41,1721,20241116,75,73,0.9733333333333334
41,1722,20241116,17,16,0.9411764705882353
41,1724,20241116,14,14,1
41,1726,20241116,35,32,0.9142857142857143
41,1728,20241116,10,10,1
41,1730,20241116,8,8,1
41,1731,20241116,14,14,1
41,1998,20241116,62,62,1
43,3001,20241116,56,56,1
43,3003,20241116,43,43,1
43,3004,20241116,30,29,0.9666666666666667
43,3005,20241116,10,10,1
43,3006,20241116,14,14,1
43,3007,20241116,26,26,1
43,3008,20241116,16,14,0.875
43,3009,20241116,25,25,1
43,3011,20241116,36,35,0.9722222222222222
43,3012,20241116,51,51,1
43,3013,20241116,62,61,0.9838709677419355
43,3014,20241116,21,18,0.8571428571428571
43,3015,20241116,20,20,1
43,3017,20241116,32,32,1
43,3019,20241116,8,8,1
43,3020,20241116,18,18,1
43,3021,20241116,24,24,1
43,3022,20241116,74,73,0.9864864864864865
43,3023,20241116,34,34,1
43,3024,20241116,42,41,0.9761904761904762
43,3025,20241116,54,54,1
43,3026,20241116,52,52,1
43,3027,20241116,17,17,1
43,3028,20241116,17,15,0.8823529411764706
43,3029,20241116,18,18,1
43,3030,20241116,18,18,1
43,3033,20241116,12,12,1
43,3034,20241116,25,24,0.96
43,3037,20241116,18,18,1
43,3038,20241116,24,24,1
43,3040,20241116,37,37,1
43,3041,20241116,32,32,1
43,3101,20241116,64,59,0.921875
43,3103,20241116,42,42,1
43,3104,20241116,20,20,1
43,3105,20241116,68,64,0.9411764705882353
43,3108,20241116,64,64,1
43,3109,20241116,8,7,0.875
43,3110,20241116,6,6,1
43,3111,20241116,32,31,0.96875
43,3112,20241116,64,64,1
43,3113,20241116,65,65,1
43,3114,20241116,26,26,1
43,3118,20241116,12,12,1
43,3119,20241116,22,22,1
43,3120,20241116,12,12,1
43,3201,20241116,9,9,1
43,3203,20241116,4,4,1
43,3204,20241116,3,3,1
43,3205,20241116,6,6,1
43,3208,20241116,8,7,0.875
43,3210,20241116,8,8,1
43,3212,20241116,3,3,1
43,3213,20241116,6,6,1
43,3218,20241116,8,7,0.875
43,3220,20241116,15,15,1
43,3221,20241116,2,2,1
43,3222,20241116,12,12,1
43,3502,20241116,15,15,1
43,3503,20241116,28,26,0.9285714285714286
43,3504,20241116,30,30,1
43,3505,20241116,11,11,1
43,3506,20241116,38,38,1
43,3507,20241116,31,31,1
43,3508,20241116,53,52,0.9811320754716981
43,3509,20241116,17,17,1
43,3510,20241116,7,7,1
43,3511,20241116,8,8,1
43,3512,20241116,44,44,1
43,3513,20241116,44,44,1
43,3514,20241116,21,21,1
43,3515,20241116,30,30,1
43,3516,20241116,36,36,1
43,3517,20241116,22,22,1
43,3521,20241116,27,27,1
43,3523,20241116,3,3,1
43,3524,20241116,20,20,1
43,3525,20241116,38,38,1
43,3526,20241116,40,40,1
43,3535,20241116,4,4,1
43,3536,20241116,20,20,1
43,3541,20241116,10,10,1
43,3544,20241116,4,4,1
43,3545,20241116,9,9,1
43,3549,20241116,4,4,1
43,3620,20241116,66,65,0.9848484848484849
43,3626,20241116,16,16,1
43,3635,20241116,13,13,1
43,3642,20241116,14,14,1
43,3703,20241116,61,61,1
43,3705,20241116,30,30,1
43,3706,20241116,12,9,0.75
43,3708,20241116,12,9,0.75
43,3710,20241116,66,66,1
43,3715,20241116,14,14,1
43,3716,20241116,24,24,1
43,3717,20241116,32,32,1
43,3721,20241116,20,20,1
44,4403,20241116,34,34,1
44,4422,20241116,28,28,1
44,4440,20241116,16,16,1
44,4524,20241116,9,9,1
44,4203,20241116,23,23,1
44,4407,20241116,2,2,1
44,4001,20241116,13,13,1
44,4408,20241116,1,1,1
44,4540,20241116,7,7,1
44,4551,20241116,6,6,1
44,4434,20241116,22,22,1
44,4102,20241116,10,10,1
44,4710,20241116,17,17,1
44,4705,20241116,44,44,1
44,4463,20241116,3,3,1
44,4207,20241116,8,8,1
44,4544,20241116,4,4,1
44,4632,20241116,11,11,1
44,4464,20241116,3,3,1
44,4428,20241116,4,3,0.75
44,4204,20241116,6,6,1
44,4701,20241116,84,84,1
44,4621,20241116,12,12,1
44,4706,20241116,8,8,1
44,4439,20241116,8,8,1
44,4516,20241116,12,12,1
44,4600,20241116,54,54,1
44,4501,20241116,24,24,1
44,4730,20241116,26,26,1
44,4720,20241116,37,36,0.972972972972973
44,4107,20241116,3,3,1
44,4514,20241116,8,8,1
44,4426,20241116,46,46,1
44,4453,20241116,10,9,0.9
44,4409,20241116,12,12,1
44,4427,20241116,16,16,1
44,4612,20241116,9,9,1
44,4412,20241116,32,32,1
44,4436,20241116,28,28,1
44,4482,20241116,6,6,1
44,4504,20241116,22,22,1
44,4562,20241116,36,36,1
44,4521,20241116,8,8,1
44,4320,20241116,6,6,1
44,4602,20241116,38,38,1
44,4415,20241116,2,2,1
44,4421,20241116,21,21,1
44,4515,20241116,2,2,1
44,4702,20241116,44,44,1
44,4704,20241116,21,21,1
44,4905,20241116,2,2,1
44,4531,20241116,4,4,1
44,4401,20241116,12,12,1
44,4542,20241116,12,12,1
44,4438,20241116,18,18,1
44,4512,20241116,27,27,1
44,4513,20241116,8,8,1
44,4002,20241116,9,7,0.7777777777777778
44,4103,20241116,4,4,1
44,4725,20241116,44,44,1
44,4481,20241116,6,6,1
44,4543,20241116,3,3,1
44,4472,20241116,6,6,1
44,4707,20241116,6,6,1
44,4901,20241116,8,8,1
44,4441,20241116,28,27,0.9642857142857143
44,4715,20241116,8,8,1
44,4429,20241116,14,13,0.9285714285714286
44,4604,20241116,8,8,1
44,4404,20241116,37,36,0.972972972972973
44,4414,20241116,4,4,1
44,4106,20241116,2,2,1
42,2002,20241116,3,3,1
42,2003,20241116,18,18,1
42,2006,20241116,7,7,1
42,2008,20241116,3,2,0.6666666666666666
42,2011,20241116,17,17,1
42,2017,20241116,2,2,1
42,2021,20241116,13,13,1
42,2027,20241116,4,4,1
42,2028,20241116,4,4,1
42,2031,20241116,15,15,1
42,2034,20241116,4,4,1
42,2035,20241116,1,1,1
42,2036,20241116,9,9,1
42,2037,20241116,15,14,0.9333333333333333
42,2116,20241116,2,2,1
42,2120,20241116,4,4,1
42,2126,20241116,16,15,0.9375
42,2132,20241116,2,2,1
42,2203,20241116,24,24,1
42,2204,20241116,4,4,1
42,2205,20241116,30,30,1
42,2207,20241116,11,11,1
42,2208,20241116,8,7,0.875
42,2211,20241116,2,2,1
42,2212,20241116,19,19,1
42,2213,20241116,19,19,1
42,2219,20241116,5,5,1
42,2220,20241116,11,11,1
42,2221,20241116,20,20,1
42,2222,20241116,7,7,1
42,2224,20241116,19,19,1
42,2303,20241116,81,81,1
42,2306,20241116,17,17,1
42,2309,20241116,13,13,1
42,2310,20241116,25,24,0.96
42,2317,20241116,28,26,0.9285714285714286
42,2327,20241116,13,13,1
42,2328,20241116,35,35,1
42,2331,20241116,22,21,0.9545454545454546
42,2333,20241116,24,24,1
42,2335,20241116,14,14,1
42,2505,20241116,10,10,1
42,2513,20241116,11,11,1
42,2516,20241116,24,24,1
42,2517,20241116,20,20,1
42,2518,20241116,28,28,1
42,2523,20241116,57,56,0.9824561403508771
42,2530,20241116,7,7,1
42,2532,20241116,10,10,1
42,2533,20241116,13,13,1
42,2534,20241116,6,6,1
42,2537,20241116,34,33,0.9705882352941176
42,2538,20241116,14,14,1
42,2540,20241116,10,10,1
42,2605,20241116,24,24,1
42,2610,20241116,30,30,1
42,2611,20241116,25,25,1
42,2620,20241116,4,4,1
42,2621,20241116,16,16,1
42,2626,20241116,14,14,1
42,2701,20241116,7,7,1
42,2702,20241116,70,70,1
42,2703,20241116,31,31,1
42,2706,20241116,26,26,1
42,2708,20241116,78,77,0.9871794871794872
42,2710,20241116,38,38,1
42,2711,20241116,79,77,0.9746835443037974
42,2713,20241116,35,35,1
42,2722,20241116,38,38,1
42,2725,20241116,60,60,1
42,2727,20241116,46,46,1
42,2728,20241116,32,32,1
42,2729,20241116,34,34,1
42,2730,20241116,76,76,1
42,2733,20241116,10,10,1
42,2734,20241116,14,14,1
42,2736,20241116,36,36,1
42,2740,20241116,22,22,1
42,2741,20241116,6,6,1
42,2750,20241116,38,38,1
42,2751,20241116,9,9,1
42,2753,20241116,9,9,1
42,2754,20241116,28,28,1
42,2761,20241116,10,10,1
42,2764,20241116,72,72,1
42,2769,20241116,141,132,0.9361702127659575
42,2772,20241116,77,77,1
42,2774,20241116,13,13,1
42,2776,20241116,42,40,0.9523809523809523
42,2780,20241116,32,32,1
42,2782,20241116,12,12,1
42,2785,20241116,2,2,1
42,2790,20241116,71,71,1
42,2794,20241116,34,34,1
42,2796,20241116,34,34,1
42,2801,20241116,6,6,1
42,2802,20241116,1,1,1
42,2803,20241116,12,12,1
42,2811,20241116,2,2,1
42,2812,20241116,10,10,1
42,2817,20241116,6,6,1
42,2821,20241116,42,42,1
42,2822,20241116,69,69,1
42,2823,20241116,34,34,1
42,2832,20241116,2,2,1
42,2833,20241116,23,23,1
42,2841,20241116,13,13,1
42,2842,20241116,11,11,1
42,2905,20241116,4,4,1
42,2926,20241116,10,9,0.9
42,2927,20241116,13,13,1
41,1001,20241117,17,17,1
41,1002,20241117,8,8,1
41,1003,20241117,20,20,1
41,1005,20241117,66,66,1
41,1006,20241117,6,4,0.6666666666666666
41,1009,20241117,4,4,1
41,1011,20241117,8,8,1
41,1014,20241117,11,10,0.9090909090909091
41,1101,20241117,15,14,0.9333333333333333
41,1103,20241117,53,53,1
41,1105,20241117,24,22,0.9166666666666666
41,1106,20241117,4,4,1
41,1107,20241117,14,14,1
41,1119,20241117,26,24,0.9230769230769231
41,1120,20241117,70,66,0.9428571428571428
41,1124,20241117,13,13,1
41,1204,20241117,15,12,0.8
41,1205,20241117,27,27,1
41,1206,20241117,24,24,1
41,1209,20241117,28,28,1
41,1210,20241117,12,11,0.9166666666666666
41,1211,20241117,32,31,0.96875
41,1212,20241117,73,70,0.958904109589041
41,1213,20241117,14,14,1
41,1215,20241117,13,13,1
41,1216,20241117,12,9,0.75
41,1217,20241117,24,24,1
41,1218,20241117,56,51,0.9107142857142857
41,1219,20241117,46,41,0.8913043478260869
41,1220,20241117,13,13,1
41,1221,20241117,13,10,0.7692307692307693
41,1222,20241117,14,14,1
41,1223,20241117,34,34,1
41,1224,20241117,16,16,1
41,1226,20241117,28,28,1
41,1228,20241117,13,13,1
41,1229,20241117,24,24,1
41,1230,20241117,17,17,1
41,1232,20241117,13,12,0.9230769230769231
41,1234,20241117,14,13,0.9285714285714286
41,1235,20241117,26,26,1
41,1236,20241117,26,26,1
41,1240,20241117,14,14,1
41,1241,20241117,24,23,0.9583333333333334
41,1242,20241117,19,19,1
41,1245,20241117,28,26,0.9285714285714286
41,1247,20241117,12,12,1
41,1248,20241117,28,27,0.9642857142857143
41,1249,20241117,26,26,1
41,1250,20241117,16,16,1
41,1251,20241117,48,48,1
41,1252,20241117,39,36,0.9230769230769231
41,1253,20241117,35,32,0.9142857142857143
41,1254,20241117,27,26,0.9629629629629629
41,1255,20241117,10,10,1
41,1502,20241117,50,46,0.92
41,1504,20241117,29,29,1
41,1506,20241117,8,8,1
41,1507,20241117,19,18,0.9473684210526315
41,1508,20241117,14,14,1
41,1509,20241117,12,12,1
41,1510,20241117,30,27,0.9
41,1511,20241117,10,10,1
41,1512,20241117,14,14,1
41,1513,20241117,4,4,1
41,1514,20241117,38,33,0.868421052631579
41,1515,20241117,63,63,1
41,1516,20241117,15,15,1
41,1517,20241117,16,16,1
41,1518,20241117,52,52,1
41,1519,20241117,30,30,1
41,1520,20241117,11,11,1
41,1521,20241117,3,2,0.6666666666666666
41,1523,20241117,34,29,0.8529411764705882
41,1524,20241117,11,9,0.8181818181818182
41,1525,20241117,35,35,1
41,1527,20241117,24,24,1
41,1528,20241117,15,15,1
41,1529,20241117,15,15,1
41,1530,20241117,6,6,1
41,1601,20241117,26,24,0.9230769230769231
41,1603,20241117,15,14,0.9333333333333333
41,1604,20241117,54,54,1
41,1606,20241117,28,28,1
41,1608,20241117,26,25,0.9615384615384616
41,1610,20241117,63,63,1
41,1612,20241117,12,11,0.9166666666666666
41,1613,20241117,14,14,1
41,1614,20241117,30,30,1
41,1615,20241117,16,16,1
41,1622,20241117,36,35,0.9722222222222222
41,1623,20241117,30,30,1
41,1624,20241117,44,44,1
41,1625,20241117,37,37,1
41,1628,20241117,9,9,1
41,1629,20241117,23,23,1
41,1630,20241117,11,11,1
41,1631,20241117,21,20,0.9523809523809523
41,1632,20241117,12,12,1
41,1633,20241117,14,14,1
41,1634,20241117,12,11,0.9166666666666666
41,1635,20241117,16,16,1
41,1636,20241117,22,18,0.8181818181818182
41,1637,20241117,12,9,0.75
41,1638,20241117,31,31,1
41,1703,20241117,59,58,0.9830508474576272
41,1704,20241117,32,29,0.90625
41,1706,20241117,66,66,1
41,1707,20241117,58,55,0.9482758620689655
41,1708,20241117,7,7,1
41,1709,20241117,85,85,1
41,1710,20241117,36,35,0.9722222222222222
41,1711,20241117,23,23,1
41,1712,20241117,4,4,1
41,1713,20241117,37,37,1
41,1714,20241117,62,56,0.9032258064516129
41,1715,20241117,26,26,1
41,1716,20241117,15,15,1
41,1717,20241117,68,65,0.9558823529411765
41,1718,20241117,14,14,1
41,1719,20241117,14,14,1
41,1721,20241117,68,66,0.9705882352941176
41,1722,20241117,16,16,1
41,1724,20241117,14,14,1
41,1726,20241117,35,35,1
41,1728,20241117,10,10,1
41,1730,20241117,4,4,1
41,1731,20241117,14,14,1
41,1998,20241117,69,69,1
43,3001,20241117,56,55,0.9821428571428571
43,3003,20241117,40,40,1
43,3004,20241117,20,20,1
43,3007,20241117,24,23,0.9583333333333334
43,3008,20241117,14,14,1
43,3009,20241117,21,21,1
43,3011,20241117,30,30,1
43,3012,20241117,48,47,0.9791666666666666
43,3013,20241117,62,61,0.9838709677419355
43,3014,20241117,19,18,0.9473684210526315
43,3015,20241117,20,20,1
43,3017,20241117,20,20,1
43,3019,20241117,7,6,0.8571428571428571
43,3021,20241117,14,14,1
43,3022,20241117,74,73,0.9864864864864865
43,3023,20241117,22,17,0.7727272727272727
43,3024,20241117,24,24,1
43,3025,20241117,52,50,0.9615384615384616
43,3026,20241117,52,51,0.9807692307692307
43,3027,20241117,14,13,0.9285714285714286
43,3030,20241117,16,16,1
43,3034,20241117,23,20,0.8695652173913043
43,3038,20241117,24,22,0.9166666666666666
43,3040,20241117,37,37,1
43,3041,20241117,28,28,1
43,3101,20241117,58,58,1
43,3103,20241117,27,27,1
43,3104,20241117,20,20,1
43,3105,20241117,62,62,1
43,3108,20241117,58,58,1
43,3109,20241117,4,4,1
43,3111,20241117,32,32,1
43,3112,20241117,60,60,1
43,3113,20241117,61,59,0.9672131147540983
43,3114,20241117,26,25,0.9615384615384616
43,3118,20241117,10,10,1
43,3119,20241117,20,20,1
43,3120,20241117,4,4,1
43,3201,20241117,8,8,1
43,3203,20241117,6,6,1
43,3204,20241117,3,3,1
43,3205,20241117,6,6,1
43,3210,20241117,8,8,1
43,3212,20241117,3,3,1
43,3213,20241117,5,5,1
43,3220,20241117,15,11,0.7333333333333333
43,3221,20241117,2,2,1
43,3222,20241117,12,11,0.9166666666666666
43,3502,20241117,15,15,1
43,3503,20241117,28,28,1
43,3504,20241117,20,20,1
43,3505,20241117,11,11,1
43,3506,20241117,28,28,1
43,3507,20241117,29,29,1
43,3508,20241117,51,50,0.9803921568627451
43,3509,20241117,16,16,1
43,3510,20241117,7,7,1
43,3511,20241117,8,8,1
43,3512,20241117,40,40,1
43,3513,20241117,35,35,1
43,3514,20241117,20,20,1
43,3515,20241117,30,30,1
43,3516,20241117,26,24,0.9230769230769231
43,3517,20241117,19,19,1
43,3521,20241117,17,17,1
43,3523,20241117,3,3,1
43,3524,20241117,15,15,1
43,3525,20241117,30,29,0.9666666666666667
43,3526,20241117,20,20,1
43,3535,20241117,4,4,1
43,3536,20241117,20,20,1
43,3541,20241117,10,10,1
43,3544,20241117,4,4,1
43,3545,20241117,8,8,1
43,3549,20241117,5,5,1
43,3620,20241117,64,64,1
43,3626,20241117,12,12,1
43,3635,20241117,12,12,1
43,3642,20241117,14,14,1
43,3703,20241117,60,60,1
43,3705,20241117,20,20,1
43,3706,20241117,12,8,0.6666666666666666
43,3708,20241117,12,12,1
43,3710,20241117,64,64,1
43,3715,20241117,14,14,1
43,3716,20241117,22,22,1
43,3717,20241117,32,32,1
43,3721,20241117,20,20,1
44,4403,20241117,24,24,1
44,4422,20241117,25,25,1
44,4426,20241117,46,46,1
44,4440,20241117,16,16,1
44,4524,20241117,9,9,1
44,4203,20241117,16,16,1
44,4407,20241117,2,2,1
44,4001,20241117,8,8,1
44,4408,20241117,1,1,1
44,4540,20241117,5,5,1
44,4551,20241117,6,6,1
44,4434,20241117,22,22,1
44,4102,20241117,8,8,1
44,4710,20241117,20,20,1
44,4705,20241117,44,44,1
44,4463,20241117,3,3,1
44,4207,20241117,8,8,1
44,4544,20241117,3,3,1
44,4632,20241117,11,11,1
44,4464,20241117,3,3,1
44,4428,20241117,2,2,1
44,4204,20241117,4,4,1
44,4701,20241117,72,72,1
44,4621,20241117,4,4,1
44,4706,20241117,8,8,1
44,4439,20241117,8,8,1
44,4516,20241117,8,8,1
44,4600,20241117,53,53,1
44,4501,20241117,18,17,0.9444444444444444
44,4730,20241117,26,26,1
44,4720,20241117,37,37,1
44,4107,20241117,3,3,1
44,4514,20241117,6,6,1
44,4453,20241117,6,6,1
44,4409,20241117,8,8,1
44,4427,20241117,8,8,1
44,4612,20241117,4,4,1
44,4412,20241117,32,32,1
44,4436,20241117,28,28,1
44,4482,20241117,4,3,0.75
44,4504,20241117,17,17,1
44,4521,20241117,8,8,1
44,4320,20241117,6,6,1
44,4602,20241117,38,38,1
44,4002,20241117,4,4,1
44,4421,20241117,21,21,1
44,4702,20241117,44,44,1
44,4704,20241117,21,21,1
44,4401,20241117,8,8,1
44,4542,20241117,6,6,1
44,4605,20241117,4,4,1
44,4438,20241117,18,18,1
44,4512,20241117,21,21,1
44,4513,20241117,8,8,1
44,4725,20241117,44,44,1
44,4481,20241117,4,4,1
44,4543,20241117,3,3,1
44,4472,20241117,6,6,1
44,4707,20241117,6,6,1
44,4901,20241117,6,6,1
44,4441,20241117,28,28,1
44,4715,20241117,8,8,1
44,4429,20241117,8,8,1
44,4604,20241117,8,8,1
44,4404,20241117,37,36,0.972972972972973
44,4414,20241117,4,4,1
44,4562,20241117,36,36,1
44,4106,20241117,2,2,1
42,2002,20241117,3,3,1
42,2003,20241117,18,14,0.7777777777777778
42,2006,20241117,4,4,1
42,2008,20241117,2,1,0.5
42,2011,20241117,10,10,1
42,2021,20241117,13,11,0.8461538461538461
42,2027,20241117,4,4,1
42,2028,20241117,4,4,1
42,2036,20241117,8,8,1
42,2116,20241117,2,2,1
42,2120,20241117,4,4,1
42,2126,20241117,14,14,1
42,2132,20241117,2,2,1
42,2203,20241117,19,19,1
42,2205,20241117,5,5,1
42,2207,20241117,3,3,1
42,2208,20241117,4,4,1
42,2211,20241117,2,2,1
42,2212,20241117,18,17,0.9444444444444444
42,2213,20241117,16,16,1
42,2221,20241117,27,24,0.8888888888888888
42,2224,20241117,19,19,1
42,2303,20241117,56,56,1
42,2306,20241117,9,9,1
42,2310,20241117,10,10,1
42,2317,20241117,24,24,1
42,2327,20241117,12,12,1
42,2328,20241117,35,35,1
42,2331,20241117,10,10,1
42,2333,20241117,35,35,1
42,2335,20241117,13,13,1
42,2505,20241117,2,2,1
42,2513,20241117,8,8,1
42,2516,20241117,11,11,1
42,2517,20241117,20,20,1
42,2518,20241117,26,26,1
42,2519,20241117,4,4,1
42,2523,20241117,38,38,1
42,2533,20241117,14,14,1
42,2538,20241117,46,46,1
42,2540,20241117,8,8,1
42,2605,20241117,24,24,1
42,2610,20241117,29,29,1
42,2611,20241117,24,24,1
42,2620,20241117,5,5,1
42,2621,20241117,11,11,1
42,2626,20241117,14,14,1
42,2702,20241117,66,66,1
42,2703,20241117,28,27,0.9642857142857143
42,2706,20241117,26,26,1
42,2708,20241117,56,56,1
42,2710,20241117,34,34,1
42,2711,20241117,57,57,1
42,2713,20241117,33,33,1
42,2722,20241117,34,34,1
42,2725,20241117,52,52,1
42,2727,20241117,37,37,1
42,2728,20241117,30,30,1
42,2729,20241117,30,29,0.9666666666666667
42,2730,20241117,72,71,0.9861111111111112
42,2733,20241117,7,7,1
42,2734,20241117,10,10,1
42,2736,20241117,33,32,0.9696969696969697
42,2740,20241117,13,13,1
42,2741,20241117,4,4,1
42,2750,20241117,38,36,0.9473684210526315
42,2751,20241117,11,11,1
42,2753,20241117,9,9,1
42,2754,20241117,26,26,1
42,2761,20241117,10,10,1
42,2764,20241117,46,46,1
42,2769,20241117,140,131,0.9357142857142857
42,2772,20241117,77,76,0.987012987012987
42,2774,20241117,8,8,1
42,2776,20241117,41,41,1
42,2780,20241117,26,26,1
42,2782,20241117,12,12,1
42,2785,20241117,2,2,1
42,2790,20241117,69,69,1
42,2794,20241117,32,32,1
42,2796,20241117,18,18,1
42,2801,20241117,6,6,1
42,2803,20241117,8,8,1
42,2812,20241117,14,14,1
42,2821,20241117,41,40,0.975609756097561
42,2822,20241117,67,67,1
42,2823,20241117,30,30,1
42,2833,20241117,17,17,1
42,2841,20241117,9,9,1
42,2842,20241117,3,3,1
42,2926,20241117,8,8,1
42,2927,20241117,8,8,1
41,1001,20241118,40,40,1
41,1002,20241118,21,19,0.9047619047619048
41,1003,20241118,80,77,0.9625
41,1004,20241118,10,8,0.8
41,1005,20241118,87,87,1
41,1006,20241118,9,9,1
41,1008,20241118,23,23,1
41,1009,20241118,15,14,0.9333333333333333
41,1010,20241118,10,7,0.7
41,1011,20241118,20,19,0.95
41,1012,20241118,23,21,0.9130434782608695
41,1013,20241118,12,11,0.9166666666666666
41,1014,20241118,42,42,1
41,1015,20241118,20,18,0.9
41,1101,20241118,50,50,1
41,1103,20241118,76,75,0.9868421052631579
41,1105,20241118,13,13,1
41,1106,20241118,52,51,0.9807692307692307
41,1107,20241118,23,23,1
41,1109,20241118,10,10,1
41,1110,20241118,10,9,0.9
41,1111,20241118,18,17,0.9444444444444444
41,1113,20241118,10,10,1
41,1114,20241118,9,9,1
41,1115,20241118,26,25,0.9615384615384616
41,1117,20241118,10,10,1
41,1119,20241118,2,2,1
41,1120,20241118,99,99,1
41,1121,20241118,14,13,0.9285714285714286
41,1122,20241118,18,18,1
41,1123,20241118,59,59,1
41,1124,20241118,27,27,1
41,1125,20241118,14,12,0.8571428571428571
41,1201,20241118,10,10,1
41,1204,20241118,45,42,0.9333333333333333
41,1205,20241118,51,49,0.9607843137254902
41,1206,20241118,60,60,1
41,1208,20241118,18,18,1
41,1209,20241118,68,63,0.9264705882352942
41,1210,20241118,19,14,0.7368421052631579
41,1211,20241118,78,78,1
41,1212,20241118,111,98,0.8828828828828829
41,1213,20241118,40,40,1
41,1215,20241118,16,16,1
41,1216,20241118,25,25,1
41,1217,20241118,66,63,0.9545454545454546
41,1218,20241118,57,52,0.9122807017543859
41,1219,20241118,59,56,0.9491525423728814
41,1220,20241118,15,15,1
41,1221,20241118,26,25,0.9615384615384616
41,1222,20241118,28,28,1
41,1223,20241118,58,54,0.9310344827586207
41,1224,20241118,24,24,1
41,1225,20241118,7,7,1
41,1226,20241118,78,78,1
41,1228,20241118,26,25,0.9615384615384616
41,1229,20241118,45,44,0.9777777777777777
41,1230,20241118,42,39,0.9285714285714286
41,1231,20241118,4,4,1
41,1232,20241118,28,27,0.9642857142857143
41,1233,20241118,7,7,1
41,1234,20241118,43,40,0.9302325581395349
41,1235,20241118,46,43,0.9347826086956522
41,1236,20241118,39,35,0.8974358974358975
41,1240,20241118,29,29,1
41,1241,20241118,48,46,0.9583333333333334
41,1242,20241118,40,38,0.95
41,1244,20241118,2,2,1
41,1245,20241118,56,56,1
41,1247,20241118,21,21,1
41,1248,20241118,63,60,0.9523809523809523
41,1249,20241118,58,58,1
41,1250,20241118,21,21,1
41,1251,20241118,69,63,0.9130434782608695
41,1252,20241118,45,43,0.9555555555555556
41,1253,20241118,35,35,1
41,1254,20241118,52,52,1
41,1255,20241118,20,20,1
41,1501,20241118,20,19,0.95
41,1502,20241118,97,94,0.9690721649484536
41,1503,20241118,43,42,0.9767441860465116
41,1506,20241118,33,33,1
41,1507,20241118,42,37,0.8809523809523809
41,1508,20241118,22,22,1
41,1509,20241118,43,42,0.9767441860465116
41,1510,20241118,64,63,0.984375
41,1511,20241118,21,21,1
41,1512,20241118,26,26,1
41,1513,20241118,29,29,1
41,1514,20241118,58,58,1
41,1515,20241118,1,1,1
41,1516,20241118,32,32,1
41,1517,20241118,44,44,1
41,1518,20241118,80,78,0.975
41,1519,20241118,39,39,1
41,1520,20241118,14,13,0.9285714285714286
41,1521,20241118,6,6,1
41,1522,20241118,46,45,0.9782608695652174
41,1523,20241118,70,68,0.9714285714285714
41,1524,20241118,48,48,1
41,1525,20241118,80,78,0.975
41,1527,20241118,45,43,0.9555555555555556
41,1528,20241118,34,32,0.9411764705882353
41,1529,20241118,45,45,1
41,1530,20241118,6,6,1
41,1531,20241118,5,5,1
41,1601,20241118,85,85,1
41,1603,20241118,28,28,1
41,1604,20241118,86,85,0.9883720930232558
41,1605,20241118,12,12,1
41,1606,20241118,29,28,0.9655172413793104
41,1608,20241118,62,62,1
41,1609,20241118,6,6,1
41,1610,20241118,34,33,0.9705882352941176
41,1611,20241118,11,9,0.8181818181818182
41,1612,20241118,40,38,0.95
41,1613,20241118,32,32,1
41,1614,20241118,69,69,1
41,1615,20241118,42,42,1
41,1616,20241118,58,57,0.9827586206896551
41,1617,20241118,55,55,1
41,1622,20241118,61,59,0.9672131147540983
41,1623,20241118,47,47,1
41,1624,20241118,60,59,0.9833333333333333
41,1625,20241118,59,59,1
41,1626,20241118,24,24,1
41,1627,20241118,29,29,1
41,1628,20241118,12,12,1
41,1629,20241118,28,28,1
41,1630,20241118,14,14,1
41,1631,20241118,31,31,1
41,1632,20241118,24,23,0.9583333333333334
41,1633,20241118,41,41,1
41,1634,20241118,19,19,1
41,1635,20241118,41,39,0.9512195121951219
41,1636,20241118,39,39,1
41,1637,20241118,18,18,1
41,1638,20241118,58,56,0.9655172413793104
41,1701,20241118,26,26,1
41,1703,20241118,78,73,0.9358974358974359
41,1704,20241118,54,52,0.9629629629629629
41,1706,20241118,97,92,0.9484536082474226
41,1707,20241118,86,75,0.872093023255814
41,1708,20241118,10,8,0.8
41,1709,20241118,145,142,0.9793103448275862
41,1710,20241118,95,95,1
41,1711,20241118,66,62,0.9393939393939394
41,1712,20241118,57,55,0.9649122807017544
41,1713,20241118,55,53,0.9636363636363636
41,1714,20241118,92,91,0.9891304347826086
41,1715,20241118,98,98,1
41,1716,20241118,66,65,0.9848484848484849
41,1717,20241118,94,94,1
41,1718,20241118,24,23,0.9583333333333334
41,1719,20241118,33,33,1
41,1720,20241118,78,78,1
41,1721,20241118,96,93,0.96875
41,1722,20241118,49,49,1
41,1723,20241118,65,62,0.9538461538461539
41,1724,20241118,87,86,0.9885057471264368
41,1725,20241118,18,18,1
41,1726,20241118,48,47,0.9791666666666666
41,1728,20241118,7,7,1
41,1729,20241118,19,19,1
41,1730,20241118,13,13,1
41,1731,20241118,20,20,1
41,1733,20241118,34,33,0.9705882352941176
41,1998,20241118,50,50,1
43,3001,20241118,58,54,0.9310344827586207
43,3003,20241118,59,59,1
43,3004,20241118,53,51,0.9622641509433962
43,3005,20241118,16,10,0.625
43,3006,20241118,26,26,1
43,3007,20241118,61,61,1
43,3008,20241118,24,24,1
43,3009,20241118,54,52,0.9629629629629629
43,3011,20241118,56,52,0.9285714285714286
43,3012,20241118,76,76,1
43,3013,20241118,94,94,1
43,3014,20241118,27,27,1
43,3015,20241118,20,20,1
43,3017,20241118,64,63,0.984375
43,3018,20241118,4,3,0.75
43,3019,20241118,9,9,1
43,3020,20241118,18,9,0.5
43,3021,20241118,46,46,1
43,3022,20241118,95,95,1
43,3023,20241118,52,49,0.9423076923076923
43,3024,20241118,61,61,1
43,3025,20241118,68,68,1
43,3026,20241118,81,81,1
43,3027,20241118,51,50,0.9803921568627451
43,3028,20241118,18,16,0.8888888888888888
43,3029,20241118,18,18,1
43,3030,20241118,24,24,1
43,3033,20241118,24,24,1
43,3034,20241118,37,37,1
43,3037,20241118,18,18,1
43,3038,20241118,44,44,1
43,3040,20241118,65,65,1
43,3041,20241118,52,52,1
43,3101,20241118,103,100,0.970873786407767
43,3103,20241118,70,69,0.9857142857142858
43,3104,20241118,34,32,0.9411764705882353
43,3105,20241118,90,90,1
43,3106,20241118,21,21,1
43,3107,20241118,12,12,1
43,3108,20241118,103,103,1
43,3109,20241118,8,8,1
43,3110,20241118,15,15,1
43,3111,20241118,77,75,0.974025974025974
43,3112,20241118,82,82,1
43,3113,20241118,85,85,1
43,3114,20241118,36,35,0.9722222222222222
43,3116,20241118,49,47,0.9591836734693877
43,3118,20241118,52,49,0.9423076923076923
43,3119,20241118,45,41,0.9111111111111111
43,3120,20241118,16,16,1
43,3121,20241118,18,18,1
43,3201,20241118,13,13,1
43,3202,20241118,2,2,1
43,3203,20241118,8,8,1
43,3204,20241118,10,10,1
43,3205,20241118,6,6,1
43,3206,20241118,3,3,1
43,3207,20241118,10,10,1
43,3208,20241118,14,14,1
43,3209,20241118,8,8,1
43,3210,20241118,7,7,1
43,3211,20241118,13,12,0.9230769230769231
43,3212,20241118,9,9,1
43,3213,20241118,14,14,1
43,3214,20241118,11,11,1
43,3215,20241118,9,9,1
43,3216,20241118,10,10,1
43,3217,20241118,11,10,0.9090909090909091
43,3218,20241118,10,10,1
43,3220,20241118,20,20,1
43,3221,20241118,20,20,1
43,3222,20241118,27,23,0.8518518518518519
43,3502,20241118,1,1,1
43,3503,20241118,28,28,1
43,3504,20241118,54,54,1
43,3505,20241118,19,19,1
43,3506,20241118,68,66,0.9705882352941176
43,3507,20241118,44,43,0.9772727272727273
43,3508,20241118,76,76,1
43,3509,20241118,16,16,1
43,3510,20241118,9,9,1
43,3511,20241118,8,8,1
43,3512,20241118,60,58,0.9666666666666667
43,3513,20241118,58,58,1
43,3514,20241118,34,34,1
43,3515,20241118,54,54,1
43,3516,20241118,58,58,1
43,3517,20241118,59,59,1
43,3518,20241118,12,12,1
43,3521,20241118,68,67,0.9852941176470589
43,3523,20241118,30,30,1
43,3524,20241118,30,29,0.9666666666666667
43,3525,20241118,54,54,1
43,3526,20241118,80,76,0.95
43,3527,20241118,8,7,0.875
43,3528,20241118,10,10,1
43,3535,20241118,8,8,1
43,3536,20241118,30,30,1
43,3540,20241118,10,10,1
43,3541,20241118,21,21,1
43,3543,20241118,14,13,0.9285714285714286
43,3544,20241118,13,13,1
43,3545,20241118,17,17,1
43,3546,20241118,14,14,1
43,3547,20241118,16,14,0.875
43,3548,20241118,6,6,1
43,3549,20241118,15,14,0.9333333333333333
43,3601,20241118,42,41,0.9761904761904762
43,3605,20241118,26,26,1
43,3615,20241118,30,30,1
43,3620,20241118,95,94,0.9894736842105263
43,3625,20241118,8,8,1
43,3626,20241118,34,34,1
43,3635,20241118,21,21,1
43,3641,20241118,3,3,1
43,3642,20241118,24,24,1
43,3701,20241118,50,50,1
43,3702,20241118,43,41,0.9534883720930233
43,3703,20241118,73,70,0.958904109589041
43,3704,20241118,30,29,0.9666666666666667
43,3705,20241118,56,56,1
43,3706,20241118,12,9,0.75
43,3708,20241118,12,11,0.9166666666666666
43,3709,20241118,16,16,1
43,3710,20241118,82,81,0.9878048780487805
43,3711,20241118,26,26,1
43,3715,20241118,40,39,0.975
43,3716,20241118,47,47,1
43,3717,20241118,55,55,1
43,3720,20241118,2,2,1
43,3721,20241118,51,50,0.9803921568627451
44,4322,20241118,18,18,1
44,4422,20241118,43,42,0.9767441860465116
44,4425,20241118,2,2,1
44,4440,20241118,8,8,1
44,4525,20241118,3,3,1
44,4403,20241118,78,78,1
44,4530,20241118,9,9,1
44,4524,20241118,13,13,1
44,4426,20241118,66,60,0.9090909090909091
44,4203,20241118,43,43,1
44,4532,20241118,15,15,1
44,4406,20241118,26,26,1
44,4001,20241118,15,15,1
44,4540,20241118,19,19,1
44,4433,20241118,2,2,1
44,4434,20241118,24,23,0.9583333333333334
44,4551,20241118,21,21,1
44,4560,20241118,34,30,0.8823529411764706
44,4102,20241118,20,18,0.9
44,4620,20241118,12,10,0.8333333333333334
44,4641,20241118,17,17,1
44,4541,20241118,2,2,1
44,4710,20241118,55,55,1
44,4545,20241118,4,4,1
44,4715,20241118,8,8,1
44,4705,20241118,75,72,0.96
44,4463,20241118,9,9,1
44,4302,20241118,6,6,1
44,4207,20241118,11,9,0.8181818181818182
44,4435,20241118,12,12,1
44,4544,20241118,16,16,1
44,4632,20241118,25,25,1
44,4464,20241118,9,9,1
44,4428,20241118,24,23,0.9583333333333334
44,4204,20241118,18,16,0.8888888888888888
44,4546,20241118,5,5,1
44,4548,20241118,5,5,1
44,4431,20241118,17,17,1
44,4549,20241118,6,6,1
44,4701,20241118,129,129,1
44,4621,20241118,30,30,1
44,4310,20241118,7,7,1
44,4706,20241118,41,41,1
44,4105,20241118,7,6,0.8571428571428571
44,4202,20241118,9,9,1
44,4725,20241118,66,64,0.9696969696969697
44,4439,20241118,18,18,1
44,4516,20241118,22,21,0.9545454545454546
44,4600,20241118,100,97,0.97
44,4307,20241118,22,22,1
44,4501,20241118,46,43,0.9347826086956522
44,4720,20241118,85,82,0.9647058823529412
44,4107,20241118,6,6,1
44,4514,20241118,19,19,1
44,4453,20241118,2,2,1
44,4205,20241118,9,7,0.7777777777777778
44,4206,20241118,5,5,1
44,4409,20241118,32,30,0.9375
44,4427,20241118,27,24,0.8888888888888888
44,4612,20241118,15,15,1
44,4412,20241118,53,52,0.9811320754716981
44,4436,20241118,53,53,1
44,4482,20241118,15,15,1
44,4552,20241118,6,6,1
44,4504,20241118,48,48,1
44,4313,20241118,6,6,1
44,4521,20241118,18,18,1
44,4503,20241118,8,6,0.75
44,4320,20241118,12,12,1
44,4602,20241118,65,60,0.9230769230769231
44,4303,20241118,9,9,1
44,4308,20241118,11,11,1
44,4415,20241118,11,10,0.9090909090909091
44,4438,20241118,56,54,0.9642857142857143
44,4730,20241118,26,25,0.9615384615384616
44,4002,20241118,9,9,1
44,4430,20241118,16,13,0.8125
44,4416,20241118,5,5,1
44,4402,20241118,7,7,1
44,4421,20241118,34,33,0.9705882352941176
44,4451,20241118,7,6,0.8571428571428571
44,4515,20241118,8,8,1
44,4520,20241118,3,3,1
44,4611,20241118,21,21,1
44,4321,20241118,18,18,1
44,4905,20241118,10,10,1
44,4906,20241118,4,4,1
44,4442,20241118,6,6,1
44,4704,20241118,44,44,1
44,4902,20241118,3,3,1
44,4531,20241118,19,19,1
44,4610,20241118,4,2,0.5
44,4401,20241118,24,20,0.8333333333333334
44,4305,20241118,19,19,1
44,4542,20241118,16,16,1
44,4311,20241118,6,5,0.8333333333333334
44,4512,20241118,63,61,0.9682539682539683
44,4513,20241118,9,8,0.8888888888888888
44,4104,20241118,8,7,0.875
44,4103,20241118,15,15,1
44,4481,20241118,15,15,1
44,4312,20241118,18,18,1
44,4437,20241118,36,34,0.9444444444444444
44,4543,20241118,16,16,1
44,4472,20241118,6,6,1
44,4550,20241118,6,6,1
44,4707,20241118,22,21,0.9545454545454546
44,4901,20241118,11,11,1
44,4467,20241118,1,1,1
44,4468,20241118,2,2,1
44,4432,20241118,24,24,1
44,4441,20241118,53,53,1
44,4407,20241118,5,5,1
44,4562,20241118,72,72,1
44,4443,20241118,12,12,1
44,4465,20241118,2,2,1
44,4466,20241118,1,1,1
44,4304,20241118,10,9,0.9
44,4419,20241118,2,2,1
44,4420,20241118,19,19,1
44,4417,20241118,4,4,1
44,4410,20241118,27,27,1
44,4429,20241118,18,16,0.8888888888888888
44,4208,20241118,4,4,1
44,4424,20241118,1,1,1
44,4604,20241118,26,24,0.9230769230769231
44,4517,20241118,2,2,1
44,4702,20241118,96,94,0.9791666666666666
44,4522,20241118,2,2,1
44,4523,20241118,2,2,1
44,4101,20241118,6,6,1
44,4404,20241118,38,37,0.9736842105263158
44,4711,20241118,3,3,1
44,4414,20241118,4,4,1
44,4301,20241118,5,5,1
44,4452,20241118,5,5,1
44,4106,20241118,5,5,1
44,4211,20241118,3,3,1
44,4212,20241118,3,3,1
42,2002,20241118,4,4,1
42,2003,20241118,23,22,0.9565217391304348
42,2004,20241118,14,12,0.8571428571428571
42,2006,20241118,30,30,1
42,2008,20241118,14,14,1
42,2011,20241118,20,20,1
42,2013,20241118,2,2,1
42,2014,20241118,6,5,0.8333333333333334
42,2015,20241118,2,1,0.5
42,2016,20241118,16,16,1
42,2017,20241118,4,4,1
42,2020,20241118,21,21,1
42,2026,20241118,30,30,1
42,2027,20241118,10,10,1
42,2028,20241118,9,9,1
42,2029,20241118,41,40,0.975609756097561
42,2030,20241118,38,37,0.9736842105263158
42,2031,20241118,35,35,1
42,2032,20241118,18,18,1
42,2034,20241118,20,20,1
42,2035,20241118,17,17,1
42,2036,20241118,8,8,1
42,2037,20241118,16,15,0.9375
42,2038,20241118,9,9,1
42,2039,20241118,29,29,1
42,2101,20241118,2,2,1
42,2102,20241118,2,2,1
42,2103,20241118,13,13,1
42,2106,20241118,13,13,1
42,2107,20241118,3,3,1
42,2108,20241118,5,5,1
42,2109,20241118,3,3,1
42,2110,20241118,5,4,0.8
42,2111,20241118,2,2,1
42,2112,20241118,2,2,1
42,2113,20241118,2,2,1
42,2114,20241118,2,2,1
42,2115,20241118,2,2,1
42,2116,20241118,2,2,1
42,2117,20241118,17,17,1
42,2118,20241118,7,7,1
42,2119,20241118,4,4,1
42,2120,20241118,8,8,1
42,2121,20241118,4,4,1
42,2122,20241118,1,1,1
42,2124,20241118,6,6,1
42,2125,20241118,10,10,1
42,2126,20241118,32,31,0.96875
42,2127,20241118,1,1,1
42,2128,20241118,3,3,1
42,2129,20241118,1,1,1
42,2130,20241118,2,2,1
42,2131,20241118,1,1,1
42,2132,20241118,2,2,1
42,2133,20241118,10,10,1
42,2134,20241118,4,3,0.75
42,2135,20241118,11,9,0.8181818181818182
42,2136,20241118,10,10,1
42,2137,20241118,2,2,1
42,2138,20241118,2,2,1
42,2139,20241118,2,2,1
42,2140,20241118,2,2,1
42,2141,20241118,12,11,0.9166666666666666
42,2142,20241118,12,12,1
42,2144,20241118,4,4,1
42,2145,20241118,2,2,1
42,2146,20241118,7,7,1
42,2147,20241118,2,2,1
42,2148,20241118,2,2,1
42,2149,20241118,2,2,1
42,2150,20241118,2,2,1
42,2151,20241118,8,8,1
42,2152,20241118,6,6,1
42,2201,20241118,7,7,1
42,2202,20241118,47,46,0.9787234042553191
42,2203,20241118,27,27,1
42,2204,20241118,12,10,0.8333333333333334
42,2205,20241118,4,4,1
42,2206,20241118,40,38,0.95
42,2207,20241118,50,46,0.92
42,2208,20241118,15,15,1
42,2209,20241118,37,37,1
42,2210,20241118,14,14,1
42,2211,20241118,5,5,1
42,2212,20241118,37,34,0.918918918918919
42,2213,20241118,7,7,1
42,2215,20241118,64,63,0.984375
42,2216,20241118,32,32,1
42,2217,20241118,20,20,1
42,2218,20241118,34,34,1
42,2219,20241118,37,36,0.972972972972973
42,2220,20241118,20,19,0.95
42,2221,20241118,5,5,1
42,2222,20241118,26,25,0.9615384615384616
42,2223,20241118,40,40,1
42,2224,20241118,23,23,1
42,2225,20241118,18,18,1
42,2303,20241118,165,165,1
42,2304,20241118,4,4,1
42,2306,20241118,35,35,1
42,2307,20241118,28,28,1
42,2309,20241118,38,38,1
42,2310,20241118,38,38,1
42,2315,20241118,9,9,1
42,2316,20241118,3,2,0.6666666666666666
42,2317,20241118,44,43,0.9772727272727273
42,2318,20241118,34,34,1
42,2319,20241118,4,4,1
42,2325,20241118,19,19,1
42,2327,20241118,37,36,0.972972972972973
42,2328,20241118,56,55,0.9821428571428571
42,2329,20241118,12,12,1
42,2331,20241118,60,60,1
42,2333,20241118,61,58,0.9508196721311475
42,2335,20241118,35,34,0.9714285714285714
42,2336,20241118,34,34,1
42,2337,20241118,30,30,1
42,2502,20241118,6,6,1
42,2504,20241118,6,6,1
42,2505,20241118,14,14,1
42,2506,20241118,6,6,1
42,2511,20241118,19,17,0.8947368421052632
42,2513,20241118,18,17,0.9444444444444444
42,2515,20241118,51,49,0.9607843137254902
42,2516,20241118,9,9,1
42,2517,20241118,4,4,1
42,2518,20241118,30,30,1
42,2519,20241118,1,1,1
42,2521,20241118,1,1,1
42,2522,20241118,58,57,0.9827586206896551
42,2523,20241118,20,20,1
42,2524,20241118,29,29,1
42,2525,20241118,21,21,1
42,2530,20241118,23,23,1
42,2532,20241118,46,46,1
42,2533,20241118,23,23,1
42,2534,20241118,12,12,1
42,2535,20241118,6,6,1
42,2536,20241118,21,21,1
42,2537,20241118,48,48,1
42,2538,20241118,12,12,1
42,2539,20241118,17,16,0.9411764705882353
42,2540,20241118,16,16,1
42,2601,20241118,61,59,0.9672131147540983
42,2605,20241118,50,49,0.98
42,2610,20241118,27,26,0.9629629629629629
42,2611,20241118,18,17,0.9444444444444444
42,2620,20241118,11,10,0.9090909090909091
42,2621,20241118,7,7,1
42,2625,20241118,4,4,1
42,2626,20241118,24,24,1
42,2627,20241118,8,8,1
42,2630,20241118,21,21,1
42,2632,20241118,52,51,0.9807692307692307
42,2701,20241118,33,33,1
42,2703,20241118,48,44,0.9166666666666666
42,2706,20241118,115,114,0.991304347826087
42,2708,20241118,114,114,1
42,2709,20241118,8,7,0.875
42,2711,20241118,124,121,0.9758064516129032
42,2713,20241118,57,53,0.9298245614035088
42,2714,20241118,22,19,0.8636363636363636
42,2715,20241118,16,15,0.9375
42,2716,20241118,8,7,0.875
42,2717,20241118,24,24,1
42,2718,20241118,23,22,0.9565217391304348
42,2719,20241118,28,28,1
42,2720,20241118,34,34,1
42,2722,20241118,70,61,0.8714285714285714
42,2723,20241118,13,13,1
42,2724,20241118,11,11,1
42,2725,20241118,103,102,0.9902912621359223
42,2726,20241118,10,10,1
42,2727,20241118,76,74,0.9736842105263158
42,2728,20241118,68,67,0.9852941176470589
42,2729,20241118,75,74,0.9866666666666667
42,2730,20241118,84,84,1
42,2731,20241118,32,32,1
42,2733,20241118,22,21,0.9545454545454546
42,2734,20241118,23,23,1
42,2735,20241118,23,23,1
42,2736,20241118,59,55,0.9322033898305084
42,2740,20241118,39,39,1
42,2741,20241118,4,4,1
42,2742,20241118,2,2,1
42,2743,20241118,2,2,1
42,2744,20241118,11,11,1
42,2745,20241118,2,2,1
42,2746,20241118,9,9,1
42,2750,20241118,38,38,1
42,2751,20241118,16,16,1
42,2752,20241118,2,2,1
42,2753,20241118,9,9,1
42,2754,20241118,41,38,0.926829268292683
42,2755,20241118,7,7,1
42,2756,20241118,5,5,1
42,2758,20241118,7,6,0.8571428571428571
42,2761,20241118,29,27,0.9310344827586207
42,2762,20241118,30,30,1
42,2764,20241118,77,76,0.987012987012987
42,2765,20241118,11,10,0.9090909090909091
42,2768,20241118,2,2,1
42,2769,20241118,176,167,0.9488636363636364
42,2772,20241118,105,98,0.9333333333333333
42,2774,20241118,37,35,0.9459459459459459
42,2776,20241118,64,63,0.984375
42,2780,20241118,11,11,1
42,2781,20241118,65,65,1
42,2785,20241118,14,14,1
42,2790,20241118,95,95,1
42,2791,20241118,32,32,1
42,2792,20241118,30,30,1
42,2794,20241118,81,80,0.9876543209876543
42,2795,20241118,65,63,0.9692307692307692
42,2796,20241118,40,40,1
42,2797,20241118,68,68,1
42,2801,20241118,38,38,1
42,2802,20241118,20,20,1
42,2803,20241118,31,29,0.9354838709677419
42,2804,20241118,39,38,0.9743589743589743
42,2805,20241118,13,13,1
42,2806,20241118,2,2,1
42,2807,20241118,4,4,1
42,2810,20241118,4,4,1
42,2811,20241118,15,15,1
42,2812,20241118,95,93,0.9789473684210527
42,2813,20241118,2,2,1
42,2814,20241118,41,40,0.975609756097561
42,2816,20241118,4,4,1
42,2818,20241118,2,2,1
42,2819,20241118,4,4,1
42,2820,20241118,4,4,1
42,2821,20241118,32,32,1
42,2822,20241118,14,14,1
42,2823,20241118,69,69,1
42,2824,20241118,83,80,0.963855421686747
42,2830,20241118,2,2,1
42,2831,20241118,79,66,0.8354430379746836
42,2833,20241118,7,7,1
42,2841,20241118,27,27,1
42,2842,20241118,11,11,1
42,2900,20241118,1,1,1
42,2901,20241118,8,8,1
42,2905,20241118,6,6,1
42,2906,20241118,6,5,0.8333333333333334
42,2908,20241118,4,4,1
42,2910,20241118,3,3,1
42,2911,20241118,5,5,1
42,2913,20241118,4,4,1
42,2914,20241118,2,2,1
42,2915,20241118,1,1,1
42,2920,20241118,6,5,0.8333333333333334
42,2921,20241118,28,28,1
42,2926,20241118,9,9,1
42,2927,20241118,24,24,1
42,2928,20241118,9,8,0.8888888888888888
42,2710,20241118,71,68,0.9577464788732394